{
  "_comment": "code automatically generated by pycrate_asn1c",
  "nodes": [
    {"id": "PKIX1Explicit88.id-pkix", "group": 2},
    {"id": "PKIX1Explicit88.id-pe", "group": 2},
    {"id": "PKIX1Explicit88.id-qt", "group": 2},
    {"id": "PKIX1Explicit88.id-kp", "group": 2},
    {"id": "PKIX1Explicit88.id-ad", "group": 2},
    {"id": "PKIX1Explicit88.id-qt-cps", "group": 2},
    {"id": "PKIX1Explicit88.id-qt-unotice", "group": 2},
    {"id": "PKIX1Explicit88.id-ad-ocsp", "group": 2},
    {"id": "PKIX1Explicit88.id-ad-caIssuers", "group": 2},
    {"id": "PKIX1Explicit88.id-ad-timeStamping", "group": 2},
    {"id": "PKIX1Explicit88.id-ad-caRepository", "group": 2},
    {"id": "PKIX1Explicit88.Attribute", "group": 2},
    {"id": "PKIX1Explicit88.AttributeType", "group": 2},
    {"id": "PKIX1Explicit88.AttributeValue", "group": 2},
    {"id": "PKIX1Explicit88.AttributeTypeAndValue", "group": 2},
    {"id": "PKIX1Explicit88.id-at", "group": 2},
    {"id": "PKIX1Explicit88.id-at-name", "group": 2},
    {"id": "PKIX1Explicit88.id-at-surname", "group": 2},
    {"id": "PKIX1Explicit88.id-at-givenName", "group": 2},
    {"id": "PKIX1Explicit88.id-at-initials", "group": 2},
    {"id": "PKIX1Explicit88.id-at-generationQualifier", "group": 2},
    {"id": "PKIX1Explicit88.id-at-commonName", "group": 2},
    {"id": "PKIX1Explicit88.id-at-localityName", "group": 2},
    {"id": "PKIX1Explicit88.id-at-stateOrProvinceName", "group": 2},
    {"id": "PKIX1Explicit88.id-at-organizationName", "group": 2},
    {"id": "PKIX1Explicit88.id-at-organizationalUnitName", "group": 2},
    {"id": "PKIX1Explicit88.id-at-title", "group": 2},
    {"id": "PKIX1Explicit88.id-at-dnQualifier", "group": 2},
    {"id": "PKIX1Explicit88.X520dnQualifier", "group": 2},
    {"id": "PKIX1Explicit88.id-at-countryName", "group": 2},
    {"id": "PKIX1Explicit88.X520countryName", "group": 2},
    {"id": "PKIX1Explicit88.id-at-serialNumber", "group": 2},
    {"id": "PKIX1Explicit88.id-at-pseudonym", "group": 2},
    {"id": "PKIX1Explicit88.id-domainComponent", "group": 2},
    {"id": "PKIX1Explicit88.DomainComponent", "group": 2},
    {"id": "PKIX1Explicit88.pkcs-9", "group": 2},
    {"id": "PKIX1Explicit88.id-emailAddress", "group": 2},
    {"id": "PKIX1Explicit88.Name", "group": 2},
    {"id": "PKIX1Explicit88.RDNSequence", "group": 2},
    {"id": "PKIX1Explicit88.DistinguishedName", "group": 2},
    {"id": "PKIX1Explicit88.RelativeDistinguishedName", "group": 2},
    {"id": "PKIX1Explicit88.DirectoryString", "group": 2},
    {"id": "PKIX1Explicit88.Certificate", "group": 2},
    {"id": "PKIX1Explicit88.Version", "group": 2},
    {"id": "PKIX1Explicit88.CertificateSerialNumber", "group": 2},
    {"id": "PKIX1Explicit88.Validity", "group": 2},
    {"id": "PKIX1Explicit88.Time", "group": 2},
    {"id": "PKIX1Explicit88.UniqueIdentifier", "group": 2},
    {"id": "PKIX1Explicit88.SubjectPublicKeyInfo", "group": 2},
    {"id": "PKIX1Explicit88.Extensions", "group": 2},
    {"id": "PKIX1Explicit88.Extension", "group": 2},
    {"id": "PKIX1Explicit88.CertificateList", "group": 2},
    {"id": "PKIX1Explicit88.TBSCertList", "group": 2},
    {"id": "PKIX1Explicit88.AlgorithmIdentifier", "group": 2},
    {"id": "PKIX1Explicit88.ORAddress", "group": 2},
    {"id": "PKIX1Explicit88.NetworkAddress", "group": 2},
    {"id": "PKIX1Explicit88.common-name", "group": 2},
    {"id": "PKIX1Explicit88.teletex-common-name", "group": 2},
    {"id": "PKIX1Explicit88.teletex-organization-name", "group": 2},
    {"id": "PKIX1Explicit88.teletex-personal-name", "group": 2},
    {"id": "PKIX1Explicit88.teletex-organizational-unit-names", "group": 2},
    {"id": "PKIX1Explicit88.pds-name", "group": 2},
    {"id": "PKIX1Explicit88.physical-delivery-country-name", "group": 2},
    {"id": "PKIX1Explicit88.postal-code", "group": 2},
    {"id": "PKIX1Explicit88.physical-delivery-office-name", "group": 2},
    {"id": "PKIX1Explicit88.PhysicalDeliveryOfficeName", "group": 2},
    {"id": "PKIX1Explicit88.physical-delivery-office-number", "group": 2},
    {"id": "PKIX1Explicit88.PhysicalDeliveryOfficeNumber", "group": 2},
    {"id": "PKIX1Explicit88.extension-OR-address-components", "group": 2},
    {"id": "PKIX1Explicit88.ExtensionORAddressComponents", "group": 2},
    {"id": "PKIX1Explicit88.physical-delivery-personal-name", "group": 2},
    {"id": "PKIX1Explicit88.PhysicalDeliveryPersonalName", "group": 2},
    {"id": "PKIX1Explicit88.physical-delivery-organization-name", "group": 2},
    {"id": "PKIX1Explicit88.PhysicalDeliveryOrganizationName", "group": 2},
    {"id": "PKIX1Explicit88.extension-physical-delivery-address-components", "group": 2},
    {"id": "PKIX1Explicit88.ExtensionPhysicalDeliveryAddressComponents", "group": 2},
    {"id": "PKIX1Explicit88.unformatted-postal-address", "group": 2},
    {"id": "PKIX1Explicit88.street-address", "group": 2},
    {"id": "PKIX1Explicit88.StreetAddress", "group": 2},
    {"id": "PKIX1Explicit88.post-office-box-address", "group": 2},
    {"id": "PKIX1Explicit88.PostOfficeBoxAddress", "group": 2},
    {"id": "PKIX1Explicit88.poste-restante-address", "group": 2},
    {"id": "PKIX1Explicit88.PosteRestanteAddress", "group": 2},
    {"id": "PKIX1Explicit88.unique-postal-name", "group": 2},
    {"id": "PKIX1Explicit88.UniquePostalName", "group": 2},
    {"id": "PKIX1Explicit88.local-postal-attributes", "group": 2},
    {"id": "PKIX1Explicit88.LocalPostalAttributes", "group": 2},
    {"id": "PKIX1Explicit88.extended-network-address", "group": 2},
    {"id": "PKIX1Explicit88.PresentationAddress", "group": 2},
    {"id": "PKIX1Explicit88.terminal-type", "group": 2},
    {"id": "PKIX1Explicit88.teletex-domain-defined-attributes", "group": 2},
    {"id": "PKIX1Explicit88.ub-name", "group": 2},
    {"id": "PKIX1Explicit88.ub-common-name", "group": 2},
    {"id": "PKIX1Explicit88.ub-locality-name", "group": 2},
    {"id": "PKIX1Explicit88.ub-state-name", "group": 2},
    {"id": "PKIX1Explicit88.ub-organization-name", "group": 2},
    {"id": "PKIX1Explicit88.ub-organizational-unit-name", "group": 2},
    {"id": "PKIX1Explicit88.ub-title", "group": 2},
    {"id": "PKIX1Explicit88.ub-serial-number", "group": 2},
    {"id": "PKIX1Explicit88.ub-match", "group": 2},
    {"id": "PKIX1Explicit88.ub-emailaddress-length", "group": 2},
    {"id": "PKIX1Explicit88.ub-common-name-length", "group": 2},
    {"id": "PKIX1Explicit88.ub-country-name-alpha-length", "group": 2},
    {"id": "PKIX1Explicit88.ub-country-name-numeric-length", "group": 2},
    {"id": "PKIX1Explicit88.ub-domain-defined-attributes", "group": 2},
    {"id": "PKIX1Explicit88.ub-domain-defined-attribute-type-length", "group": 2},
    {"id": "PKIX1Explicit88.ub-domain-defined-attribute-value-length", "group": 2},
    {"id": "PKIX1Explicit88.ub-domain-name-length", "group": 2},
    {"id": "PKIX1Explicit88.ub-extension-attributes", "group": 2},
    {"id": "PKIX1Explicit88.ub-e163-4-number-length", "group": 2},
    {"id": "PKIX1Explicit88.ub-e163-4-sub-address-length", "group": 2},
    {"id": "PKIX1Explicit88.ub-generation-qualifier-length", "group": 2},
    {"id": "PKIX1Explicit88.ub-given-name-length", "group": 2},
    {"id": "PKIX1Explicit88.ub-initials-length", "group": 2},
    {"id": "PKIX1Explicit88.ub-integer-options", "group": 2},
    {"id": "PKIX1Explicit88.ub-numeric-user-id-length", "group": 2},
    {"id": "PKIX1Explicit88.ub-organization-name-length", "group": 2},
    {"id": "PKIX1Explicit88.ub-organizational-unit-name-length", "group": 2},
    {"id": "PKIX1Explicit88.ub-organizational-units", "group": 2},
    {"id": "PKIX1Explicit88.ub-pds-name-length", "group": 2},
    {"id": "PKIX1Explicit88.ub-pds-parameter-length", "group": 2},
    {"id": "PKIX1Explicit88.ub-pds-physical-address-lines", "group": 2},
    {"id": "PKIX1Explicit88.ub-postal-code-length", "group": 2},
    {"id": "PKIX1Explicit88.ub-pseudonym", "group": 2},
    {"id": "PKIX1Explicit88.ub-surname-length", "group": 2},
    {"id": "PKIX1Explicit88.ub-terminal-id-length", "group": 2},
    {"id": "PKIX1Explicit88.ub-unformatted-address-length", "group": 2},
    {"id": "PKIX1Explicit88.ub-x121-address-length", "group": 2},
    {"id": "CMSAesRsaesOaep.aes", "group": 3},
    {"id": "CMSAesRsaesOaep.id-aes128-CBC", "group": 3},
    {"id": "CMSAesRsaesOaep.id-aes192-CBC", "group": 3},
    {"id": "CMSAesRsaesOaep.id-aes256-CBC", "group": 3},
    {"id": "CMSAesRsaesOaep.AES-IV", "group": 3},
    {"id": "CMSAesRsaesOaep.id-aes128-wrap", "group": 3},
    {"id": "CMSAesRsaesOaep.id-aes192-wrap", "group": 3},
    {"id": "CMSAesRsaesOaep.id-aes256-wrap", "group": 3},
    {"id": "PKIX1Explicit88.X520name", "group": 2},
    {"id": "PKIX1Explicit88.X520CommonName", "group": 2},
    {"id": "PKIX1Explicit88.X520LocalityName", "group": 2},
    {"id": "PKIX1Explicit88.X520StateOrProvinceName", "group": 2},
    {"id": "PKIX1Explicit88.X520OrganizationName", "group": 2},
    {"id": "PKIX1Explicit88.X520OrganizationalUnitName", "group": 2},
    {"id": "PKIX1Explicit88.X520Title", "group": 2},
    {"id": "PKIX1Explicit88.X520SerialNumber", "group": 2},
    {"id": "PKIX1Explicit88.X520Pseudonym", "group": 2},
    {"id": "PKIX1Explicit88.EmailAddress", "group": 2},
    {"id": "PKIX1Explicit88.TBSCertificate", "group": 2},
    {"id": "PKIX1Explicit88.BuiltInStandardAttributes", "group": 2},
    {"id": "PKIX1Explicit88.CountryName", "group": 2},
    {"id": "PKIX1Explicit88.AdministrationDomainName", "group": 2},
    {"id": "PKIX1Explicit88.X121Address", "group": 2},
    {"id": "PKIX1Explicit88.TerminalIdentifier", "group": 2},
    {"id": "PKIX1Explicit88.PrivateDomainName", "group": 2},
    {"id": "PKIX1Explicit88.OrganizationName", "group": 2},
    {"id": "PKIX1Explicit88.NumericUserIdentifier", "group": 2},
    {"id": "PKIX1Explicit88.PersonalName", "group": 2},
    {"id": "PKIX1Explicit88.OrganizationalUnitNames", "group": 2},
    {"id": "PKIX1Explicit88.OrganizationalUnitName", "group": 2},
    {"id": "PKIX1Explicit88.BuiltInDomainDefinedAttributes", "group": 2},
    {"id": "PKIX1Explicit88.BuiltInDomainDefinedAttribute", "group": 2},
    {"id": "PKIX1Explicit88.ExtensionAttributes", "group": 2},
    {"id": "PKIX1Explicit88.ExtensionAttribute", "group": 2},
    {"id": "PKIX1Explicit88.CommonName", "group": 2},
    {"id": "PKIX1Explicit88.TeletexCommonName", "group": 2},
    {"id": "PKIX1Explicit88.TeletexOrganizationName", "group": 2},
    {"id": "PKIX1Explicit88.TeletexPersonalName", "group": 2},
    {"id": "PKIX1Explicit88.TeletexOrganizationalUnitNames", "group": 2},
    {"id": "PKIX1Explicit88.TeletexOrganizationalUnitName", "group": 2},
    {"id": "PKIX1Explicit88.PDSName", "group": 2},
    {"id": "PKIX1Explicit88.PhysicalDeliveryCountryName", "group": 2},
    {"id": "PKIX1Explicit88.PostalCode", "group": 2},
    {"id": "PKIX1Explicit88.UnformattedPostalAddress", "group": 2},
    {"id": "PKIX1Explicit88.PDSParameter", "group": 2},
    {"id": "PKIX1Explicit88.ExtendedNetworkAddress", "group": 2},
    {"id": "PKIX1Explicit88.TerminalType", "group": 2},
    {"id": "PKIX1Explicit88.TeletexDomainDefinedAttributes", "group": 2}
  ],
  "links": [
    {"source": "PKIX1Explicit88.AdministrationDomainName", "target": "PKIX1Explicit88.ub-domain-name-length", "value": 1},
    {"source": "PKIX1Explicit88.id-at-countryName", "target": "PKIX1Explicit88.AttributeType", "value": 1},
    {"source": "PKIX1Explicit88.id-at-countryName", "target": "PKIX1Explicit88.id-at", "value": 1},
    {"source": "PKIX1Explicit88.PhysicalDeliveryOfficeNumber", "target": "PKIX1Explicit88.PDSParameter", "value": 1},
    {"source": "PKIX1Explicit88.id-at-commonName", "target": "PKIX1Explicit88.AttributeType", "value": 1},
    {"source": "PKIX1Explicit88.id-at-commonName", "target": "PKIX1Explicit88.id-at", "value": 1},
    {"source": "CMSAesRsaesOaep.id-aes256-wrap", "target": "CMSAesRsaesOaep.aes", "value": 1},
    {"source": "PKIX1Explicit88.id-qt-cps", "target": "PKIX1Explicit88.id-qt", "value": 1},
    {"source": "PKIX1Explicit88.id-ad-caIssuers", "target": "PKIX1Explicit88.id-ad", "value": 1},
    {"source": "PKIX1Explicit88.PersonalName", "target": "PKIX1Explicit88.ub-initials-length", "value": 1},
    {"source": "PKIX1Explicit88.PersonalName", "target": "PKIX1Explicit88.ub-given-name-length", "value": 1},
    {"source": "PKIX1Explicit88.PersonalName", "target": "PKIX1Explicit88.ub-generation-qualifier-length", "value": 1},
    {"source": "PKIX1Explicit88.PersonalName", "target": "PKIX1Explicit88.ub-surname-length", "value": 1},
    {"source": "PKIX1Explicit88.X520OrganizationName", "target": "PKIX1Explicit88.ub-organization-name", "value": 1},
    {"source": "PKIX1Explicit88.PDSName", "target": "PKIX1Explicit88.ub-pds-name-length", "value": 1},
    {"source": "PKIX1Explicit88.id-at-pseudonym", "target": "PKIX1Explicit88.AttributeType", "value": 1},
    {"source": "PKIX1Explicit88.id-at-pseudonym", "target": "PKIX1Explicit88.id-at", "value": 1},
    {"source": "PKIX1Explicit88.PhysicalDeliveryCountryName", "target": "PKIX1Explicit88.ub-country-name-alpha-length", "value": 1},
    {"source": "PKIX1Explicit88.PhysicalDeliveryCountryName", "target": "PKIX1Explicit88.ub-country-name-numeric-length", "value": 1},
    {"source": "PKIX1Explicit88.PostalCode", "target": "PKIX1Explicit88.ub-postal-code-length", "value": 1},
    {"source": "PKIX1Explicit88.id-domainComponent", "target": "PKIX1Explicit88.AttributeType", "value": 1},
    {"source": "PKIX1Explicit88.X520SerialNumber", "target": "PKIX1Explicit88.ub-serial-number", "value": 1},
    {"source": "PKIX1Explicit88.TeletexDomainDefinedAttributes", "target": "PKIX1Explicit88.ub-domain-defined-attributes", "value": 1},
    {"source": "PKIX1Explicit88.TeletexDomainDefinedAttributes", "target": "PKIX1Explicit88.TeletexDomainDefinedAttribute", "value": 1},
    {"source": "PKIX1Explicit88.id-at-initials", "target": "PKIX1Explicit88.AttributeType", "value": 1},
    {"source": "PKIX1Explicit88.id-at-initials", "target": "PKIX1Explicit88.id-at", "value": 1},
    {"source": "PKIX1Explicit88.TeletexOrganizationalUnitNames", "target": "PKIX1Explicit88.ub-organizational-units", "value": 1},
    {"source": "PKIX1Explicit88.TeletexOrganizationalUnitNames", "target": "PKIX1Explicit88.TeletexOrganizationalUnitName", "value": 1},
    {"source": "PKIX1Explicit88.X520Pseudonym", "target": "PKIX1Explicit88.ub-pseudonym", "value": 1},
    {"source": "PKIX1Explicit88.OrganizationalUnitNames", "target": "PKIX1Explicit88.ub-organizational-units", "value": 1},
    {"source": "PKIX1Explicit88.OrganizationalUnitNames", "target": "PKIX1Explicit88.OrganizationalUnitName", "value": 1},
    {"source": "PKIX1Explicit88.id-at-givenName", "target": "PKIX1Explicit88.AttributeType", "value": 1},
    {"source": "PKIX1Explicit88.id-at-givenName", "target": "PKIX1Explicit88.id-at", "value": 1},
    {"source": "PKIX1Explicit88.Validity", "target": "PKIX1Explicit88.Time", "value": 1},
    {"source": "PKIX1Explicit88.id-ad-caRepository", "target": "PKIX1Explicit88.id-ad", "value": 1},
    {"source": "PKIX1Explicit88.NumericUserIdentifier", "target": "PKIX1Explicit88.ub-numeric-user-id-length", "value": 1},
    {"source": "PKIX1Explicit88.id-at-name", "target": "PKIX1Explicit88.AttributeType", "value": 1},
    {"source": "PKIX1Explicit88.id-at-name", "target": "PKIX1Explicit88.id-at", "value": 1},
    {"source": "PKIX1Explicit88.id-at-generationQualifier", "target": "PKIX1Explicit88.AttributeType", "value": 1},
    {"source": "PKIX1Explicit88.id-at-generationQualifier", "target": "PKIX1Explicit88.id-at", "value": 1},
    {"source": "CMSAesRsaesOaep.id-aes128-CBC", "target": "CMSAesRsaesOaep.aes", "value": 1},
    {"source": "PKIX1Explicit88.LocalPostalAttributes", "target": "PKIX1Explicit88.PDSParameter", "value": 1},
    {"source": "PKIX1Explicit88.TeletexPersonalName", "target": "PKIX1Explicit88.ub-initials-length", "value": 1},
    {"source": "PKIX1Explicit88.TeletexPersonalName", "target": "PKIX1Explicit88.ub-given-name-length", "value": 1},
    {"source": "PKIX1Explicit88.TeletexPersonalName", "target": "PKIX1Explicit88.ub-generation-qualifier-length", "value": 1},
    {"source": "PKIX1Explicit88.TeletexPersonalName", "target": "PKIX1Explicit88.ub-surname-length", "value": 1},
    {"source": "PKIX1Explicit88.PhysicalDeliveryOrganizationName", "target": "PKIX1Explicit88.PDSParameter", "value": 1},
    {"source": "PKIX1Explicit88.RDNSequence", "target": "PKIX1Explicit88.RelativeDistinguishedName", "value": 1},
    {"source": "PKIX1Explicit88.id-kp", "target": "PKIX1Explicit88.id-pkix", "value": 1},
    {"source": "PKIX1Explicit88.X121Address", "target": "PKIX1Explicit88.ub-x121-address-length", "value": 1},
    {"source": "PKIX1Explicit88.id-at-dnQualifier", "target": "PKIX1Explicit88.AttributeType", "value": 1},
    {"source": "PKIX1Explicit88.id-at-dnQualifier", "target": "PKIX1Explicit88.id-at", "value": 1},
    {"source": "PKIX1Explicit88.BuiltInDomainDefinedAttribute", "target": "PKIX1Explicit88.ub-domain-defined-attribute-value-length", "value": 1},
    {"source": "PKIX1Explicit88.BuiltInDomainDefinedAttribute", "target": "PKIX1Explicit88.ub-domain-defined-attribute-type-length", "value": 1},
    {"source": "PKIX1Explicit88.StreetAddress", "target": "PKIX1Explicit88.PDSParameter", "value": 1},
    {"source": "PKIX1Explicit88.TBSCertificate", "target": "PKIX1Explicit88.AlgorithmIdentifier", "value": 1},
    {"source": "PKIX1Explicit88.TBSCertificate", "target": "PKIX1Explicit88.SubjectPublicKeyInfo", "value": 1},
    {"source": "PKIX1Explicit88.TBSCertificate", "target": "PKIX1Explicit88.Name", "value": 1},
    {"source": "PKIX1Explicit88.TBSCertificate", "target": "PKIX1Explicit88.Validity", "value": 1},
    {"source": "PKIX1Explicit88.TBSCertificate", "target": "PKIX1Explicit88.Version", "value": 1},
    {"source": "PKIX1Explicit88.TBSCertificate", "target": "PKIX1Explicit88.UniqueIdentifier", "value": 1},
    {"source": "PKIX1Explicit88.TBSCertificate", "target": "PKIX1Explicit88.CertificateSerialNumber", "value": 1},
    {"source": "PKIX1Explicit88.TBSCertificate", "target": "PKIX1Explicit88.Extensions", "value": 1},
    {"source": "CMSAesRsaesOaep.id-aes128-wrap", "target": "CMSAesRsaesOaep.aes", "value": 1},
    {"source": "PKIX1Explicit88.id-at-organizationName", "target": "PKIX1Explicit88.AttributeType", "value": 1},
    {"source": "PKIX1Explicit88.id-at-organizationName", "target": "PKIX1Explicit88.id-at", "value": 1},
    {"source": "PKIX1Explicit88.CountryName", "target": "PKIX1Explicit88.ub-country-name-alpha-length", "value": 1},
    {"source": "PKIX1Explicit88.CountryName", "target": "PKIX1Explicit88.ub-country-name-numeric-length", "value": 1},
    {"source": "PKIX1Explicit88.TeletexOrganizationalUnitName", "target": "PKIX1Explicit88.ub-organizational-unit-name-length", "value": 1},
    {"source": "PKIX1Explicit88.Extensions", "target": "PKIX1Explicit88.Extension", "value": 1},
    {"source": "PKIX1Explicit88.PhysicalDeliveryPersonalName", "target": "PKIX1Explicit88.PDSParameter", "value": 1},
    {"source": "PKIX1Explicit88.RelativeDistinguishedName", "target": "PKIX1Explicit88.AttributeTypeAndValue", "value": 1},
    {"source": "CMSAesRsaesOaep.id-aes192-CBC", "target": "CMSAesRsaesOaep.aes", "value": 1},
    {"source": "PKIX1Explicit88.OrganizationName", "target": "PKIX1Explicit88.ub-organization-name-length", "value": 1},
    {"source": "PKIX1Explicit88.id-ad-ocsp", "target": "PKIX1Explicit88.id-ad", "value": 1},
    {"source": "PKIX1Explicit88.BuiltInStandardAttributes", "target": "PKIX1Explicit88.OrganizationName", "value": 1},
    {"source": "PKIX1Explicit88.BuiltInStandardAttributes", "target": "PKIX1Explicit88.PersonalName", "value": 1},
    {"source": "PKIX1Explicit88.BuiltInStandardAttributes", "target": "PKIX1Explicit88.TerminalIdentifier", "value": 1},
    {"source": "PKIX1Explicit88.BuiltInStandardAttributes", "target": "PKIX1Explicit88.NumericUserIdentifier", "value": 1},
    {"source": "PKIX1Explicit88.BuiltInStandardAttributes", "target": "PKIX1Explicit88.CountryName", "value": 1},
    {"source": "PKIX1Explicit88.BuiltInStandardAttributes", "target": "PKIX1Explicit88.PrivateDomainName", "value": 1},
    {"source": "PKIX1Explicit88.BuiltInStandardAttributes", "target": "PKIX1Explicit88.AdministrationDomainName", "value": 1},
    {"source": "PKIX1Explicit88.BuiltInStandardAttributes", "target": "PKIX1Explicit88.NetworkAddress", "value": 1},
    {"source": "PKIX1Explicit88.BuiltInStandardAttributes", "target": "PKIX1Explicit88.OrganizationalUnitNames", "value": 1},
    {"source": "PKIX1Explicit88.EmailAddress", "target": "PKIX1Explicit88.ub-emailaddress-length", "value": 1},
    {"source": "PKIX1Explicit88.PosteRestanteAddress", "target": "PKIX1Explicit88.PDSParameter", "value": 1},
    {"source": "PKIX1Explicit88.TBSCertList", "target": "PKIX1Explicit88.AlgorithmIdentifier", "value": 1},
    {"source": "PKIX1Explicit88.TBSCertList", "target": "PKIX1Explicit88.Name", "value": 1},
    {"source": "PKIX1Explicit88.TBSCertList", "target": "PKIX1Explicit88.Version", "value": 1},
    {"source": "PKIX1Explicit88.TBSCertList", "target": "PKIX1Explicit88.Extensions", "value": 1},
    {"source": "PKIX1Explicit88.TBSCertList", "target": "PKIX1Explicit88.CertificateSerialNumber", "value": 1},
    {"source": "PKIX1Explicit88.TBSCertList", "target": "PKIX1Explicit88.Time", "value": 1},
    {"source": "PKIX1Explicit88.Attribute", "target": "PKIX1Explicit88.AttributeType", "value": 1},
    {"source": "PKIX1Explicit88.Attribute", "target": "PKIX1Explicit88.AttributeValue", "value": 1},
    {"source": "PKIX1Explicit88.TeletexDomainDefinedAttribute", "target": "PKIX1Explicit88.ub-domain-defined-attribute-value-length", "value": 1},
    {"source": "PKIX1Explicit88.TeletexDomainDefinedAttribute", "target": "PKIX1Explicit88.ub-domain-defined-attribute-type-length", "value": 1},
    {"source": "PKIX1Explicit88.id-at-stateOrProvinceName", "target": "PKIX1Explicit88.AttributeType", "value": 1},
    {"source": "PKIX1Explicit88.id-at-stateOrProvinceName", "target": "PKIX1Explicit88.id-at", "value": 1},
    {"source": "PKIX1Explicit88.ExtensionAttribute", "target": "PKIX1Explicit88.ub-extension-attributes", "value": 1},
    {"source": "PKIX1Explicit88.X520OrganizationalUnitName", "target": "PKIX1Explicit88.ub-organizational-unit-name", "value": 1},
    {"source": "PKIX1Explicit88.NetworkAddress", "target": "PKIX1Explicit88.X121Address", "value": 1},
    {"source": "PKIX1Explicit88.X520Title", "target": "PKIX1Explicit88.ub-title", "value": 1},
    {"source": "PKIX1Explicit88.id-pe", "target": "PKIX1Explicit88.id-pkix", "value": 1},
    {"source": "PKIX1Explicit88.id-at-organizationalUnitName", "target": "PKIX1Explicit88.AttributeType", "value": 1},
    {"source": "PKIX1Explicit88.id-at-organizationalUnitName", "target": "PKIX1Explicit88.id-at", "value": 1},
    {"source": "CMSAesRsaesOaep.id-aes256-CBC", "target": "CMSAesRsaesOaep.aes", "value": 1},
    {"source": "PKIX1Explicit88.UniquePostalName", "target": "PKIX1Explicit88.PDSParameter", "value": 1},
    {"source": "PKIX1Explicit88.OrganizationalUnitName", "target": "PKIX1Explicit88.ub-organizational-unit-name-length", "value": 1},
    {"source": "PKIX1Explicit88.SubjectPublicKeyInfo", "target": "PKIX1Explicit88.AlgorithmIdentifier", "value": 1},
    {"source": "PKIX1Explicit88.id-qt", "target": "PKIX1Explicit88.id-pkix", "value": 1},
    {"source": "PKIX1Explicit88.id-emailAddress", "target": "PKIX1Explicit88.AttributeType", "value": 1},
    {"source": "PKIX1Explicit88.id-emailAddress", "target": "PKIX1Explicit88.pkcs-9", "value": 1},
    {"source": "PKIX1Explicit88.TerminalIdentifier", "target": "PKIX1Explicit88.ub-terminal-id-length", "value": 1},
    {"source": "PKIX1Explicit88.id-at-title", "target": "PKIX1Explicit88.AttributeType", "value": 1},
    {"source": "PKIX1Explicit88.id-at-title", "target": "PKIX1Explicit88.id-at", "value": 1},
    {"source": "PKIX1Explicit88.TeletexCommonName", "target": "PKIX1Explicit88.ub-common-name-length", "value": 1},
    {"source": "PKIX1Explicit88.X520name", "target": "PKIX1Explicit88.ub-name", "value": 1},
    {"source": "PKIX1Explicit88.X520StateOrProvinceName", "target": "PKIX1Explicit88.ub-state-name", "value": 1},
    {"source": "PKIX1Explicit88.PostOfficeBoxAddress", "target": "PKIX1Explicit88.PDSParameter", "value": 1},
    {"source": "PKIX1Explicit88.PDSParameter", "target": "PKIX1Explicit88.ub-pds-parameter-length", "value": 1},
    {"source": "PKIX1Explicit88.id-qt-unotice", "target": "PKIX1Explicit88.id-qt", "value": 1},
    {"source": "PKIX1Explicit88.X520LocalityName", "target": "PKIX1Explicit88.ub-locality-name", "value": 1},
    {"source": "PKIX1Explicit88.CommonName", "target": "PKIX1Explicit88.ub-common-name-length", "value": 1},
    {"source": "PKIX1Explicit88.ORAddress", "target": "PKIX1Explicit88.BuiltInStandardAttributes", "value": 1},
    {"source": "PKIX1Explicit88.ORAddress", "target": "PKIX1Explicit88.BuiltInDomainDefinedAttributes", "value": 1},
    {"source": "PKIX1Explicit88.ORAddress", "target": "PKIX1Explicit88.ExtensionAttributes", "value": 1},
    {"source": "PKIX1Explicit88.X520CommonName", "target": "PKIX1Explicit88.ub-common-name", "value": 1},
    {"source": "PKIX1Explicit88.BuiltInDomainDefinedAttributes", "target": "PKIX1Explicit88.ub-domain-defined-attributes", "value": 1},
    {"source": "PKIX1Explicit88.BuiltInDomainDefinedAttributes", "target": "PKIX1Explicit88.BuiltInDomainDefinedAttribute", "value": 1},
    {"source": "PKIX1Explicit88.TeletexOrganizationName", "target": "PKIX1Explicit88.ub-organization-name-length", "value": 1},
    {"source": "PKIX1Explicit88.id-at-surname", "target": "PKIX1Explicit88.AttributeType", "value": 1},
    {"source": "PKIX1Explicit88.id-at-surname", "target": "PKIX1Explicit88.id-at", "value": 1},
    {"source": "PKIX1Explicit88.DistinguishedName", "target": "PKIX1Explicit88.RDNSequence", "value": 1},
    {"source": "PKIX1Explicit88.UnformattedPostalAddress", "target": "PKIX1Explicit88.ub-pds-physical-address-lines", "value": 1},
    {"source": "PKIX1Explicit88.UnformattedPostalAddress", "target": "PKIX1Explicit88.ub-pds-parameter-length", "value": 1},
    {"source": "PKIX1Explicit88.UnformattedPostalAddress", "target": "PKIX1Explicit88.ub-unformatted-address-length", "value": 1},
    {"source": "PKIX1Explicit88.Name", "target": "PKIX1Explicit88.RDNSequence", "value": 1},
    {"source": "PKIX1Explicit88.ExtendedNetworkAddress", "target": "PKIX1Explicit88.PresentationAddress", "value": 1},
    {"source": "PKIX1Explicit88.ExtendedNetworkAddress", "target": "PKIX1Explicit88.ub-e163-4-sub-address-length", "value": 1},
    {"source": "PKIX1Explicit88.ExtendedNetworkAddress", "target": "PKIX1Explicit88.ub-e163-4-number-length", "value": 1},
    {"source": "PKIX1Explicit88.Certificate", "target": "PKIX1Explicit88.TBSCertificate", "value": 1},
    {"source": "PKIX1Explicit88.Certificate", "target": "PKIX1Explicit88.AlgorithmIdentifier", "value": 1},
    {"source": "PKIX1Explicit88.id-at-serialNumber", "target": "PKIX1Explicit88.AttributeType", "value": 1},
    {"source": "PKIX1Explicit88.id-at-serialNumber", "target": "PKIX1Explicit88.id-at", "value": 1},
    {"source": "PKIX1Explicit88.TerminalType", "target": "PKIX1Explicit88.ub-integer-options", "value": 1},
    {"source": "PKIX1Explicit88.CertificateList", "target": "PKIX1Explicit88.TBSCertList", "value": 1},
    {"source": "PKIX1Explicit88.CertificateList", "target": "PKIX1Explicit88.AlgorithmIdentifier", "value": 1},
    {"source": "CMSAesRsaesOaep.id-aes192-wrap", "target": "CMSAesRsaesOaep.aes", "value": 1},
    {"source": "PKIX1Explicit88.ExtensionORAddressComponents", "target": "PKIX1Explicit88.PDSParameter", "value": 1},
    {"source": "PKIX1Explicit88.id-ad-timeStamping", "target": "PKIX1Explicit88.id-ad", "value": 1},
    {"source": "PKIX1Explicit88.AttributeTypeAndValue", "target": "PKIX1Explicit88.AttributeType", "value": 1},
    {"source": "PKIX1Explicit88.AttributeTypeAndValue", "target": "PKIX1Explicit88.AttributeValue", "value": 1},
    {"source": "PKIX1Explicit88.id-at-localityName", "target": "PKIX1Explicit88.AttributeType", "value": 1},
    {"source": "PKIX1Explicit88.id-at-localityName", "target": "PKIX1Explicit88.id-at", "value": 1},
    {"source": "PKIX1Explicit88.PhysicalDeliveryOfficeName", "target": "PKIX1Explicit88.PDSParameter", "value": 1},
    {"source": "PKIX1Explicit88.ExtensionPhysicalDeliveryAddressComponents", "target": "PKIX1Explicit88.PDSParameter", "value": 1},
    {"source": "PKIX1Explicit88.PrivateDomainName", "target": "PKIX1Explicit88.ub-domain-name-length", "value": 1},
    {"source": "PKIX1Explicit88.id-ad", "target": "PKIX1Explicit88.id-pkix", "value": 1},
    {"source": "PKIX1Explicit88.ExtensionAttributes", "target": "PKIX1Explicit88.ub-extension-attributes", "value": 1},
    {"source": "PKIX1Explicit88.ExtensionAttributes", "target": "PKIX1Explicit88.ExtensionAttribute", "value": 1}
  ]
}
