{
  "_comment": "code automatically generated by pycrate_asn1c",
  "nodes": [
    {"id": "H235-SECURITY-MESSAGES.ChallengeString", "group": 2},
    {"id": "H235-SECURITY-MESSAGES.TimeStamp", "group": 2},
    {"id": "H235-SECURITY-MESSAGES.RandomVal", "group": 2},
    {"id": "H235-SECURITY-MESSAGES.Password", "group": 2},
    {"id": "H235-SECURITY-MESSAGES.Identifier", "group": 2},
    {"id": "H235-SECURITY-MESSAGES.KeyMaterial", "group": 2},
    {"id": "H235-SECURITY-MESSAGES.KeyMaterialExt", "group": 2},
    {"id": "H235-SECURITY-MESSAGES.NonStandardParameter", "group": 2},
    {"id": "H235-SECURITY-MESSAGES.DHset", "group": 2},
    {"id": "H235-SECURITY-MESSAGES.DHsetExt", "group": 2},
    {"id": "H235-SECURITY-MESSAGES.ECpoint", "group": 2},
    {"id": "H235-SECURITY-MESSAGES.ECKASDH", "group": 2},
    {"id": "H235-SECURITY-MESSAGES.ECGDSASignature", "group": 2},
    {"id": "H235-SECURITY-MESSAGES.TypedCertificate", "group": 2},
    {"id": "H235-SECURITY-MESSAGES.AuthenticationBES", "group": 2},
    {"id": "H235-SECURITY-MESSAGES.AuthenticationMechanism", "group": 2},
    {"id": "H235-SECURITY-MESSAGES.ClearToken", "group": 2},
    {"id": "H235-SECURITY-MESSAGES.ProfileElement", "group": 2},
    {"id": "H235-SECURITY-MESSAGES.Element", "group": 2},
    {"id": "H235-SECURITY-MESSAGES.SIGNED", "group": 2},
    {"id": "H235-SECURITY-MESSAGES.ENCRYPTED", "group": 2},
    {"id": "H235-SECURITY-MESSAGES.HASHED", "group": 2},
    {"id": "H235-SECURITY-MESSAGES.IV8", "group": 2},
    {"id": "H235-SECURITY-MESSAGES.IV16", "group": 2},
    {"id": "H235-SECURITY-MESSAGES.Params", "group": 2},
    {"id": "H235-SECURITY-MESSAGES.EncodedGeneralToken", "group": 2},
    {"id": "H235-SECURITY-MESSAGES.PwdCertToken", "group": 2},
    {"id": "H235-SECURITY-MESSAGES.EncodedPwdCertToken", "group": 2},
    {"id": "H235-SECURITY-MESSAGES.CryptoToken", "group": 2},
    {"id": "H235-SECURITY-MESSAGES.KeySignedMaterial", "group": 2},
    {"id": "H235-SECURITY-MESSAGES.EncodedKeySignedMaterial", "group": 2},
    {"id": "H235-SECURITY-MESSAGES.ReturnSig", "group": 2},
    {"id": "H235-SECURITY-MESSAGES.EncodedReturnSig", "group": 2},
    {"id": "H235-SECURITY-MESSAGES.KeySyncMaterial", "group": 2},
    {"id": "H235-SECURITY-MESSAGES.EncodedKeySyncMaterial", "group": 2},
    {"id": "H235-SECURITY-MESSAGES.V3KeySyncMaterial", "group": 2},
    {"id": "H235-SECURITY-MESSAGES.H235Key", "group": 2}
  ],
  "links": [
    {"source": "H235-SECURITY-MESSAGES.EncodedPwdCertToken", "target": "H235-SECURITY-MESSAGES.PwdCertToken", "value": 1},
    {"source": "H235-SECURITY-MESSAGES.H235Key", "target": "H235-SECURITY-MESSAGES.EncodedKeySignedMaterial", "value": 1},
    {"source": "H235-SECURITY-MESSAGES.H235Key", "target": "H235-SECURITY-MESSAGES.KeyMaterial", "value": 1},
    {"source": "H235-SECURITY-MESSAGES.H235Key", "target": "H235-SECURITY-MESSAGES.V3KeySyncMaterial", "value": 1},
    {"source": "H235-SECURITY-MESSAGES.H235Key", "target": "H235-SECURITY-MESSAGES.KeyMaterialExt", "value": 1},
    {"source": "H235-SECURITY-MESSAGES.H235Key", "target": "H235-SECURITY-MESSAGES.ENCRYPTED", "value": 1},
    {"source": "H235-SECURITY-MESSAGES.H235Key", "target": "H235-SECURITY-MESSAGES.SIGNED", "value": 1},
    {"source": "H235-SECURITY-MESSAGES.KeySyncMaterial", "target": "H235-SECURITY-MESSAGES.KeyMaterial", "value": 1},
    {"source": "H235-SECURITY-MESSAGES.KeySyncMaterial", "target": "H235-SECURITY-MESSAGES.Identifier", "value": 1},
    {"source": "H235-SECURITY-MESSAGES.ENCRYPTED", "target": "H235-SECURITY-MESSAGES.Params", "value": 1},
    {"source": "H235-SECURITY-MESSAGES.EncodedGeneralToken", "target": "H235-SECURITY-MESSAGES.ClearToken", "value": 1},
    {"source": "H235-SECURITY-MESSAGES.ProfileElement", "target": "H235-SECURITY-MESSAGES.Element", "value": 1},
    {"source": "H235-SECURITY-MESSAGES.ProfileElement", "target": "H235-SECURITY-MESSAGES.Params", "value": 1},
    {"source": "H235-SECURITY-MESSAGES.Params", "target": "H235-SECURITY-MESSAGES.IV8", "value": 1},
    {"source": "H235-SECURITY-MESSAGES.Params", "target": "H235-SECURITY-MESSAGES.IV16", "value": 1},
    {"source": "H235-SECURITY-MESSAGES.ReturnSig", "target": "H235-SECURITY-MESSAGES.TypedCertificate", "value": 1},
    {"source": "H235-SECURITY-MESSAGES.ReturnSig", "target": "H235-SECURITY-MESSAGES.Identifier", "value": 1},
    {"source": "H235-SECURITY-MESSAGES.ReturnSig", "target": "H235-SECURITY-MESSAGES.RandomVal", "value": 1},
    {"source": "H235-SECURITY-MESSAGES.H235CertificateSignature", "target": "H235-SECURITY-MESSAGES.TypedCertificate", "value": 1},
    {"source": "H235-SECURITY-MESSAGES.H235CertificateSignature", "target": "H235-SECURITY-MESSAGES.SIGNED", "value": 1},
    {"source": "H235-SECURITY-MESSAGES.H235CertificateSignature", "target": "H235-SECURITY-MESSAGES.RandomVal", "value": 1},
    {"source": "H235-SECURITY-MESSAGES.H235CertificateSignature", "target": "H235-SECURITY-MESSAGES.EncodedReturnSig", "value": 1},
    {"source": "H235-SECURITY-MESSAGES.KeySignedMaterial", "target": "H235-SECURITY-MESSAGES.ENCRYPTED", "value": 1},
    {"source": "H235-SECURITY-MESSAGES.KeySignedMaterial", "target": "H235-SECURITY-MESSAGES.TimeStamp", "value": 1},
    {"source": "H235-SECURITY-MESSAGES.KeySignedMaterial", "target": "H235-SECURITY-MESSAGES.Identifier", "value": 1},
    {"source": "H235-SECURITY-MESSAGES.KeySignedMaterial", "target": "H235-SECURITY-MESSAGES.RandomVal", "value": 1},
    {"source": "H235-SECURITY-MESSAGES.AuthenticationMechanism", "target": "H235-SECURITY-MESSAGES.AuthenticationBES", "value": 1},
    {"source": "H235-SECURITY-MESSAGES.AuthenticationMechanism", "target": "H235-SECURITY-MESSAGES.NonStandardParameter", "value": 1},
    {"source": "H235-SECURITY-MESSAGES.PwdCertToken", "target": "H235-SECURITY-MESSAGES.ClearToken", "value": 1},
    {"source": "H235-SECURITY-MESSAGES.V3KeySyncMaterial", "target": "H235-SECURITY-MESSAGES.Params", "value": 1},
    {"source": "H235-SECURITY-MESSAGES.V3KeySyncMaterial", "target": "H235-SECURITY-MESSAGES.Identifier", "value": 1},
    {"source": "H235-SECURITY-MESSAGES.EncodedKeySyncMaterial", "target": "H235-SECURITY-MESSAGES.KeySyncMaterial", "value": 1},
    {"source": "H235-SECURITY-MESSAGES.ClearToken", "target": "H235-SECURITY-MESSAGES.TimeStamp", "value": 1},
    {"source": "H235-SECURITY-MESSAGES.ClearToken", "target": "H235-SECURITY-MESSAGES.Identifier", "value": 1},
    {"source": "H235-SECURITY-MESSAGES.ClearToken", "target": "H235-SECURITY-MESSAGES.DHset", "value": 1},
    {"source": "H235-SECURITY-MESSAGES.ClearToken", "target": "H235-SECURITY-MESSAGES.RandomVal", "value": 1},
    {"source": "H235-SECURITY-MESSAGES.ClearToken", "target": "H235-SECURITY-MESSAGES.DHsetExt", "value": 1},
    {"source": "H235-SECURITY-MESSAGES.ClearToken", "target": "H235-SECURITY-MESSAGES.ChallengeString", "value": 1},
    {"source": "H235-SECURITY-MESSAGES.ClearToken", "target": "H235-SECURITY-MESSAGES.ECKASDH", "value": 1},
    {"source": "H235-SECURITY-MESSAGES.ClearToken", "target": "H235-SECURITY-MESSAGES.ProfileElement", "value": 1},
    {"source": "H235-SECURITY-MESSAGES.ClearToken", "target": "H235-SECURITY-MESSAGES.TypedCertificate", "value": 1},
    {"source": "H235-SECURITY-MESSAGES.ClearToken", "target": "H235-SECURITY-MESSAGES.NonStandardParameter", "value": 1},
    {"source": "H235-SECURITY-MESSAGES.ClearToken", "target": "H235-SECURITY-MESSAGES.H235Key", "value": 1},
    {"source": "H235-SECURITY-MESSAGES.ClearToken", "target": "H235-SECURITY-MESSAGES.Password", "value": 1},
    {"source": "H235-SECURITY-MESSAGES.CryptoToken", "target": "H235-SECURITY-MESSAGES.SIGNED", "value": 1},
    {"source": "H235-SECURITY-MESSAGES.CryptoToken", "target": "H235-SECURITY-MESSAGES.ClearToken", "value": 1},
    {"source": "H235-SECURITY-MESSAGES.CryptoToken", "target": "H235-SECURITY-MESSAGES.ENCRYPTED", "value": 1},
    {"source": "H235-SECURITY-MESSAGES.CryptoToken", "target": "H235-SECURITY-MESSAGES.EncodedGeneralToken", "value": 1},
    {"source": "H235-SECURITY-MESSAGES.CryptoToken", "target": "H235-SECURITY-MESSAGES.HASHED", "value": 1},
    {"source": "H235-SECURITY-MESSAGES.SIGNED", "target": "H235-SECURITY-MESSAGES.Params", "value": 1},
    {"source": "H235-SECURITY-MESSAGES.EncodedKeySignedMaterial", "target": "H235-SECURITY-MESSAGES.KeySignedMaterial", "value": 1},
    {"source": "H235-SECURITY-MESSAGES.HASHED", "target": "H235-SECURITY-MESSAGES.Params", "value": 1},
    {"source": "H235-SECURITY-MESSAGES.EncodedReturnSig", "target": "H235-SECURITY-MESSAGES.ReturnSig", "value": 1},
    {"source": "H235-SECURITY-MESSAGES.ECKASDH", "target": "H235-SECURITY-MESSAGES.ECpoint", "value": 1}
  ]
}
