{
  "_comment": "code automatically generated by pycrate_asn1c",
  "nodes": [
    {"id": "MULTIMEDIA-SYSTEM-CONTROL.MultimediaSystemControlMessage", "group": 2},
    {"id": "MULTIMEDIA-SYSTEM-CONTROL.RequestMessage", "group": 2},
    {"id": "MULTIMEDIA-SYSTEM-CONTROL.ResponseMessage", "group": 2},
    {"id": "MULTIMEDIA-SYSTEM-CONTROL.CommandMessage", "group": 2},
    {"id": "MULTIMEDIA-SYSTEM-CONTROL.IndicationMessage", "group": 2},
    {"id": "MULTIMEDIA-SYSTEM-CONTROL.SequenceNumber", "group": 2},
    {"id": "MULTIMEDIA-SYSTEM-CONTROL.GenericMessage", "group": 2},
    {"id": "MULTIMEDIA-SYSTEM-CONTROL.GenericInformation", "group": 2},
    {"id": "MULTIMEDIA-SYSTEM-CONTROL.NonStandardMessage", "group": 2},
    {"id": "MULTIMEDIA-SYSTEM-CONTROL.NonStandardParameter", "group": 2},
    {"id": "MULTIMEDIA-SYSTEM-CONTROL.NonStandardIdentifier", "group": 2},
    {"id": "MULTIMEDIA-SYSTEM-CONTROL.MasterSlaveDetermination", "group": 2},
    {"id": "MULTIMEDIA-SYSTEM-CONTROL.MasterSlaveDeterminationAck", "group": 2},
    {"id": "MULTIMEDIA-SYSTEM-CONTROL.MasterSlaveDeterminationReject", "group": 2},
    {"id": "MULTIMEDIA-SYSTEM-CONTROL.MasterSlaveDeterminationRelease", "group": 2},
    {"id": "MULTIMEDIA-SYSTEM-CONTROL.TerminalCapabilitySet", "group": 2},
    {"id": "MULTIMEDIA-SYSTEM-CONTROL.CapabilityTableEntry", "group": 2},
    {"id": "MULTIMEDIA-SYSTEM-CONTROL.CapabilityDescriptor", "group": 2},
    {"id": "MULTIMEDIA-SYSTEM-CONTROL.AlternativeCapabilitySet", "group": 2},
    {"id": "MULTIMEDIA-SYSTEM-CONTROL.CapabilityTableEntryNumber", "group": 2},
    {"id": "MULTIMEDIA-SYSTEM-CONTROL.CapabilityDescriptorNumber", "group": 2},
    {"id": "MULTIMEDIA-SYSTEM-CONTROL.TerminalCapabilitySetAck", "group": 2},
    {"id": "MULTIMEDIA-SYSTEM-CONTROL.TerminalCapabilitySetReject", "group": 2},
    {"id": "MULTIMEDIA-SYSTEM-CONTROL.TerminalCapabilitySetRelease", "group": 2},
    {"id": "MULTIMEDIA-SYSTEM-CONTROL.Capability", "group": 2},
    {"id": "MULTIMEDIA-SYSTEM-CONTROL.H235SecurityCapability", "group": 2},
    {"id": "MULTIMEDIA-SYSTEM-CONTROL.MultiplexCapability", "group": 2},
    {"id": "MULTIMEDIA-SYSTEM-CONTROL.H222Capability", "group": 2},
    {"id": "MULTIMEDIA-SYSTEM-CONTROL.VCCapability", "group": 2},
    {"id": "MULTIMEDIA-SYSTEM-CONTROL.H223Capability", "group": 2},
    {"id": "MULTIMEDIA-SYSTEM-CONTROL.H223AnnexCCapability", "group": 2},
    {"id": "MULTIMEDIA-SYSTEM-CONTROL.V76Capability", "group": 2},
    {"id": "MULTIMEDIA-SYSTEM-CONTROL.V75Capability", "group": 2},
    {"id": "MULTIMEDIA-SYSTEM-CONTROL.H2250Capability", "group": 2},
    {"id": "MULTIMEDIA-SYSTEM-CONTROL.MediaPacketizationCapability", "group": 2},
    {"id": "MULTIMEDIA-SYSTEM-CONTROL.RSVPParameters", "group": 2},
    {"id": "MULTIMEDIA-SYSTEM-CONTROL.QOSMode", "group": 2},
    {"id": "MULTIMEDIA-SYSTEM-CONTROL.ATMParameters", "group": 2},
    {"id": "MULTIMEDIA-SYSTEM-CONTROL.ServicePriorityValue", "group": 2},
    {"id": "MULTIMEDIA-SYSTEM-CONTROL.ServicePriority", "group": 2},
    {"id": "MULTIMEDIA-SYSTEM-CONTROL.AuthorizationParameters", "group": 2},
    {"id": "MULTIMEDIA-SYSTEM-CONTROL.QOSType", "group": 2},
    {"id": "MULTIMEDIA-SYSTEM-CONTROL.QOSClass", "group": 2},
    {"id": "MULTIMEDIA-SYSTEM-CONTROL.QOSDescriptor", "group": 2},
    {"id": "MULTIMEDIA-SYSTEM-CONTROL.GenericTransportParameters", "group": 2},
    {"id": "MULTIMEDIA-SYSTEM-CONTROL.QOSCapability", "group": 2},
    {"id": "MULTIMEDIA-SYSTEM-CONTROL.MediaTransportType", "group": 2},
    {"id": "MULTIMEDIA-SYSTEM-CONTROL.MediaChannelCapability", "group": 2},
    {"id": "MULTIMEDIA-SYSTEM-CONTROL.TransportCapability", "group": 2},
    {"id": "MULTIMEDIA-SYSTEM-CONTROL.RedundancyEncodingCapability", "group": 2},
    {"id": "MULTIMEDIA-SYSTEM-CONTROL.RedundancyEncodingMethod", "group": 2},
    {"id": "MULTIMEDIA-SYSTEM-CONTROL.RTPH263VideoRedundancyEncoding", "group": 2},
    {"id": "MULTIMEDIA-SYSTEM-CONTROL.RTPH263VideoRedundancyFrameMapping", "group": 2},
    {"id": "MULTIMEDIA-SYSTEM-CONTROL.MultipointCapability", "group": 2},
    {"id": "MULTIMEDIA-SYSTEM-CONTROL.MediaDistributionCapability", "group": 2},
    {"id": "MULTIMEDIA-SYSTEM-CONTROL.VideoCapability", "group": 2},
    {"id": "MULTIMEDIA-SYSTEM-CONTROL.ExtendedVideoCapability", "group": 2},
    {"id": "MULTIMEDIA-SYSTEM-CONTROL.H261VideoCapability", "group": 2},
    {"id": "MULTIMEDIA-SYSTEM-CONTROL.H262VideoCapability", "group": 2},
    {"id": "MULTIMEDIA-SYSTEM-CONTROL.H263VideoCapability", "group": 2},
    {"id": "MULTIMEDIA-SYSTEM-CONTROL.EnhancementLayerInfo", "group": 2},
    {"id": "MULTIMEDIA-SYSTEM-CONTROL.BEnhancementParameters", "group": 2},
    {"id": "MULTIMEDIA-SYSTEM-CONTROL.EnhancementOptions", "group": 2},
    {"id": "MULTIMEDIA-SYSTEM-CONTROL.H263Options", "group": 2},
    {"id": "MULTIMEDIA-SYSTEM-CONTROL.TransparencyParameters", "group": 2},
    {"id": "MULTIMEDIA-SYSTEM-CONTROL.RefPictureSelection", "group": 2},
    {"id": "MULTIMEDIA-SYSTEM-CONTROL.CustomPictureClockFrequency", "group": 2},
    {"id": "MULTIMEDIA-SYSTEM-CONTROL.CustomPictureFormat", "group": 2},
    {"id": "MULTIMEDIA-SYSTEM-CONTROL.H263VideoModeCombos", "group": 2},
    {"id": "MULTIMEDIA-SYSTEM-CONTROL.H263ModeComboFlags", "group": 2},
    {"id": "MULTIMEDIA-SYSTEM-CONTROL.H263Version3Options", "group": 2},
    {"id": "MULTIMEDIA-SYSTEM-CONTROL.IS11172VideoCapability", "group": 2},
    {"id": "MULTIMEDIA-SYSTEM-CONTROL.AudioCapability", "group": 2},
    {"id": "MULTIMEDIA-SYSTEM-CONTROL.G729Extensions", "group": 2},
    {"id": "MULTIMEDIA-SYSTEM-CONTROL.G7231AnnexCCapability", "group": 2},
    {"id": "MULTIMEDIA-SYSTEM-CONTROL.IS11172AudioCapability", "group": 2},
    {"id": "MULTIMEDIA-SYSTEM-CONTROL.IS13818AudioCapability", "group": 2},
    {"id": "MULTIMEDIA-SYSTEM-CONTROL.GSMAudioCapability", "group": 2},
    {"id": "MULTIMEDIA-SYSTEM-CONTROL.VBDCapability", "group": 2},
    {"id": "MULTIMEDIA-SYSTEM-CONTROL.DataApplicationCapability", "group": 2},
    {"id": "MULTIMEDIA-SYSTEM-CONTROL.DataProtocolCapability", "group": 2},
    {"id": "MULTIMEDIA-SYSTEM-CONTROL.CompressionType", "group": 2},
    {"id": "MULTIMEDIA-SYSTEM-CONTROL.V42bis", "group": 2},
    {"id": "MULTIMEDIA-SYSTEM-CONTROL.T84Profile", "group": 2},
    {"id": "MULTIMEDIA-SYSTEM-CONTROL.T38FaxProfile", "group": 2},
    {"id": "MULTIMEDIA-SYSTEM-CONTROL.T38FaxRateManagement", "group": 2},
    {"id": "MULTIMEDIA-SYSTEM-CONTROL.T38FaxUdpOptions", "group": 2},
    {"id": "MULTIMEDIA-SYSTEM-CONTROL.T38FaxTcpOptions", "group": 2},
    {"id": "MULTIMEDIA-SYSTEM-CONTROL.EncryptionAuthenticationAndIntegrity", "group": 2},
    {"id": "MULTIMEDIA-SYSTEM-CONTROL.EncryptionCapability", "group": 2},
    {"id": "MULTIMEDIA-SYSTEM-CONTROL.MediaEncryptionAlgorithm", "group": 2},
    {"id": "MULTIMEDIA-SYSTEM-CONTROL.AuthenticationCapability", "group": 2},
    {"id": "MULTIMEDIA-SYSTEM-CONTROL.IntegrityCapability", "group": 2},
    {"id": "MULTIMEDIA-SYSTEM-CONTROL.UserInputCapability", "group": 2},
    {"id": "MULTIMEDIA-SYSTEM-CONTROL.ConferenceCapability", "group": 2},
    {"id": "MULTIMEDIA-SYSTEM-CONTROL.GenericCapability", "group": 2},
    {"id": "MULTIMEDIA-SYSTEM-CONTROL.CapabilityIdentifier", "group": 2},
    {"id": "MULTIMEDIA-SYSTEM-CONTROL.GenericParameter", "group": 2},
    {"id": "MULTIMEDIA-SYSTEM-CONTROL.ParameterIdentifier", "group": 2},
    {"id": "MULTIMEDIA-SYSTEM-CONTROL.ParameterValue", "group": 2},
    {"id": "MULTIMEDIA-SYSTEM-CONTROL.MultiplexedStreamCapability", "group": 2},
    {"id": "MULTIMEDIA-SYSTEM-CONTROL.MultiplexFormat", "group": 2},
    {"id": "MULTIMEDIA-SYSTEM-CONTROL.AudioTelephonyEventCapability", "group": 2},
    {"id": "MULTIMEDIA-SYSTEM-CONTROL.AudioToneCapability", "group": 2},
    {"id": "MULTIMEDIA-SYSTEM-CONTROL.NoPTAudioTelephonyEventCapability", "group": 2},
    {"id": "MULTIMEDIA-SYSTEM-CONTROL.NoPTAudioToneCapability", "group": 2},
    {"id": "MULTIMEDIA-SYSTEM-CONTROL.MultiplePayloadStreamCapability", "group": 2},
    {"id": "MULTIMEDIA-SYSTEM-CONTROL.DepFECCapability", "group": 2},
    {"id": "MULTIMEDIA-SYSTEM-CONTROL.FECCapability", "group": 2},
    {"id": "MULTIMEDIA-SYSTEM-CONTROL.MaxRedundancy", "group": 2},
    {"id": "MULTIMEDIA-SYSTEM-CONTROL.OpenLogicalChannel", "group": 2},
    {"id": "MULTIMEDIA-SYSTEM-CONTROL.LogicalChannelNumber", "group": 2},
    {"id": "MULTIMEDIA-SYSTEM-CONTROL.NetworkAccessParameters", "group": 2},
    {"id": "MULTIMEDIA-SYSTEM-CONTROL.Q2931Address", "group": 2},
    {"id": "MULTIMEDIA-SYSTEM-CONTROL.V75Parameters", "group": 2},
    {"id": "MULTIMEDIA-SYSTEM-CONTROL.DataType", "group": 2},
    {"id": "MULTIMEDIA-SYSTEM-CONTROL.H235Media", "group": 2},
    {"id": "MULTIMEDIA-SYSTEM-CONTROL.MultiplexedStreamParameter", "group": 2},
    {"id": "MULTIMEDIA-SYSTEM-CONTROL.H222LogicalChannelParameters", "group": 2},
    {"id": "MULTIMEDIA-SYSTEM-CONTROL.H223LogicalChannelParameters", "group": 2},
    {"id": "MULTIMEDIA-SYSTEM-CONTROL.H223AL1MParameters", "group": 2},
    {"id": "MULTIMEDIA-SYSTEM-CONTROL.H223AL2MParameters", "group": 2},
    {"id": "MULTIMEDIA-SYSTEM-CONTROL.H223AL3MParameters", "group": 2},
    {"id": "MULTIMEDIA-SYSTEM-CONTROL.H223AnnexCArqParameters", "group": 2},
    {"id": "MULTIMEDIA-SYSTEM-CONTROL.V76LogicalChannelParameters", "group": 2},
    {"id": "MULTIMEDIA-SYSTEM-CONTROL.V76HDLCParameters", "group": 2},
    {"id": "MULTIMEDIA-SYSTEM-CONTROL.CRCLength", "group": 2},
    {"id": "MULTIMEDIA-SYSTEM-CONTROL.H2250LogicalChannelParameters", "group": 2},
    {"id": "MULTIMEDIA-SYSTEM-CONTROL.RTPPayloadType", "group": 2},
    {"id": "MULTIMEDIA-SYSTEM-CONTROL.RedundancyEncoding", "group": 2},
    {"id": "MULTIMEDIA-SYSTEM-CONTROL.RedundancyEncodingElement", "group": 2},
    {"id": "MULTIMEDIA-SYSTEM-CONTROL.MultiplePayloadStream", "group": 2},
    {"id": "MULTIMEDIA-SYSTEM-CONTROL.MultiplePayloadStreamElement", "group": 2},
    {"id": "MULTIMEDIA-SYSTEM-CONTROL.DepFECData", "group": 2},
    {"id": "MULTIMEDIA-SYSTEM-CONTROL.FECData", "group": 2},
    {"id": "MULTIMEDIA-SYSTEM-CONTROL.TransportAddress", "group": 2},
    {"id": "MULTIMEDIA-SYSTEM-CONTROL.UnicastAddress", "group": 2},
    {"id": "MULTIMEDIA-SYSTEM-CONTROL.MulticastAddress", "group": 2},
    {"id": "MULTIMEDIA-SYSTEM-CONTROL.EncryptionSync", "group": 2},
    {"id": "MULTIMEDIA-SYSTEM-CONTROL.EscrowData", "group": 2},
    {"id": "MULTIMEDIA-SYSTEM-CONTROL.OpenLogicalChannelAck", "group": 2},
    {"id": "MULTIMEDIA-SYSTEM-CONTROL.OpenLogicalChannelReject", "group": 2},
    {"id": "MULTIMEDIA-SYSTEM-CONTROL.OpenLogicalChannelConfirm", "group": 2},
    {"id": "MULTIMEDIA-SYSTEM-CONTROL.H2250LogicalChannelAckParameters", "group": 2},
    {"id": "MULTIMEDIA-SYSTEM-CONTROL.CloseLogicalChannel", "group": 2},
    {"id": "MULTIMEDIA-SYSTEM-CONTROL.CloseLogicalChannelAck", "group": 2},
    {"id": "MULTIMEDIA-SYSTEM-CONTROL.RequestChannelClose", "group": 2},
    {"id": "MULTIMEDIA-SYSTEM-CONTROL.RequestChannelCloseAck", "group": 2},
    {"id": "MULTIMEDIA-SYSTEM-CONTROL.RequestChannelCloseReject", "group": 2},
    {"id": "MULTIMEDIA-SYSTEM-CONTROL.RequestChannelCloseRelease", "group": 2},
    {"id": "MULTIMEDIA-SYSTEM-CONTROL.MultiplexEntrySend", "group": 2},
    {"id": "MULTIMEDIA-SYSTEM-CONTROL.MultiplexEntryDescriptor", "group": 2},
    {"id": "MULTIMEDIA-SYSTEM-CONTROL.MultiplexElement", "group": 2},
    {"id": "MULTIMEDIA-SYSTEM-CONTROL.MultiplexTableEntryNumber", "group": 2},
    {"id": "MULTIMEDIA-SYSTEM-CONTROL.MultiplexEntrySendAck", "group": 2},
    {"id": "MULTIMEDIA-SYSTEM-CONTROL.MultiplexEntrySendReject", "group": 2},
    {"id": "MULTIMEDIA-SYSTEM-CONTROL.MultiplexEntryRejectionDescriptions", "group": 2},
    {"id": "MULTIMEDIA-SYSTEM-CONTROL.MultiplexEntrySendRelease", "group": 2},
    {"id": "MULTIMEDIA-SYSTEM-CONTROL.RequestMultiplexEntry", "group": 2},
    {"id": "MULTIMEDIA-SYSTEM-CONTROL.RequestMultiplexEntryAck", "group": 2},
    {"id": "MULTIMEDIA-SYSTEM-CONTROL.RequestMultiplexEntryReject", "group": 2},
    {"id": "MULTIMEDIA-SYSTEM-CONTROL.RequestMultiplexEntryRejectionDescriptions", "group": 2},
    {"id": "MULTIMEDIA-SYSTEM-CONTROL.RequestMultiplexEntryRelease", "group": 2},
    {"id": "MULTIMEDIA-SYSTEM-CONTROL.RequestMode", "group": 2},
    {"id": "MULTIMEDIA-SYSTEM-CONTROL.RequestModeAck", "group": 2},
    {"id": "MULTIMEDIA-SYSTEM-CONTROL.RequestModeReject", "group": 2},
    {"id": "MULTIMEDIA-SYSTEM-CONTROL.RequestModeRelease", "group": 2},
    {"id": "MULTIMEDIA-SYSTEM-CONTROL.ModeDescription", "group": 2},
    {"id": "MULTIMEDIA-SYSTEM-CONTROL.ModeElementType", "group": 2},
    {"id": "MULTIMEDIA-SYSTEM-CONTROL.ModeElement", "group": 2},
    {"id": "MULTIMEDIA-SYSTEM-CONTROL.H235Mode", "group": 2},
    {"id": "MULTIMEDIA-SYSTEM-CONTROL.MultiplexedStreamModeParameters", "group": 2},
    {"id": "MULTIMEDIA-SYSTEM-CONTROL.RedundancyEncodingDTMode", "group": 2},
    {"id": "MULTIMEDIA-SYSTEM-CONTROL.RedundancyEncodingDTModeElement", "group": 2},
    {"id": "MULTIMEDIA-SYSTEM-CONTROL.MultiplePayloadStreamMode", "group": 2},
    {"id": "MULTIMEDIA-SYSTEM-CONTROL.MultiplePayloadStreamElementMode", "group": 2},
    {"id": "MULTIMEDIA-SYSTEM-CONTROL.DepFECMode", "group": 2},
    {"id": "MULTIMEDIA-SYSTEM-CONTROL.FECMode", "group": 2},
    {"id": "MULTIMEDIA-SYSTEM-CONTROL.H223ModeParameters", "group": 2},
    {"id": "MULTIMEDIA-SYSTEM-CONTROL.V76ModeParameters", "group": 2},
    {"id": "MULTIMEDIA-SYSTEM-CONTROL.H2250ModeParameters", "group": 2},
    {"id": "MULTIMEDIA-SYSTEM-CONTROL.RedundancyEncodingMode", "group": 2},
    {"id": "MULTIMEDIA-SYSTEM-CONTROL.VideoMode", "group": 2},
    {"id": "MULTIMEDIA-SYSTEM-CONTROL.H261VideoMode", "group": 2},
    {"id": "MULTIMEDIA-SYSTEM-CONTROL.H262VideoMode", "group": 2},
    {"id": "MULTIMEDIA-SYSTEM-CONTROL.H263VideoMode", "group": 2},
    {"id": "MULTIMEDIA-SYSTEM-CONTROL.IS11172VideoMode", "group": 2},
    {"id": "MULTIMEDIA-SYSTEM-CONTROL.AudioMode", "group": 2},
    {"id": "MULTIMEDIA-SYSTEM-CONTROL.IS11172AudioMode", "group": 2},
    {"id": "MULTIMEDIA-SYSTEM-CONTROL.IS13818AudioMode", "group": 2},
    {"id": "MULTIMEDIA-SYSTEM-CONTROL.G7231AnnexCMode", "group": 2},
    {"id": "MULTIMEDIA-SYSTEM-CONTROL.VBDMode", "group": 2},
    {"id": "MULTIMEDIA-SYSTEM-CONTROL.DataMode", "group": 2},
    {"id": "MULTIMEDIA-SYSTEM-CONTROL.EncryptionMode", "group": 2},
    {"id": "MULTIMEDIA-SYSTEM-CONTROL.RoundTripDelayRequest", "group": 2},
    {"id": "MULTIMEDIA-SYSTEM-CONTROL.RoundTripDelayResponse", "group": 2},
    {"id": "MULTIMEDIA-SYSTEM-CONTROL.MaintenanceLoopRequest", "group": 2},
    {"id": "MULTIMEDIA-SYSTEM-CONTROL.MaintenanceLoopAck", "group": 2},
    {"id": "MULTIMEDIA-SYSTEM-CONTROL.MaintenanceLoopReject", "group": 2},
    {"id": "MULTIMEDIA-SYSTEM-CONTROL.MaintenanceLoopOffCommand", "group": 2},
    {"id": "MULTIMEDIA-SYSTEM-CONTROL.CommunicationModeCommand", "group": 2},
    {"id": "MULTIMEDIA-SYSTEM-CONTROL.CommunicationModeRequest", "group": 2},
    {"id": "MULTIMEDIA-SYSTEM-CONTROL.CommunicationModeResponse", "group": 2},
    {"id": "MULTIMEDIA-SYSTEM-CONTROL.CommunicationModeTableEntry", "group": 2},
    {"id": "MULTIMEDIA-SYSTEM-CONTROL.ConferenceRequest", "group": 2},
    {"id": "MULTIMEDIA-SYSTEM-CONTROL.CertSelectionCriteria", "group": 2},
    {"id": "MULTIMEDIA-SYSTEM-CONTROL.Criteria", "group": 2},
    {"id": "MULTIMEDIA-SYSTEM-CONTROL.TerminalLabel", "group": 2},
    {"id": "MULTIMEDIA-SYSTEM-CONTROL.McuNumber", "group": 2},
    {"id": "MULTIMEDIA-SYSTEM-CONTROL.TerminalNumber", "group": 2},
    {"id": "MULTIMEDIA-SYSTEM-CONTROL.ConferenceResponse", "group": 2},
    {"id": "MULTIMEDIA-SYSTEM-CONTROL.TerminalID", "group": 2},
    {"id": "MULTIMEDIA-SYSTEM-CONTROL.ConferenceID", "group": 2},
    {"id": "MULTIMEDIA-SYSTEM-CONTROL.Password", "group": 2},
    {"id": "MULTIMEDIA-SYSTEM-CONTROL.RequestAllTerminalIDsResponse", "group": 2},
    {"id": "MULTIMEDIA-SYSTEM-CONTROL.TerminalInformation", "group": 2},
    {"id": "MULTIMEDIA-SYSTEM-CONTROL.RemoteMCRequest", "group": 2},
    {"id": "MULTIMEDIA-SYSTEM-CONTROL.RemoteMCResponse", "group": 2},
    {"id": "MULTIMEDIA-SYSTEM-CONTROL.MultilinkRequest", "group": 2},
    {"id": "MULTIMEDIA-SYSTEM-CONTROL.MultilinkResponse", "group": 2},
    {"id": "MULTIMEDIA-SYSTEM-CONTROL.MultilinkIndication", "group": 2},
    {"id": "MULTIMEDIA-SYSTEM-CONTROL.DialingInformation", "group": 2},
    {"id": "MULTIMEDIA-SYSTEM-CONTROL.DialingInformationNumber", "group": 2},
    {"id": "MULTIMEDIA-SYSTEM-CONTROL.DialingInformationNetworkType", "group": 2},
    {"id": "MULTIMEDIA-SYSTEM-CONTROL.ConnectionIdentifier", "group": 2},
    {"id": "MULTIMEDIA-SYSTEM-CONTROL.MaximumBitRate", "group": 2},
    {"id": "MULTIMEDIA-SYSTEM-CONTROL.LogicalChannelRateRequest", "group": 2},
    {"id": "MULTIMEDIA-SYSTEM-CONTROL.LogicalChannelRateAcknowledge", "group": 2},
    {"id": "MULTIMEDIA-SYSTEM-CONTROL.LogicalChannelRateReject", "group": 2},
    {"id": "MULTIMEDIA-SYSTEM-CONTROL.LogicalChannelRateRejectReason", "group": 2},
    {"id": "MULTIMEDIA-SYSTEM-CONTROL.LogicalChannelRateRelease", "group": 2},
    {"id": "MULTIMEDIA-SYSTEM-CONTROL.SendTerminalCapabilitySet", "group": 2},
    {"id": "MULTIMEDIA-SYSTEM-CONTROL.EncryptionCommand", "group": 2},
    {"id": "MULTIMEDIA-SYSTEM-CONTROL.FlowControlCommand", "group": 2},
    {"id": "MULTIMEDIA-SYSTEM-CONTROL.EndSessionCommand", "group": 2},
    {"id": "MULTIMEDIA-SYSTEM-CONTROL.ConferenceCommand", "group": 2},
    {"id": "MULTIMEDIA-SYSTEM-CONTROL.SubstituteConferenceIDCommand", "group": 2},
    {"id": "MULTIMEDIA-SYSTEM-CONTROL.EncryptionUpdateDirection", "group": 2},
    {"id": "MULTIMEDIA-SYSTEM-CONTROL.MiscellaneousCommand", "group": 2},
    {"id": "MULTIMEDIA-SYSTEM-CONTROL.KeyProtectionMethod", "group": 2},
    {"id": "MULTIMEDIA-SYSTEM-CONTROL.EncryptionUpdateRequest", "group": 2},
    {"id": "MULTIMEDIA-SYSTEM-CONTROL.PictureReference", "group": 2},
    {"id": "MULTIMEDIA-SYSTEM-CONTROL.H223MultiplexReconfiguration", "group": 2},
    {"id": "MULTIMEDIA-SYSTEM-CONTROL.NewATMVCCommand", "group": 2},
    {"id": "MULTIMEDIA-SYSTEM-CONTROL.MobileMultilinkReconfigurationCommand", "group": 2},
    {"id": "MULTIMEDIA-SYSTEM-CONTROL.FunctionNotUnderstood", "group": 2},
    {"id": "MULTIMEDIA-SYSTEM-CONTROL.FunctionNotSupported", "group": 2},
    {"id": "MULTIMEDIA-SYSTEM-CONTROL.ConferenceIndication", "group": 2},
    {"id": "MULTIMEDIA-SYSTEM-CONTROL.TerminalYouAreSeeingInSubPictureNumber", "group": 2},
    {"id": "MULTIMEDIA-SYSTEM-CONTROL.VideoIndicateCompose", "group": 2},
    {"id": "MULTIMEDIA-SYSTEM-CONTROL.MiscellaneousIndication", "group": 2},
    {"id": "MULTIMEDIA-SYSTEM-CONTROL.JitterIndication", "group": 2},
    {"id": "MULTIMEDIA-SYSTEM-CONTROL.H223SkewIndication", "group": 2},
    {"id": "MULTIMEDIA-SYSTEM-CONTROL.H2250MaximumSkewIndication", "group": 2},
    {"id": "MULTIMEDIA-SYSTEM-CONTROL.MCLocationIndication", "group": 2},
    {"id": "MULTIMEDIA-SYSTEM-CONTROL.VendorIdentification", "group": 2},
    {"id": "MULTIMEDIA-SYSTEM-CONTROL.NewATMVCIndication", "group": 2},
    {"id": "MULTIMEDIA-SYSTEM-CONTROL.IV8", "group": 2},
    {"id": "MULTIMEDIA-SYSTEM-CONTROL.IV16", "group": 2},
    {"id": "MULTIMEDIA-SYSTEM-CONTROL.Params", "group": 2},
    {"id": "MULTIMEDIA-SYSTEM-CONTROL.UserInputIndication", "group": 2},
    {"id": "MULTIMEDIA-SYSTEM-CONTROL.FlowControlIndication", "group": 2}
  ],
  "links": [
    {"source": "MULTIMEDIA-SYSTEM-CONTROL.CapabilityIdentifier", "target": "MULTIMEDIA-SYSTEM-CONTROL.NonStandardParameter", "value": 1},
    {"source": "MULTIMEDIA-SYSTEM-CONTROL.RedundancyEncodingMode", "target": "MULTIMEDIA-SYSTEM-CONTROL.NonStandardParameter", "value": 1},
    {"source": "MULTIMEDIA-SYSTEM-CONTROL.RedundancyEncodingMode", "target": "MULTIMEDIA-SYSTEM-CONTROL.RedundancyEncodingMethod", "value": 1},
    {"source": "MULTIMEDIA-SYSTEM-CONTROL.RedundancyEncodingMode", "target": "MULTIMEDIA-SYSTEM-CONTROL.AudioMode", "value": 1},
    {"source": "MULTIMEDIA-SYSTEM-CONTROL.MultilinkRequest", "target": "MULTIMEDIA-SYSTEM-CONTROL.SequenceNumber", "value": 1},
    {"source": "MULTIMEDIA-SYSTEM-CONTROL.MultilinkRequest", "target": "MULTIMEDIA-SYSTEM-CONTROL.ConnectionIdentifier", "value": 1},
    {"source": "MULTIMEDIA-SYSTEM-CONTROL.MultilinkRequest", "target": "MULTIMEDIA-SYSTEM-CONTROL.DialingInformation", "value": 1},
    {"source": "MULTIMEDIA-SYSTEM-CONTROL.MultilinkRequest", "target": "MULTIMEDIA-SYSTEM-CONTROL.NonStandardMessage", "value": 1},
    {"source": "MULTIMEDIA-SYSTEM-CONTROL.RSVPParameters", "target": "MULTIMEDIA-SYSTEM-CONTROL.QOSMode", "value": 1},
    {"source": "MULTIMEDIA-SYSTEM-CONTROL.RequestMultiplexEntryRejectionDescriptions", "target": "MULTIMEDIA-SYSTEM-CONTROL.MultiplexTableEntryNumber", "value": 1},
    {"source": "MULTIMEDIA-SYSTEM-CONTROL.ConferenceCapability", "target": "MULTIMEDIA-SYSTEM-CONTROL.NonStandardParameter", "value": 1},
    {"source": "MULTIMEDIA-SYSTEM-CONTROL.UserInputCapability", "target": "MULTIMEDIA-SYSTEM-CONTROL.NonStandardParameter", "value": 1},
    {"source": "MULTIMEDIA-SYSTEM-CONTROL.UserInputCapability", "target": "MULTIMEDIA-SYSTEM-CONTROL.GenericCapability", "value": 1},
    {"source": "MULTIMEDIA-SYSTEM-CONTROL.Params", "target": "MULTIMEDIA-SYSTEM-CONTROL.IV16", "value": 1},
    {"source": "MULTIMEDIA-SYSTEM-CONTROL.Params", "target": "MULTIMEDIA-SYSTEM-CONTROL.IV8", "value": 1},
    {"source": "MULTIMEDIA-SYSTEM-CONTROL.RequestMode", "target": "MULTIMEDIA-SYSTEM-CONTROL.SequenceNumber", "value": 1},
    {"source": "MULTIMEDIA-SYSTEM-CONTROL.RequestMode", "target": "MULTIMEDIA-SYSTEM-CONTROL.ModeDescription", "value": 1},
    {"source": "MULTIMEDIA-SYSTEM-CONTROL.UserInputIndication", "target": "MULTIMEDIA-SYSTEM-CONTROL.NonStandardParameter", "value": 1},
    {"source": "MULTIMEDIA-SYSTEM-CONTROL.UserInputIndication", "target": "MULTIMEDIA-SYSTEM-CONTROL.GenericInformation", "value": 1},
    {"source": "MULTIMEDIA-SYSTEM-CONTROL.UserInputIndication", "target": "MULTIMEDIA-SYSTEM-CONTROL.Params", "value": 1},
    {"source": "MULTIMEDIA-SYSTEM-CONTROL.UserInputIndication", "target": "MULTIMEDIA-SYSTEM-CONTROL.LogicalChannelNumber", "value": 1},
    {"source": "MULTIMEDIA-SYSTEM-CONTROL.ConferenceRequest", "target": "MULTIMEDIA-SYSTEM-CONTROL.CertSelectionCriteria", "value": 1},
    {"source": "MULTIMEDIA-SYSTEM-CONTROL.ConferenceRequest", "target": "MULTIMEDIA-SYSTEM-CONTROL.RemoteMCRequest", "value": 1},
    {"source": "MULTIMEDIA-SYSTEM-CONTROL.ConferenceRequest", "target": "MULTIMEDIA-SYSTEM-CONTROL.TerminalLabel", "value": 1},
    {"source": "MULTIMEDIA-SYSTEM-CONTROL.ConferenceRequest", "target": "MULTIMEDIA-SYSTEM-CONTROL.LogicalChannelNumber", "value": 1},
    {"source": "MULTIMEDIA-SYSTEM-CONTROL.FlowControlIndication", "target": "MULTIMEDIA-SYSTEM-CONTROL.LogicalChannelNumber", "value": 1},
    {"source": "MULTIMEDIA-SYSTEM-CONTROL.TerminalLabel", "target": "MULTIMEDIA-SYSTEM-CONTROL.TerminalNumber", "value": 1},
    {"source": "MULTIMEDIA-SYSTEM-CONTROL.TerminalLabel", "target": "MULTIMEDIA-SYSTEM-CONTROL.McuNumber", "value": 1},
    {"source": "MULTIMEDIA-SYSTEM-CONTROL.FunctionNotUnderstood", "target": "MULTIMEDIA-SYSTEM-CONTROL.RequestMessage", "value": 1},
    {"source": "MULTIMEDIA-SYSTEM-CONTROL.FunctionNotUnderstood", "target": "MULTIMEDIA-SYSTEM-CONTROL.CommandMessage", "value": 1},
    {"source": "MULTIMEDIA-SYSTEM-CONTROL.FunctionNotUnderstood", "target": "MULTIMEDIA-SYSTEM-CONTROL.ResponseMessage", "value": 1},
    {"source": "MULTIMEDIA-SYSTEM-CONTROL.H235Media", "target": "MULTIMEDIA-SYSTEM-CONTROL.EncryptionAuthenticationAndIntegrity", "value": 1},
    {"source": "MULTIMEDIA-SYSTEM-CONTROL.H235Media", "target": "MULTIMEDIA-SYSTEM-CONTROL.AudioCapability", "value": 1},
    {"source": "MULTIMEDIA-SYSTEM-CONTROL.H235Media", "target": "MULTIMEDIA-SYSTEM-CONTROL.NonStandardParameter", "value": 1},
    {"source": "MULTIMEDIA-SYSTEM-CONTROL.H235Media", "target": "MULTIMEDIA-SYSTEM-CONTROL.MultiplePayloadStream", "value": 1},
    {"source": "MULTIMEDIA-SYSTEM-CONTROL.H235Media", "target": "MULTIMEDIA-SYSTEM-CONTROL.VideoCapability", "value": 1},
    {"source": "MULTIMEDIA-SYSTEM-CONTROL.H235Media", "target": "MULTIMEDIA-SYSTEM-CONTROL.RedundancyEncoding", "value": 1},
    {"source": "MULTIMEDIA-SYSTEM-CONTROL.H235Media", "target": "MULTIMEDIA-SYSTEM-CONTROL.FECData", "value": 1},
    {"source": "MULTIMEDIA-SYSTEM-CONTROL.H235Media", "target": "MULTIMEDIA-SYSTEM-CONTROL.DataApplicationCapability", "value": 1},
    {"source": "MULTIMEDIA-SYSTEM-CONTROL.H235Media", "target": "MULTIMEDIA-SYSTEM-CONTROL.DepFECData", "value": 1},
    {"source": "MULTIMEDIA-SYSTEM-CONTROL.OpenLogicalChannel", "target": "MULTIMEDIA-SYSTEM-CONTROL.DataType", "value": 1},
    {"source": "MULTIMEDIA-SYSTEM-CONTROL.OpenLogicalChannel", "target": "MULTIMEDIA-SYSTEM-CONTROL.LogicalChannelNumber", "value": 1},
    {"source": "MULTIMEDIA-SYSTEM-CONTROL.OpenLogicalChannel", "target": "MULTIMEDIA-SYSTEM-CONTROL.GenericInformation", "value": 1},
    {"source": "MULTIMEDIA-SYSTEM-CONTROL.OpenLogicalChannel", "target": "MULTIMEDIA-SYSTEM-CONTROL.V76LogicalChannelParameters", "value": 1},
    {"source": "MULTIMEDIA-SYSTEM-CONTROL.OpenLogicalChannel", "target": "MULTIMEDIA-SYSTEM-CONTROL.EncryptionSync", "value": 1},
    {"source": "MULTIMEDIA-SYSTEM-CONTROL.OpenLogicalChannel", "target": "MULTIMEDIA-SYSTEM-CONTROL.H223LogicalChannelParameters", "value": 1},
    {"source": "MULTIMEDIA-SYSTEM-CONTROL.OpenLogicalChannel", "target": "MULTIMEDIA-SYSTEM-CONTROL.H2250LogicalChannelParameters", "value": 1},
    {"source": "MULTIMEDIA-SYSTEM-CONTROL.OpenLogicalChannel", "target": "MULTIMEDIA-SYSTEM-CONTROL.NetworkAccessParameters", "value": 1},
    {"source": "MULTIMEDIA-SYSTEM-CONTROL.OpenLogicalChannel", "target": "MULTIMEDIA-SYSTEM-CONTROL.H222LogicalChannelParameters", "value": 1},
    {"source": "MULTIMEDIA-SYSTEM-CONTROL.RedundancyEncodingDTMode", "target": "MULTIMEDIA-SYSTEM-CONTROL.RedundancyEncodingDTModeElement", "value": 1},
    {"source": "MULTIMEDIA-SYSTEM-CONTROL.RedundancyEncodingDTMode", "target": "MULTIMEDIA-SYSTEM-CONTROL.RedundancyEncodingMethod", "value": 1},
    {"source": "MULTIMEDIA-SYSTEM-CONTROL.SendTerminalCapabilitySet", "target": "MULTIMEDIA-SYSTEM-CONTROL.CapabilityTableEntryNumber", "value": 1},
    {"source": "MULTIMEDIA-SYSTEM-CONTROL.SendTerminalCapabilitySet", "target": "MULTIMEDIA-SYSTEM-CONTROL.CapabilityDescriptorNumber", "value": 1},
    {"source": "MULTIMEDIA-SYSTEM-CONTROL.RequestChannelCloseReject", "target": "MULTIMEDIA-SYSTEM-CONTROL.LogicalChannelNumber", "value": 1},
    {"source": "MULTIMEDIA-SYSTEM-CONTROL.TransportCapability", "target": "MULTIMEDIA-SYSTEM-CONTROL.NonStandardParameter", "value": 1},
    {"source": "MULTIMEDIA-SYSTEM-CONTROL.TransportCapability", "target": "MULTIMEDIA-SYSTEM-CONTROL.QOSCapability", "value": 1},
    {"source": "MULTIMEDIA-SYSTEM-CONTROL.TransportCapability", "target": "MULTIMEDIA-SYSTEM-CONTROL.MediaChannelCapability", "value": 1},
    {"source": "MULTIMEDIA-SYSTEM-CONTROL.QOSCapability", "target": "MULTIMEDIA-SYSTEM-CONTROL.ServicePriority", "value": 1},
    {"source": "MULTIMEDIA-SYSTEM-CONTROL.QOSCapability", "target": "MULTIMEDIA-SYSTEM-CONTROL.NonStandardParameter", "value": 1},
    {"source": "MULTIMEDIA-SYSTEM-CONTROL.QOSCapability", "target": "MULTIMEDIA-SYSTEM-CONTROL.AuthorizationParameters", "value": 1},
    {"source": "MULTIMEDIA-SYSTEM-CONTROL.QOSCapability", "target": "MULTIMEDIA-SYSTEM-CONTROL.QOSDescriptor", "value": 1},
    {"source": "MULTIMEDIA-SYSTEM-CONTROL.QOSCapability", "target": "MULTIMEDIA-SYSTEM-CONTROL.GenericTransportParameters", "value": 1},
    {"source": "MULTIMEDIA-SYSTEM-CONTROL.QOSCapability", "target": "MULTIMEDIA-SYSTEM-CONTROL.RSVPParameters", "value": 1},
    {"source": "MULTIMEDIA-SYSTEM-CONTROL.QOSCapability", "target": "MULTIMEDIA-SYSTEM-CONTROL.ATMParameters", "value": 1},
    {"source": "MULTIMEDIA-SYSTEM-CONTROL.MultiplePayloadStreamElement", "target": "MULTIMEDIA-SYSTEM-CONTROL.DataType", "value": 1},
    {"source": "MULTIMEDIA-SYSTEM-CONTROL.RedundancyEncoding", "target": "MULTIMEDIA-SYSTEM-CONTROL.DataType", "value": 1},
    {"source": "MULTIMEDIA-SYSTEM-CONTROL.RedundancyEncoding", "target": "MULTIMEDIA-SYSTEM-CONTROL.RedundancyEncodingMethod", "value": 1},
    {"source": "MULTIMEDIA-SYSTEM-CONTROL.RedundancyEncoding", "target": "MULTIMEDIA-SYSTEM-CONTROL.RedundancyEncodingElement", "value": 1},
    {"source": "MULTIMEDIA-SYSTEM-CONTROL.ConferenceResponse", "target": "MULTIMEDIA-SYSTEM-CONTROL.RemoteMCResponse", "value": 1},
    {"source": "MULTIMEDIA-SYSTEM-CONTROL.ConferenceResponse", "target": "MULTIMEDIA-SYSTEM-CONTROL.ConferenceID", "value": 1},
    {"source": "MULTIMEDIA-SYSTEM-CONTROL.ConferenceResponse", "target": "MULTIMEDIA-SYSTEM-CONTROL.RequestAllTerminalIDsResponse", "value": 1},
    {"source": "MULTIMEDIA-SYSTEM-CONTROL.ConferenceResponse", "target": "MULTIMEDIA-SYSTEM-CONTROL.TerminalLabel", "value": 1},
    {"source": "MULTIMEDIA-SYSTEM-CONTROL.ConferenceResponse", "target": "MULTIMEDIA-SYSTEM-CONTROL.Password", "value": 1},
    {"source": "MULTIMEDIA-SYSTEM-CONTROL.ConferenceResponse", "target": "MULTIMEDIA-SYSTEM-CONTROL.TerminalID", "value": 1},
    {"source": "MULTIMEDIA-SYSTEM-CONTROL.AuthorizationParameters", "target": "MULTIMEDIA-SYSTEM-CONTROL.NonStandardParameter", "value": 1},
    {"source": "MULTIMEDIA-SYSTEM-CONTROL.MediaDistributionCapability", "target": "MULTIMEDIA-SYSTEM-CONTROL.DataApplicationCapability", "value": 1},
    {"source": "MULTIMEDIA-SYSTEM-CONTROL.AlternativeCapabilitySet", "target": "MULTIMEDIA-SYSTEM-CONTROL.CapabilityTableEntryNumber", "value": 1},
    {"source": "MULTIMEDIA-SYSTEM-CONTROL.H263ModeComboFlags", "target": "MULTIMEDIA-SYSTEM-CONTROL.H263Version3Options", "value": 1},
    {"source": "MULTIMEDIA-SYSTEM-CONTROL.Capability", "target": "MULTIMEDIA-SYSTEM-CONTROL.NonStandardParameter", "value": 1},
    {"source": "MULTIMEDIA-SYSTEM-CONTROL.Capability", "target": "MULTIMEDIA-SYSTEM-CONTROL.ConferenceCapability", "value": 1},
    {"source": "MULTIMEDIA-SYSTEM-CONTROL.Capability", "target": "MULTIMEDIA-SYSTEM-CONTROL.DataApplicationCapability", "value": 1},
    {"source": "MULTIMEDIA-SYSTEM-CONTROL.Capability", "target": "MULTIMEDIA-SYSTEM-CONTROL.UserInputCapability", "value": 1},
    {"source": "MULTIMEDIA-SYSTEM-CONTROL.Capability", "target": "MULTIMEDIA-SYSTEM-CONTROL.AudioCapability", "value": 1},
    {"source": "MULTIMEDIA-SYSTEM-CONTROL.Capability", "target": "MULTIMEDIA-SYSTEM-CONTROL.AudioToneCapability", "value": 1},
    {"source": "MULTIMEDIA-SYSTEM-CONTROL.Capability", "target": "MULTIMEDIA-SYSTEM-CONTROL.VideoCapability", "value": 1},
    {"source": "MULTIMEDIA-SYSTEM-CONTROL.Capability", "target": "MULTIMEDIA-SYSTEM-CONTROL.DepFECCapability", "value": 1},
    {"source": "MULTIMEDIA-SYSTEM-CONTROL.Capability", "target": "MULTIMEDIA-SYSTEM-CONTROL.MultiplexedStreamCapability", "value": 1},
    {"source": "MULTIMEDIA-SYSTEM-CONTROL.Capability", "target": "MULTIMEDIA-SYSTEM-CONTROL.FECCapability", "value": 1},
    {"source": "MULTIMEDIA-SYSTEM-CONTROL.Capability", "target": "MULTIMEDIA-SYSTEM-CONTROL.GenericCapability", "value": 1},
    {"source": "MULTIMEDIA-SYSTEM-CONTROL.Capability", "target": "MULTIMEDIA-SYSTEM-CONTROL.AlternativeCapabilitySet", "value": 1},
    {"source": "MULTIMEDIA-SYSTEM-CONTROL.Capability", "target": "MULTIMEDIA-SYSTEM-CONTROL.AudioTelephonyEventCapability", "value": 1},
    {"source": "MULTIMEDIA-SYSTEM-CONTROL.Capability", "target": "MULTIMEDIA-SYSTEM-CONTROL.H235SecurityCapability", "value": 1},
    {"source": "MULTIMEDIA-SYSTEM-CONTROL.Capability", "target": "MULTIMEDIA-SYSTEM-CONTROL.RedundancyEncodingCapability", "value": 1},
    {"source": "MULTIMEDIA-SYSTEM-CONTROL.Capability", "target": "MULTIMEDIA-SYSTEM-CONTROL.MultiplePayloadStreamCapability", "value": 1},
    {"source": "MULTIMEDIA-SYSTEM-CONTROL.CommunicationModeTableEntry", "target": "MULTIMEDIA-SYSTEM-CONTROL.NonStandardParameter", "value": 1},
    {"source": "MULTIMEDIA-SYSTEM-CONTROL.CommunicationModeTableEntry", "target": "MULTIMEDIA-SYSTEM-CONTROL.TerminalLabel", "value": 1},
    {"source": "MULTIMEDIA-SYSTEM-CONTROL.CommunicationModeTableEntry", "target": "MULTIMEDIA-SYSTEM-CONTROL.TransportAddress", "value": 1},
    {"source": "MULTIMEDIA-SYSTEM-CONTROL.CommunicationModeTableEntry", "target": "MULTIMEDIA-SYSTEM-CONTROL.VideoCapability", "value": 1},
    {"source": "MULTIMEDIA-SYSTEM-CONTROL.CommunicationModeTableEntry", "target": "MULTIMEDIA-SYSTEM-CONTROL.DataApplicationCapability", "value": 1},
    {"source": "MULTIMEDIA-SYSTEM-CONTROL.CommunicationModeTableEntry", "target": "MULTIMEDIA-SYSTEM-CONTROL.RedundancyEncoding", "value": 1},
    {"source": "MULTIMEDIA-SYSTEM-CONTROL.CommunicationModeTableEntry", "target": "MULTIMEDIA-SYSTEM-CONTROL.AudioCapability", "value": 1},
    {"source": "MULTIMEDIA-SYSTEM-CONTROL.MulticastAddress", "target": "MULTIMEDIA-SYSTEM-CONTROL.NonStandardParameter", "value": 1},
    {"source": "MULTIMEDIA-SYSTEM-CONTROL.RoundTripDelayRequest", "target": "MULTIMEDIA-SYSTEM-CONTROL.SequenceNumber", "value": 1},
    {"source": "MULTIMEDIA-SYSTEM-CONTROL.ExtendedVideoCapability", "target": "MULTIMEDIA-SYSTEM-CONTROL.VideoCapability", "value": 1},
    {"source": "MULTIMEDIA-SYSTEM-CONTROL.ExtendedVideoCapability", "target": "MULTIMEDIA-SYSTEM-CONTROL.GenericCapability", "value": 1},
    {"source": "MULTIMEDIA-SYSTEM-CONTROL.GenericMessage", "target": "MULTIMEDIA-SYSTEM-CONTROL.CapabilityIdentifier", "value": 1},
    {"source": "MULTIMEDIA-SYSTEM-CONTROL.GenericMessage", "target": "MULTIMEDIA-SYSTEM-CONTROL.GenericParameter", "value": 1},
    {"source": "MULTIMEDIA-SYSTEM-CONTROL.ServicePriority", "target": "MULTIMEDIA-SYSTEM-CONTROL.NonStandardParameter", "value": 1},
    {"source": "MULTIMEDIA-SYSTEM-CONTROL.ServicePriority", "target": "MULTIMEDIA-SYSTEM-CONTROL.ServicePriorityValue", "value": 1},
    {"source": "MULTIMEDIA-SYSTEM-CONTROL.UnicastAddress", "target": "MULTIMEDIA-SYSTEM-CONTROL.NonStandardParameter", "value": 1},
    {"source": "MULTIMEDIA-SYSTEM-CONTROL.LogicalChannelRateRequest", "target": "MULTIMEDIA-SYSTEM-CONTROL.SequenceNumber", "value": 1},
    {"source": "MULTIMEDIA-SYSTEM-CONTROL.LogicalChannelRateRequest", "target": "MULTIMEDIA-SYSTEM-CONTROL.MaximumBitRate", "value": 1},
    {"source": "MULTIMEDIA-SYSTEM-CONTROL.LogicalChannelRateRequest", "target": "MULTIMEDIA-SYSTEM-CONTROL.LogicalChannelNumber", "value": 1},
    {"source": "MULTIMEDIA-SYSTEM-CONTROL.H222Capability", "target": "MULTIMEDIA-SYSTEM-CONTROL.VCCapability", "value": 1},
    {"source": "MULTIMEDIA-SYSTEM-CONTROL.NonStandardParameter", "target": "MULTIMEDIA-SYSTEM-CONTROL.NonStandardIdentifier", "value": 1},
    {"source": "MULTIMEDIA-SYSTEM-CONTROL.CapabilityDescriptor", "target": "MULTIMEDIA-SYSTEM-CONTROL.CapabilityDescriptorNumber", "value": 1},
    {"source": "MULTIMEDIA-SYSTEM-CONTROL.CapabilityDescriptor", "target": "MULTIMEDIA-SYSTEM-CONTROL.AlternativeCapabilitySet", "value": 1},
    {"source": "MULTIMEDIA-SYSTEM-CONTROL.MultiplexFormat", "target": "MULTIMEDIA-SYSTEM-CONTROL.H222Capability", "value": 1},
    {"source": "MULTIMEDIA-SYSTEM-CONTROL.MultiplexFormat", "target": "MULTIMEDIA-SYSTEM-CONTROL.NonStandardParameter", "value": 1},
    {"source": "MULTIMEDIA-SYSTEM-CONTROL.MultiplexFormat", "target": "MULTIMEDIA-SYSTEM-CONTROL.H223Capability", "value": 1},
    {"source": "MULTIMEDIA-SYSTEM-CONTROL.LogicalChannelRateAcknowledge", "target": "MULTIMEDIA-SYSTEM-CONTROL.SequenceNumber", "value": 1},
    {"source": "MULTIMEDIA-SYSTEM-CONTROL.LogicalChannelRateAcknowledge", "target": "MULTIMEDIA-SYSTEM-CONTROL.MaximumBitRate", "value": 1},
    {"source": "MULTIMEDIA-SYSTEM-CONTROL.LogicalChannelRateAcknowledge", "target": "MULTIMEDIA-SYSTEM-CONTROL.LogicalChannelNumber", "value": 1},
    {"source": "MULTIMEDIA-SYSTEM-CONTROL.BEnhancementParameters", "target": "MULTIMEDIA-SYSTEM-CONTROL.EnhancementOptions", "value": 1},
    {"source": "MULTIMEDIA-SYSTEM-CONTROL.RequestMultiplexEntry", "target": "MULTIMEDIA-SYSTEM-CONTROL.MultiplexTableEntryNumber", "value": 1},
    {"source": "MULTIMEDIA-SYSTEM-CONTROL.QOSDescriptor", "target": "MULTIMEDIA-SYSTEM-CONTROL.NonStandardParameter", "value": 1},
    {"source": "MULTIMEDIA-SYSTEM-CONTROL.QOSDescriptor", "target": "MULTIMEDIA-SYSTEM-CONTROL.QOSType", "value": 1},
    {"source": "MULTIMEDIA-SYSTEM-CONTROL.QOSDescriptor", "target": "MULTIMEDIA-SYSTEM-CONTROL.QOSClass", "value": 1},
    {"source": "MULTIMEDIA-SYSTEM-CONTROL.IndicationMessage", "target": "MULTIMEDIA-SYSTEM-CONTROL.H2250MaximumSkewIndication", "value": 1},
    {"source": "MULTIMEDIA-SYSTEM-CONTROL.IndicationMessage", "target": "MULTIMEDIA-SYSTEM-CONTROL.UserInputIndication", "value": 1},
    {"source": "MULTIMEDIA-SYSTEM-CONTROL.IndicationMessage", "target": "MULTIMEDIA-SYSTEM-CONTROL.H223SkewIndication", "value": 1},
    {"source": "MULTIMEDIA-SYSTEM-CONTROL.IndicationMessage", "target": "MULTIMEDIA-SYSTEM-CONTROL.GenericMessage", "value": 1},
    {"source": "MULTIMEDIA-SYSTEM-CONTROL.IndicationMessage", "target": "MULTIMEDIA-SYSTEM-CONTROL.MCLocationIndication", "value": 1},
    {"source": "MULTIMEDIA-SYSTEM-CONTROL.IndicationMessage", "target": "MULTIMEDIA-SYSTEM-CONTROL.VendorIdentification", "value": 1},
    {"source": "MULTIMEDIA-SYSTEM-CONTROL.IndicationMessage", "target": "MULTIMEDIA-SYSTEM-CONTROL.MultilinkIndication", "value": 1},
    {"source": "MULTIMEDIA-SYSTEM-CONTROL.IndicationMessage", "target": "MULTIMEDIA-SYSTEM-CONTROL.MobileMultilinkReconfigurationIndication", "value": 1},
    {"source": "MULTIMEDIA-SYSTEM-CONTROL.IndicationMessage", "target": "MULTIMEDIA-SYSTEM-CONTROL.FunctionNotUnderstood", "value": 1},
    {"source": "MULTIMEDIA-SYSTEM-CONTROL.IndicationMessage", "target": "MULTIMEDIA-SYSTEM-CONTROL.MasterSlaveDeterminationRelease", "value": 1},
    {"source": "MULTIMEDIA-SYSTEM-CONTROL.IndicationMessage", "target": "MULTIMEDIA-SYSTEM-CONTROL.MultiplexEntrySendRelease", "value": 1},
    {"source": "MULTIMEDIA-SYSTEM-CONTROL.IndicationMessage", "target": "MULTIMEDIA-SYSTEM-CONTROL.FunctionNotSupported", "value": 1},
    {"source": "MULTIMEDIA-SYSTEM-CONTROL.IndicationMessage", "target": "MULTIMEDIA-SYSTEM-CONTROL.JitterIndication", "value": 1},
    {"source": "MULTIMEDIA-SYSTEM-CONTROL.IndicationMessage", "target": "MULTIMEDIA-SYSTEM-CONTROL.LogicalChannelRateRelease", "value": 1},
    {"source": "MULTIMEDIA-SYSTEM-CONTROL.IndicationMessage", "target": "MULTIMEDIA-SYSTEM-CONTROL.RequestMultiplexEntryRelease", "value": 1},
    {"source": "MULTIMEDIA-SYSTEM-CONTROL.IndicationMessage", "target": "MULTIMEDIA-SYSTEM-CONTROL.FlowControlIndication", "value": 1},
    {"source": "MULTIMEDIA-SYSTEM-CONTROL.IndicationMessage", "target": "MULTIMEDIA-SYSTEM-CONTROL.RequestChannelCloseRelease", "value": 1},
    {"source": "MULTIMEDIA-SYSTEM-CONTROL.IndicationMessage", "target": "MULTIMEDIA-SYSTEM-CONTROL.NewATMVCIndication", "value": 1},
    {"source": "MULTIMEDIA-SYSTEM-CONTROL.IndicationMessage", "target": "MULTIMEDIA-SYSTEM-CONTROL.TerminalCapabilitySetRelease", "value": 1},
    {"source": "MULTIMEDIA-SYSTEM-CONTROL.IndicationMessage", "target": "MULTIMEDIA-SYSTEM-CONTROL.RequestModeRelease", "value": 1},
    {"source": "MULTIMEDIA-SYSTEM-CONTROL.IndicationMessage", "target": "MULTIMEDIA-SYSTEM-CONTROL.NonStandardMessage", "value": 1},
    {"source": "MULTIMEDIA-SYSTEM-CONTROL.IndicationMessage", "target": "MULTIMEDIA-SYSTEM-CONTROL.MiscellaneousIndication", "value": 1},
    {"source": "MULTIMEDIA-SYSTEM-CONTROL.IndicationMessage", "target": "MULTIMEDIA-SYSTEM-CONTROL.ConferenceIndication", "value": 1},
    {"source": "MULTIMEDIA-SYSTEM-CONTROL.IndicationMessage", "target": "MULTIMEDIA-SYSTEM-CONTROL.OpenLogicalChannelConfirm", "value": 1},
    {"source": "MULTIMEDIA-SYSTEM-CONTROL.FECData", "target": "MULTIMEDIA-SYSTEM-CONTROL.LogicalChannelNumber", "value": 1},
    {"source": "MULTIMEDIA-SYSTEM-CONTROL.MultiplexEntrySend", "target": "MULTIMEDIA-SYSTEM-CONTROL.SequenceNumber", "value": 1},
    {"source": "MULTIMEDIA-SYSTEM-CONTROL.MultiplexEntrySend", "target": "MULTIMEDIA-SYSTEM-CONTROL.MultiplexEntryDescriptor", "value": 1},
    {"source": "MULTIMEDIA-SYSTEM-CONTROL.H263VideoMode", "target": "MULTIMEDIA-SYSTEM-CONTROL.H263Options", "value": 1},
    {"source": "MULTIMEDIA-SYSTEM-CONTROL.H263VideoMode", "target": "MULTIMEDIA-SYSTEM-CONTROL.EnhancementLayerInfo", "value": 1},
    {"source": "MULTIMEDIA-SYSTEM-CONTROL.TerminalCapabilitySetAck", "target": "MULTIMEDIA-SYSTEM-CONTROL.SequenceNumber", "value": 1},
    {"source": "MULTIMEDIA-SYSTEM-CONTROL.TerminalCapabilitySetAck", "target": "MULTIMEDIA-SYSTEM-CONTROL.GenericInformation", "value": 1},
    {"source": "MULTIMEDIA-SYSTEM-CONTROL.VBDCapability", "target": "MULTIMEDIA-SYSTEM-CONTROL.AudioCapability", "value": 1},
    {"source": "MULTIMEDIA-SYSTEM-CONTROL.RequestMessage", "target": "MULTIMEDIA-SYSTEM-CONTROL.RequestMultiplexEntry", "value": 1},
    {"source": "MULTIMEDIA-SYSTEM-CONTROL.RequestMessage", "target": "MULTIMEDIA-SYSTEM-CONTROL.MaintenanceLoopRequest", "value": 1},
    {"source": "MULTIMEDIA-SYSTEM-CONTROL.RequestMessage", "target": "MULTIMEDIA-SYSTEM-CONTROL.LogicalChannelRateRequest", "value": 1},
    {"source": "MULTIMEDIA-SYSTEM-CONTROL.RequestMessage", "target": "MULTIMEDIA-SYSTEM-CONTROL.MasterSlaveDetermination", "value": 1},
    {"source": "MULTIMEDIA-SYSTEM-CONTROL.RequestMessage", "target": "MULTIMEDIA-SYSTEM-CONTROL.RequestMode", "value": 1},
    {"source": "MULTIMEDIA-SYSTEM-CONTROL.RequestMessage", "target": "MULTIMEDIA-SYSTEM-CONTROL.RoundTripDelayRequest", "value": 1},
    {"source": "MULTIMEDIA-SYSTEM-CONTROL.RequestMessage", "target": "MULTIMEDIA-SYSTEM-CONTROL.CloseLogicalChannel", "value": 1},
    {"source": "MULTIMEDIA-SYSTEM-CONTROL.RequestMessage", "target": "MULTIMEDIA-SYSTEM-CONTROL.GenericMessage", "value": 1},
    {"source": "MULTIMEDIA-SYSTEM-CONTROL.RequestMessage", "target": "MULTIMEDIA-SYSTEM-CONTROL.RequestChannelClose", "value": 1},
    {"source": "MULTIMEDIA-SYSTEM-CONTROL.RequestMessage", "target": "MULTIMEDIA-SYSTEM-CONTROL.CommunicationModeRequest", "value": 1},
    {"source": "MULTIMEDIA-SYSTEM-CONTROL.RequestMessage", "target": "MULTIMEDIA-SYSTEM-CONTROL.TerminalCapabilitySet", "value": 1},
    {"source": "MULTIMEDIA-SYSTEM-CONTROL.RequestMessage", "target": "MULTIMEDIA-SYSTEM-CONTROL.NonStandardMessage", "value": 1},
    {"source": "MULTIMEDIA-SYSTEM-CONTROL.RequestMessage", "target": "MULTIMEDIA-SYSTEM-CONTROL.MultiplexEntrySend", "value": 1},
    {"source": "MULTIMEDIA-SYSTEM-CONTROL.RequestMessage", "target": "MULTIMEDIA-SYSTEM-CONTROL.MultilinkRequest", "value": 1},
    {"source": "MULTIMEDIA-SYSTEM-CONTROL.RequestMessage", "target": "MULTIMEDIA-SYSTEM-CONTROL.ConferenceRequest", "value": 1},
    {"source": "MULTIMEDIA-SYSTEM-CONTROL.RequestMessage", "target": "MULTIMEDIA-SYSTEM-CONTROL.OpenLogicalChannel", "value": 1},
    {"source": "MULTIMEDIA-SYSTEM-CONTROL.MultiplePayloadStreamMode", "target": "MULTIMEDIA-SYSTEM-CONTROL.MultiplePayloadStreamElementMode", "value": 1},
    {"source": "MULTIMEDIA-SYSTEM-CONTROL.CloseLogicalChannelAck", "target": "MULTIMEDIA-SYSTEM-CONTROL.LogicalChannelNumber", "value": 1},
    {"source": "MULTIMEDIA-SYSTEM-CONTROL.H223ModeParameters", "target": "MULTIMEDIA-SYSTEM-CONTROL.NonStandardParameter", "value": 1},
    {"source": "MULTIMEDIA-SYSTEM-CONTROL.H223ModeParameters", "target": "MULTIMEDIA-SYSTEM-CONTROL.H223AL2MParameters", "value": 1},
    {"source": "MULTIMEDIA-SYSTEM-CONTROL.H223ModeParameters", "target": "MULTIMEDIA-SYSTEM-CONTROL.H223AL3MParameters", "value": 1},
    {"source": "MULTIMEDIA-SYSTEM-CONTROL.H223ModeParameters", "target": "MULTIMEDIA-SYSTEM-CONTROL.H223AL1MParameters", "value": 1},
    {"source": "MULTIMEDIA-SYSTEM-CONTROL.H223SkewIndication", "target": "MULTIMEDIA-SYSTEM-CONTROL.LogicalChannelNumber", "value": 1},
    {"source": "MULTIMEDIA-SYSTEM-CONTROL.H2250ModeParameters", "target": "MULTIMEDIA-SYSTEM-CONTROL.RedundancyEncodingMode", "value": 1},
    {"source": "MULTIMEDIA-SYSTEM-CONTROL.DepFECMode", "target": "MULTIMEDIA-SYSTEM-CONTROL.ModeElementType", "value": 1},
    {"source": "MULTIMEDIA-SYSTEM-CONTROL.NetworkAccessParameters", "target": "MULTIMEDIA-SYSTEM-CONTROL.Q2931Address", "value": 1},
    {"source": "MULTIMEDIA-SYSTEM-CONTROL.NetworkAccessParameters", "target": "MULTIMEDIA-SYSTEM-CONTROL.TransportAddress", "value": 1},
    {"source": "MULTIMEDIA-SYSTEM-CONTROL.VBDMode", "target": "MULTIMEDIA-SYSTEM-CONTROL.AudioMode", "value": 1},
    {"source": "MULTIMEDIA-SYSTEM-CONTROL.H235Mode", "target": "MULTIMEDIA-SYSTEM-CONTROL.EncryptionAuthenticationAndIntegrity", "value": 1},
    {"source": "MULTIMEDIA-SYSTEM-CONTROL.H235Mode", "target": "MULTIMEDIA-SYSTEM-CONTROL.DataMode", "value": 1},
    {"source": "MULTIMEDIA-SYSTEM-CONTROL.H235Mode", "target": "MULTIMEDIA-SYSTEM-CONTROL.VideoMode", "value": 1},
    {"source": "MULTIMEDIA-SYSTEM-CONTROL.H235Mode", "target": "MULTIMEDIA-SYSTEM-CONTROL.AudioMode", "value": 1},
    {"source": "MULTIMEDIA-SYSTEM-CONTROL.H235Mode", "target": "MULTIMEDIA-SYSTEM-CONTROL.NonStandardParameter", "value": 1},
    {"source": "MULTIMEDIA-SYSTEM-CONTROL.MultiplexEntrySendAck", "target": "MULTIMEDIA-SYSTEM-CONTROL.SequenceNumber", "value": 1},
    {"source": "MULTIMEDIA-SYSTEM-CONTROL.MultiplexEntrySendAck", "target": "MULTIMEDIA-SYSTEM-CONTROL.MultiplexTableEntryNumber", "value": 1},
    {"source": "MULTIMEDIA-SYSTEM-CONTROL.RTPH263VideoRedundancyEncoding", "target": "MULTIMEDIA-SYSTEM-CONTROL.RTPH263VideoRedundancyFrameMapping", "value": 1},
    {"source": "MULTIMEDIA-SYSTEM-CONTROL.TransportAddress", "target": "MULTIMEDIA-SYSTEM-CONTROL.MulticastAddress", "value": 1},
    {"source": "MULTIMEDIA-SYSTEM-CONTROL.TransportAddress", "target": "MULTIMEDIA-SYSTEM-CONTROL.UnicastAddress", "value": 1},
    {"source": "MULTIMEDIA-SYSTEM-CONTROL.RTPPayloadType", "target": "MULTIMEDIA-SYSTEM-CONTROL.NonStandardParameter", "value": 1},
    {"source": "MULTIMEDIA-SYSTEM-CONTROL.EndSessionCommand", "target": "MULTIMEDIA-SYSTEM-CONTROL.NonStandardParameter", "value": 1},
    {"source": "MULTIMEDIA-SYSTEM-CONTROL.EndSessionCommand", "target": "MULTIMEDIA-SYSTEM-CONTROL.GenericInformation", "value": 1},
    {"source": "MULTIMEDIA-SYSTEM-CONTROL.MultilinkResponse", "target": "MULTIMEDIA-SYSTEM-CONTROL.SequenceNumber", "value": 1},
    {"source": "MULTIMEDIA-SYSTEM-CONTROL.MultilinkResponse", "target": "MULTIMEDIA-SYSTEM-CONTROL.ConnectionIdentifier", "value": 1},
    {"source": "MULTIMEDIA-SYSTEM-CONTROL.MultilinkResponse", "target": "MULTIMEDIA-SYSTEM-CONTROL.DialingInformation", "value": 1},
    {"source": "MULTIMEDIA-SYSTEM-CONTROL.MultilinkResponse", "target": "MULTIMEDIA-SYSTEM-CONTROL.NonStandardMessage", "value": 1},
    {"source": "MULTIMEDIA-SYSTEM-CONTROL.LogicalChannelRateReject", "target": "MULTIMEDIA-SYSTEM-CONTROL.SequenceNumber", "value": 1},
    {"source": "MULTIMEDIA-SYSTEM-CONTROL.LogicalChannelRateReject", "target": "MULTIMEDIA-SYSTEM-CONTROL.LogicalChannelRateRejectReason", "value": 1},
    {"source": "MULTIMEDIA-SYSTEM-CONTROL.LogicalChannelRateReject", "target": "MULTIMEDIA-SYSTEM-CONTROL.MaximumBitRate", "value": 1},
    {"source": "MULTIMEDIA-SYSTEM-CONTROL.LogicalChannelRateReject", "target": "MULTIMEDIA-SYSTEM-CONTROL.LogicalChannelNumber", "value": 1},
    {"source": "MULTIMEDIA-SYSTEM-CONTROL.MultiplePayloadStreamElementMode", "target": "MULTIMEDIA-SYSTEM-CONTROL.ModeElementType", "value": 1},
    {"source": "MULTIMEDIA-SYSTEM-CONTROL.T38FaxProfile", "target": "MULTIMEDIA-SYSTEM-CONTROL.T38FaxUdpOptions", "value": 1},
    {"source": "MULTIMEDIA-SYSTEM-CONTROL.T38FaxProfile", "target": "MULTIMEDIA-SYSTEM-CONTROL.T38FaxRateManagement", "value": 1},
    {"source": "MULTIMEDIA-SYSTEM-CONTROL.T38FaxProfile", "target": "MULTIMEDIA-SYSTEM-CONTROL.T38FaxTcpOptions", "value": 1},
    {"source": "MULTIMEDIA-SYSTEM-CONTROL.RedundancyEncodingMethod", "target": "MULTIMEDIA-SYSTEM-CONTROL.RTPH263VideoRedundancyEncoding", "value": 1},
    {"source": "MULTIMEDIA-SYSTEM-CONTROL.RedundancyEncodingMethod", "target": "MULTIMEDIA-SYSTEM-CONTROL.NonStandardParameter", "value": 1},
    {"source": "MULTIMEDIA-SYSTEM-CONTROL.ModeElement", "target": "MULTIMEDIA-SYSTEM-CONTROL.H223ModeParameters", "value": 1},
    {"source": "MULTIMEDIA-SYSTEM-CONTROL.ModeElement", "target": "MULTIMEDIA-SYSTEM-CONTROL.GenericCapability", "value": 1},
    {"source": "MULTIMEDIA-SYSTEM-CONTROL.ModeElement", "target": "MULTIMEDIA-SYSTEM-CONTROL.H2250ModeParameters", "value": 1},
    {"source": "MULTIMEDIA-SYSTEM-CONTROL.ModeElement", "target": "MULTIMEDIA-SYSTEM-CONTROL.ModeElementType", "value": 1},
    {"source": "MULTIMEDIA-SYSTEM-CONTROL.ModeElement", "target": "MULTIMEDIA-SYSTEM-CONTROL.MultiplexedStreamModeParameters", "value": 1},
    {"source": "MULTIMEDIA-SYSTEM-CONTROL.ModeElement", "target": "MULTIMEDIA-SYSTEM-CONTROL.LogicalChannelNumber", "value": 1},
    {"source": "MULTIMEDIA-SYSTEM-CONTROL.ModeElement", "target": "MULTIMEDIA-SYSTEM-CONTROL.V76ModeParameters", "value": 1},
    {"source": "MULTIMEDIA-SYSTEM-CONTROL.NonStandardMessage", "target": "MULTIMEDIA-SYSTEM-CONTROL.NonStandardParameter", "value": 1},
    {"source": "MULTIMEDIA-SYSTEM-CONTROL.H263VideoCapability", "target": "MULTIMEDIA-SYSTEM-CONTROL.H263Options", "value": 1},
    {"source": "MULTIMEDIA-SYSTEM-CONTROL.H263VideoCapability", "target": "MULTIMEDIA-SYSTEM-CONTROL.EnhancementLayerInfo", "value": 1},
    {"source": "MULTIMEDIA-SYSTEM-CONTROL.MaintenanceLoopRequest", "target": "MULTIMEDIA-SYSTEM-CONTROL.LogicalChannelNumber", "value": 1},
    {"source": "MULTIMEDIA-SYSTEM-CONTROL.MultipointCapability", "target": "MULTIMEDIA-SYSTEM-CONTROL.MediaDistributionCapability", "value": 1},
    {"source": "MULTIMEDIA-SYSTEM-CONTROL.GenericInformation", "target": "MULTIMEDIA-SYSTEM-CONTROL.GenericMessage", "value": 1},
    {"source": "MULTIMEDIA-SYSTEM-CONTROL.RedundancyEncodingElement", "target": "MULTIMEDIA-SYSTEM-CONTROL.DataType", "value": 1},
    {"source": "MULTIMEDIA-SYSTEM-CONTROL.CloseLogicalChannel", "target": "MULTIMEDIA-SYSTEM-CONTROL.LogicalChannelNumber", "value": 1},
    {"source": "MULTIMEDIA-SYSTEM-CONTROL.DataMode", "target": "MULTIMEDIA-SYSTEM-CONTROL.NonStandardParameter", "value": 1},
    {"source": "MULTIMEDIA-SYSTEM-CONTROL.DataMode", "target": "MULTIMEDIA-SYSTEM-CONTROL.DataProtocolCapability", "value": 1},
    {"source": "MULTIMEDIA-SYSTEM-CONTROL.DataMode", "target": "MULTIMEDIA-SYSTEM-CONTROL.T38FaxProfile", "value": 1},
    {"source": "MULTIMEDIA-SYSTEM-CONTROL.DataMode", "target": "MULTIMEDIA-SYSTEM-CONTROL.GenericCapability", "value": 1},
    {"source": "MULTIMEDIA-SYSTEM-CONTROL.MediaChannelCapability", "target": "MULTIMEDIA-SYSTEM-CONTROL.MediaTransportType", "value": 1},
    {"source": "MULTIMEDIA-SYSTEM-CONTROL.VendorIdentification", "target": "MULTIMEDIA-SYSTEM-CONTROL.NonStandardIdentifier", "value": 1},
    {"source": "MULTIMEDIA-SYSTEM-CONTROL.MiscellaneousCommand", "target": "MULTIMEDIA-SYSTEM-CONTROL.EncryptionUpdateRequest", "value": 1},
    {"source": "MULTIMEDIA-SYSTEM-CONTROL.MiscellaneousCommand", "target": "MULTIMEDIA-SYSTEM-CONTROL.LogicalChannelNumber", "value": 1},
    {"source": "MULTIMEDIA-SYSTEM-CONTROL.MiscellaneousCommand", "target": "MULTIMEDIA-SYSTEM-CONTROL.MultiplePayloadStream", "value": 1},
    {"source": "MULTIMEDIA-SYSTEM-CONTROL.MiscellaneousCommand", "target": "MULTIMEDIA-SYSTEM-CONTROL.PictureReference", "value": 1},
    {"source": "MULTIMEDIA-SYSTEM-CONTROL.MiscellaneousCommand", "target": "MULTIMEDIA-SYSTEM-CONTROL.EncryptionUpdateDirection", "value": 1},
    {"source": "MULTIMEDIA-SYSTEM-CONTROL.MiscellaneousCommand", "target": "MULTIMEDIA-SYSTEM-CONTROL.EncryptionSync", "value": 1},
    {"source": "MULTIMEDIA-SYSTEM-CONTROL.H235SecurityCapability", "target": "MULTIMEDIA-SYSTEM-CONTROL.EncryptionAuthenticationAndIntegrity", "value": 1},
    {"source": "MULTIMEDIA-SYSTEM-CONTROL.H235SecurityCapability", "target": "MULTIMEDIA-SYSTEM-CONTROL.CapabilityTableEntryNumber", "value": 1},
    {"source": "MULTIMEDIA-SYSTEM-CONTROL.EnhancementOptions", "target": "MULTIMEDIA-SYSTEM-CONTROL.H263Options", "value": 1},
    {"source": "MULTIMEDIA-SYSTEM-CONTROL.MultiplexedStreamParameter", "target": "MULTIMEDIA-SYSTEM-CONTROL.MultiplexFormat", "value": 1},
    {"source": "MULTIMEDIA-SYSTEM-CONTROL.RequestAllTerminalIDsResponse", "target": "MULTIMEDIA-SYSTEM-CONTROL.TerminalInformation", "value": 1},
    {"source": "MULTIMEDIA-SYSTEM-CONTROL.RequestChannelCloseRelease", "target": "MULTIMEDIA-SYSTEM-CONTROL.LogicalChannelNumber", "value": 1},
    {"source": "MULTIMEDIA-SYSTEM-CONTROL.CertSelectionCriteria", "target": "MULTIMEDIA-SYSTEM-CONTROL.Criteria", "value": 1},
    {"source": "MULTIMEDIA-SYSTEM-CONTROL.MultiplexEntryDescriptor", "target": "MULTIMEDIA-SYSTEM-CONTROL.MultiplexTableEntryNumber", "value": 1},
    {"source": "MULTIMEDIA-SYSTEM-CONTROL.MultiplexEntryDescriptor", "target": "MULTIMEDIA-SYSTEM-CONTROL.MultiplexElement", "value": 1},
    {"source": "MULTIMEDIA-SYSTEM-CONTROL.VideoCapability", "target": "MULTIMEDIA-SYSTEM-CONTROL.H262VideoCapability", "value": 1},
    {"source": "MULTIMEDIA-SYSTEM-CONTROL.VideoCapability", "target": "MULTIMEDIA-SYSTEM-CONTROL.NonStandardParameter", "value": 1},
    {"source": "MULTIMEDIA-SYSTEM-CONTROL.VideoCapability", "target": "MULTIMEDIA-SYSTEM-CONTROL.IS11172VideoCapability", "value": 1},
    {"source": "MULTIMEDIA-SYSTEM-CONTROL.VideoCapability", "target": "MULTIMEDIA-SYSTEM-CONTROL.GenericCapability", "value": 1},
    {"source": "MULTIMEDIA-SYSTEM-CONTROL.VideoCapability", "target": "MULTIMEDIA-SYSTEM-CONTROL.ExtendedVideoCapability", "value": 1},
    {"source": "MULTIMEDIA-SYSTEM-CONTROL.VideoCapability", "target": "MULTIMEDIA-SYSTEM-CONTROL.H261VideoCapability", "value": 1},
    {"source": "MULTIMEDIA-SYSTEM-CONTROL.VideoCapability", "target": "MULTIMEDIA-SYSTEM-CONTROL.H263VideoCapability", "value": 1},
    {"source": "MULTIMEDIA-SYSTEM-CONTROL.VCCapability", "target": "MULTIMEDIA-SYSTEM-CONTROL.Q2931Address", "value": 1},
    {"source": "MULTIMEDIA-SYSTEM-CONTROL.H263Options", "target": "MULTIMEDIA-SYSTEM-CONTROL.H263Version3Options", "value": 1},
    {"source": "MULTIMEDIA-SYSTEM-CONTROL.H263Options", "target": "MULTIMEDIA-SYSTEM-CONTROL.CustomPictureClockFrequency", "value": 1},
    {"source": "MULTIMEDIA-SYSTEM-CONTROL.H263Options", "target": "MULTIMEDIA-SYSTEM-CONTROL.H263VideoModeCombos", "value": 1},
    {"source": "MULTIMEDIA-SYSTEM-CONTROL.H263Options", "target": "MULTIMEDIA-SYSTEM-CONTROL.RefPictureSelection", "value": 1},
    {"source": "MULTIMEDIA-SYSTEM-CONTROL.H263Options", "target": "MULTIMEDIA-SYSTEM-CONTROL.CustomPictureFormat", "value": 1},
    {"source": "MULTIMEDIA-SYSTEM-CONTROL.H263Options", "target": "MULTIMEDIA-SYSTEM-CONTROL.TransparencyParameters", "value": 1},
    {"source": "MULTIMEDIA-SYSTEM-CONTROL.OpenLogicalChannelConfirm", "target": "MULTIMEDIA-SYSTEM-CONTROL.GenericInformation", "value": 1},
    {"source": "MULTIMEDIA-SYSTEM-CONTROL.OpenLogicalChannelConfirm", "target": "MULTIMEDIA-SYSTEM-CONTROL.LogicalChannelNumber", "value": 1},
    {"source": "MULTIMEDIA-SYSTEM-CONTROL.ConferenceCommand", "target": "MULTIMEDIA-SYSTEM-CONTROL.SubstituteConferenceIDCommand", "value": 1},
    {"source": "MULTIMEDIA-SYSTEM-CONTROL.ConferenceCommand", "target": "MULTIMEDIA-SYSTEM-CONTROL.TerminalLabel", "value": 1},
    {"source": "MULTIMEDIA-SYSTEM-CONTROL.ConferenceCommand", "target": "MULTIMEDIA-SYSTEM-CONTROL.LogicalChannelNumber", "value": 1},
    {"source": "MULTIMEDIA-SYSTEM-CONTROL.TerminalCapabilitySetRelease", "target": "MULTIMEDIA-SYSTEM-CONTROL.GenericInformation", "value": 1},
    {"source": "MULTIMEDIA-SYSTEM-CONTROL.V76Capability", "target": "MULTIMEDIA-SYSTEM-CONTROL.V75Capability", "value": 1},
    {"source": "MULTIMEDIA-SYSTEM-CONTROL.MultiplexEntrySendRelease", "target": "MULTIMEDIA-SYSTEM-CONTROL.MultiplexTableEntryNumber", "value": 1},
    {"source": "MULTIMEDIA-SYSTEM-CONTROL.RequestModeAck", "target": "MULTIMEDIA-SYSTEM-CONTROL.SequenceNumber", "value": 1},
    {"source": "MULTIMEDIA-SYSTEM-CONTROL.MultiplexCapability", "target": "MULTIMEDIA-SYSTEM-CONTROL.H222Capability", "value": 1},
    {"source": "MULTIMEDIA-SYSTEM-CONTROL.MultiplexCapability", "target": "MULTIMEDIA-SYSTEM-CONTROL.NonStandardParameter", "value": 1},
    {"source": "MULTIMEDIA-SYSTEM-CONTROL.MultiplexCapability", "target": "MULTIMEDIA-SYSTEM-CONTROL.GenericCapability", "value": 1},
    {"source": "MULTIMEDIA-SYSTEM-CONTROL.MultiplexCapability", "target": "MULTIMEDIA-SYSTEM-CONTROL.H223Capability", "value": 1},
    {"source": "MULTIMEDIA-SYSTEM-CONTROL.MultiplexCapability", "target": "MULTIMEDIA-SYSTEM-CONTROL.H2250Capability", "value": 1},
    {"source": "MULTIMEDIA-SYSTEM-CONTROL.MultiplexCapability", "target": "MULTIMEDIA-SYSTEM-CONTROL.V76Capability", "value": 1},
    {"source": "MULTIMEDIA-SYSTEM-CONTROL.IntegrityCapability", "target": "MULTIMEDIA-SYSTEM-CONTROL.NonStandardParameter", "value": 1},
    {"source": "MULTIMEDIA-SYSTEM-CONTROL.RedundancyEncodingDTModeElement", "target": "MULTIMEDIA-SYSTEM-CONTROL.NonStandardParameter", "value": 1},
    {"source": "MULTIMEDIA-SYSTEM-CONTROL.RedundancyEncodingDTModeElement", "target": "MULTIMEDIA-SYSTEM-CONTROL.AudioMode", "value": 1},
    {"source": "MULTIMEDIA-SYSTEM-CONTROL.RedundancyEncodingDTModeElement", "target": "MULTIMEDIA-SYSTEM-CONTROL.FECMode", "value": 1},
    {"source": "MULTIMEDIA-SYSTEM-CONTROL.RedundancyEncodingDTModeElement", "target": "MULTIMEDIA-SYSTEM-CONTROL.DataMode", "value": 1},
    {"source": "MULTIMEDIA-SYSTEM-CONTROL.RedundancyEncodingDTModeElement", "target": "MULTIMEDIA-SYSTEM-CONTROL.VideoMode", "value": 1},
    {"source": "MULTIMEDIA-SYSTEM-CONTROL.RedundancyEncodingDTModeElement", "target": "MULTIMEDIA-SYSTEM-CONTROL.H235Mode", "value": 1},
    {"source": "MULTIMEDIA-SYSTEM-CONTROL.RedundancyEncodingDTModeElement", "target": "MULTIMEDIA-SYSTEM-CONTROL.EncryptionMode", "value": 1},
    {"source": "MULTIMEDIA-SYSTEM-CONTROL.MaintenanceLoopAck", "target": "MULTIMEDIA-SYSTEM-CONTROL.LogicalChannelNumber", "value": 1},
    {"source": "MULTIMEDIA-SYSTEM-CONTROL.MultiplexedStreamCapability", "target": "MULTIMEDIA-SYSTEM-CONTROL.MultiplexFormat", "value": 1},
    {"source": "MULTIMEDIA-SYSTEM-CONTROL.MultiplexedStreamCapability", "target": "MULTIMEDIA-SYSTEM-CONTROL.AlternativeCapabilitySet", "value": 1},
    {"source": "MULTIMEDIA-SYSTEM-CONTROL.H223Capability", "target": "MULTIMEDIA-SYSTEM-CONTROL.H223AnnexCCapability", "value": 1},
    {"source": "MULTIMEDIA-SYSTEM-CONTROL.TerminalCapabilitySet", "target": "MULTIMEDIA-SYSTEM-CONTROL.SequenceNumber", "value": 1},
    {"source": "MULTIMEDIA-SYSTEM-CONTROL.TerminalCapabilitySet", "target": "MULTIMEDIA-SYSTEM-CONTROL.GenericInformation", "value": 1},
    {"source": "MULTIMEDIA-SYSTEM-CONTROL.TerminalCapabilitySet", "target": "MULTIMEDIA-SYSTEM-CONTROL.MultiplexCapability", "value": 1},
    {"source": "MULTIMEDIA-SYSTEM-CONTROL.TerminalCapabilitySet", "target": "MULTIMEDIA-SYSTEM-CONTROL.CapabilityTableEntry", "value": 1},
    {"source": "MULTIMEDIA-SYSTEM-CONTROL.TerminalCapabilitySet", "target": "MULTIMEDIA-SYSTEM-CONTROL.CapabilityDescriptor", "value": 1},
    {"source": "MULTIMEDIA-SYSTEM-CONTROL.MultimediaSystemControlMessage", "target": "MULTIMEDIA-SYSTEM-CONTROL.RequestMessage", "value": 1},
    {"source": "MULTIMEDIA-SYSTEM-CONTROL.MultimediaSystemControlMessage", "target": "MULTIMEDIA-SYSTEM-CONTROL.CommandMessage", "value": 1},
    {"source": "MULTIMEDIA-SYSTEM-CONTROL.MultimediaSystemControlMessage", "target": "MULTIMEDIA-SYSTEM-CONTROL.ResponseMessage", "value": 1},
    {"source": "MULTIMEDIA-SYSTEM-CONTROL.MultimediaSystemControlMessage", "target": "MULTIMEDIA-SYSTEM-CONTROL.IndicationMessage", "value": 1},
    {"source": "MULTIMEDIA-SYSTEM-CONTROL.H263VideoModeCombos", "target": "MULTIMEDIA-SYSTEM-CONTROL.H263ModeComboFlags", "value": 1},
    {"source": "MULTIMEDIA-SYSTEM-CONTROL.JitterIndication", "target": "MULTIMEDIA-SYSTEM-CONTROL.LogicalChannelNumber", "value": 1},
    {"source": "MULTIMEDIA-SYSTEM-CONTROL.CommunicationModeCommand", "target": "MULTIMEDIA-SYSTEM-CONTROL.CommunicationModeTableEntry", "value": 1},
    {"source": "MULTIMEDIA-SYSTEM-CONTROL.DialingInformation", "target": "MULTIMEDIA-SYSTEM-CONTROL.DialingInformationNumber", "value": 1},
    {"source": "MULTIMEDIA-SYSTEM-CONTROL.DialingInformation", "target": "MULTIMEDIA-SYSTEM-CONTROL.NonStandardMessage", "value": 1},
    {"source": "MULTIMEDIA-SYSTEM-CONTROL.H2250Capability", "target": "MULTIMEDIA-SYSTEM-CONTROL.TransportCapability", "value": 1},
    {"source": "MULTIMEDIA-SYSTEM-CONTROL.H2250Capability", "target": "MULTIMEDIA-SYSTEM-CONTROL.MultipointCapability", "value": 1},
    {"source": "MULTIMEDIA-SYSTEM-CONTROL.H2250Capability", "target": "MULTIMEDIA-SYSTEM-CONTROL.MediaPacketizationCapability", "value": 1},
    {"source": "MULTIMEDIA-SYSTEM-CONTROL.H2250Capability", "target": "MULTIMEDIA-SYSTEM-CONTROL.RedundancyEncodingCapability", "value": 1},
    {"source": "MULTIMEDIA-SYSTEM-CONTROL.V76LogicalChannelParameters", "target": "MULTIMEDIA-SYSTEM-CONTROL.V76HDLCParameters", "value": 1},
    {"source": "MULTIMEDIA-SYSTEM-CONTROL.V76LogicalChannelParameters", "target": "MULTIMEDIA-SYSTEM-CONTROL.V75Parameters", "value": 1},
    {"source": "MULTIMEDIA-SYSTEM-CONTROL.FECMode", "target": "MULTIMEDIA-SYSTEM-CONTROL.MaxRedundancy", "value": 1},
    {"source": "MULTIMEDIA-SYSTEM-CONTROL.FECMode", "target": "MULTIMEDIA-SYSTEM-CONTROL.ModeElementType", "value": 1},
    {"source": "MULTIMEDIA-SYSTEM-CONTROL.ModeElementType", "target": "MULTIMEDIA-SYSTEM-CONTROL.NonStandardParameter", "value": 1},
    {"source": "MULTIMEDIA-SYSTEM-CONTROL.ModeElementType", "target": "MULTIMEDIA-SYSTEM-CONTROL.AudioMode", "value": 1},
    {"source": "MULTIMEDIA-SYSTEM-CONTROL.ModeElementType", "target": "MULTIMEDIA-SYSTEM-CONTROL.FECMode", "value": 1},
    {"source": "MULTIMEDIA-SYSTEM-CONTROL.ModeElementType", "target": "MULTIMEDIA-SYSTEM-CONTROL.RedundancyEncodingDTMode", "value": 1},
    {"source": "MULTIMEDIA-SYSTEM-CONTROL.ModeElementType", "target": "MULTIMEDIA-SYSTEM-CONTROL.DataMode", "value": 1},
    {"source": "MULTIMEDIA-SYSTEM-CONTROL.ModeElementType", "target": "MULTIMEDIA-SYSTEM-CONTROL.EncryptionMode", "value": 1},
    {"source": "MULTIMEDIA-SYSTEM-CONTROL.ModeElementType", "target": "MULTIMEDIA-SYSTEM-CONTROL.DepFECMode", "value": 1},
    {"source": "MULTIMEDIA-SYSTEM-CONTROL.ModeElementType", "target": "MULTIMEDIA-SYSTEM-CONTROL.MultiplePayloadStreamMode", "value": 1},
    {"source": "MULTIMEDIA-SYSTEM-CONTROL.ModeElementType", "target": "MULTIMEDIA-SYSTEM-CONTROL.VideoMode", "value": 1},
    {"source": "MULTIMEDIA-SYSTEM-CONTROL.ModeElementType", "target": "MULTIMEDIA-SYSTEM-CONTROL.MultiplexedStreamParameter", "value": 1},
    {"source": "MULTIMEDIA-SYSTEM-CONTROL.ModeElementType", "target": "MULTIMEDIA-SYSTEM-CONTROL.H235Mode", "value": 1},
    {"source": "MULTIMEDIA-SYSTEM-CONTROL.MultiplexEntryRejectionDescriptions", "target": "MULTIMEDIA-SYSTEM-CONTROL.MultiplexTableEntryNumber", "value": 1},
    {"source": "MULTIMEDIA-SYSTEM-CONTROL.EnhancementLayerInfo", "target": "MULTIMEDIA-SYSTEM-CONTROL.EnhancementOptions", "value": 1},
    {"source": "MULTIMEDIA-SYSTEM-CONTROL.EnhancementLayerInfo", "target": "MULTIMEDIA-SYSTEM-CONTROL.BEnhancementParameters", "value": 1},
    {"source": "MULTIMEDIA-SYSTEM-CONTROL.MaintenanceLoopReject", "target": "MULTIMEDIA-SYSTEM-CONTROL.LogicalChannelNumber", "value": 1},
    {"source": "MULTIMEDIA-SYSTEM-CONTROL.ConferenceIndication", "target": "MULTIMEDIA-SYSTEM-CONTROL.TerminalYouAreSeeingInSubPictureNumber", "value": 1},
    {"source": "MULTIMEDIA-SYSTEM-CONTROL.ConferenceIndication", "target": "MULTIMEDIA-SYSTEM-CONTROL.TerminalLabel", "value": 1},
    {"source": "MULTIMEDIA-SYSTEM-CONTROL.ConferenceIndication", "target": "MULTIMEDIA-SYSTEM-CONTROL.VideoIndicateCompose", "value": 1},
    {"source": "MULTIMEDIA-SYSTEM-CONTROL.TerminalInformation", "target": "MULTIMEDIA-SYSTEM-CONTROL.TerminalID", "value": 1},
    {"source": "MULTIMEDIA-SYSTEM-CONTROL.TerminalInformation", "target": "MULTIMEDIA-SYSTEM-CONTROL.TerminalLabel", "value": 1},
    {"source": "MULTIMEDIA-SYSTEM-CONTROL.TerminalYouAreSeeingInSubPictureNumber", "target": "MULTIMEDIA-SYSTEM-CONTROL.TerminalNumber", "value": 1},
    {"source": "MULTIMEDIA-SYSTEM-CONTROL.TerminalYouAreSeeingInSubPictureNumber", "target": "MULTIMEDIA-SYSTEM-CONTROL.McuNumber", "value": 1},
    {"source": "MULTIMEDIA-SYSTEM-CONTROL.H223AL1MParameters", "target": "MULTIMEDIA-SYSTEM-CONTROL.H223AnnexCArqParameters", "value": 1},
    {"source": "MULTIMEDIA-SYSTEM-CONTROL.MiscellaneousIndication", "target": "MULTIMEDIA-SYSTEM-CONTROL.TransportCapability", "value": 1},
    {"source": "MULTIMEDIA-SYSTEM-CONTROL.MiscellaneousIndication", "target": "MULTIMEDIA-SYSTEM-CONTROL.LogicalChannelNumber", "value": 1},
    {"source": "MULTIMEDIA-SYSTEM-CONTROL.AudioMode", "target": "MULTIMEDIA-SYSTEM-CONTROL.IS13818AudioMode", "value": 1},
    {"source": "MULTIMEDIA-SYSTEM-CONTROL.AudioMode", "target": "MULTIMEDIA-SYSTEM-CONTROL.NonStandardParameter", "value": 1},
    {"source": "MULTIMEDIA-SYSTEM-CONTROL.AudioMode", "target": "MULTIMEDIA-SYSTEM-CONTROL.G7231AnnexCMode", "value": 1},
    {"source": "MULTIMEDIA-SYSTEM-CONTROL.AudioMode", "target": "MULTIMEDIA-SYSTEM-CONTROL.VBDMode", "value": 1},
    {"source": "MULTIMEDIA-SYSTEM-CONTROL.AudioMode", "target": "MULTIMEDIA-SYSTEM-CONTROL.GenericCapability", "value": 1},
    {"source": "MULTIMEDIA-SYSTEM-CONTROL.AudioMode", "target": "MULTIMEDIA-SYSTEM-CONTROL.GSMAudioCapability", "value": 1},
    {"source": "MULTIMEDIA-SYSTEM-CONTROL.AudioMode", "target": "MULTIMEDIA-SYSTEM-CONTROL.G729Extensions", "value": 1},
    {"source": "MULTIMEDIA-SYSTEM-CONTROL.AudioMode", "target": "MULTIMEDIA-SYSTEM-CONTROL.IS11172AudioMode", "value": 1},
    {"source": "MULTIMEDIA-SYSTEM-CONTROL.DialingInformationNetworkType", "target": "MULTIMEDIA-SYSTEM-CONTROL.NonStandardMessage", "value": 1},
    {"source": "MULTIMEDIA-SYSTEM-CONTROL.RoundTripDelayResponse", "target": "MULTIMEDIA-SYSTEM-CONTROL.SequenceNumber", "value": 1},
    {"source": "MULTIMEDIA-SYSTEM-CONTROL.OpenLogicalChannelReject", "target": "MULTIMEDIA-SYSTEM-CONTROL.GenericInformation", "value": 1},
    {"source": "MULTIMEDIA-SYSTEM-CONTROL.OpenLogicalChannelReject", "target": "MULTIMEDIA-SYSTEM-CONTROL.LogicalChannelNumber", "value": 1},
    {"source": "MULTIMEDIA-SYSTEM-CONTROL.RequestMultiplexEntryReject", "target": "MULTIMEDIA-SYSTEM-CONTROL.MultiplexTableEntryNumber", "value": 1},
    {"source": "MULTIMEDIA-SYSTEM-CONTROL.RequestMultiplexEntryReject", "target": "MULTIMEDIA-SYSTEM-CONTROL.RequestMultiplexEntryRejectionDescriptions", "value": 1},
    {"source": "MULTIMEDIA-SYSTEM-CONTROL.EncryptionMode", "target": "MULTIMEDIA-SYSTEM-CONTROL.NonStandardParameter", "value": 1},
    {"source": "MULTIMEDIA-SYSTEM-CONTROL.MultilinkIndication", "target": "MULTIMEDIA-SYSTEM-CONTROL.ConnectionIdentifier", "value": 1},
    {"source": "MULTIMEDIA-SYSTEM-CONTROL.MultilinkIndication", "target": "MULTIMEDIA-SYSTEM-CONTROL.NonStandardMessage", "value": 1},
    {"source": "MULTIMEDIA-SYSTEM-CONTROL.OpenLogicalChannelAck", "target": "MULTIMEDIA-SYSTEM-CONTROL.H2250LogicalChannelAckParameters", "value": 1},
    {"source": "MULTIMEDIA-SYSTEM-CONTROL.OpenLogicalChannelAck", "target": "MULTIMEDIA-SYSTEM-CONTROL.EncryptionSync", "value": 1},
    {"source": "MULTIMEDIA-SYSTEM-CONTROL.OpenLogicalChannelAck", "target": "MULTIMEDIA-SYSTEM-CONTROL.H222LogicalChannelParameters", "value": 1},
    {"source": "MULTIMEDIA-SYSTEM-CONTROL.OpenLogicalChannelAck", "target": "MULTIMEDIA-SYSTEM-CONTROL.LogicalChannelNumber", "value": 1},
    {"source": "MULTIMEDIA-SYSTEM-CONTROL.OpenLogicalChannelAck", "target": "MULTIMEDIA-SYSTEM-CONTROL.NetworkAccessParameters", "value": 1},
    {"source": "MULTIMEDIA-SYSTEM-CONTROL.OpenLogicalChannelAck", "target": "MULTIMEDIA-SYSTEM-CONTROL.GenericInformation", "value": 1},
    {"source": "MULTIMEDIA-SYSTEM-CONTROL.OpenLogicalChannelAck", "target": "MULTIMEDIA-SYSTEM-CONTROL.H2250LogicalChannelParameters", "value": 1},
    {"source": "MULTIMEDIA-SYSTEM-CONTROL.ModeDescription", "target": "MULTIMEDIA-SYSTEM-CONTROL.ModeElement", "value": 1},
    {"source": "MULTIMEDIA-SYSTEM-CONTROL.TerminalCapabilitySetReject", "target": "MULTIMEDIA-SYSTEM-CONTROL.SequenceNumber", "value": 1},
    {"source": "MULTIMEDIA-SYSTEM-CONTROL.TerminalCapabilitySetReject", "target": "MULTIMEDIA-SYSTEM-CONTROL.GenericInformation", "value": 1},
    {"source": "MULTIMEDIA-SYSTEM-CONTROL.TerminalCapabilitySetReject", "target": "MULTIMEDIA-SYSTEM-CONTROL.CapabilityTableEntryNumber", "value": 1},
    {"source": "MULTIMEDIA-SYSTEM-CONTROL.AuthenticationCapability", "target": "MULTIMEDIA-SYSTEM-CONTROL.NonStandardParameter", "value": 1},
    {"source": "MULTIMEDIA-SYSTEM-CONTROL.H2250MaximumSkewIndication", "target": "MULTIMEDIA-SYSTEM-CONTROL.LogicalChannelNumber", "value": 1},
    {"source": "MULTIMEDIA-SYSTEM-CONTROL.CapabilityTableEntry", "target": "MULTIMEDIA-SYSTEM-CONTROL.Capability", "value": 1},
    {"source": "MULTIMEDIA-SYSTEM-CONTROL.CapabilityTableEntry", "target": "MULTIMEDIA-SYSTEM-CONTROL.CapabilityTableEntryNumber", "value": 1},
    {"source": "MULTIMEDIA-SYSTEM-CONTROL.MediaEncryptionAlgorithm", "target": "MULTIMEDIA-SYSTEM-CONTROL.NonStandardParameter", "value": 1},
    {"source": "MULTIMEDIA-SYSTEM-CONTROL.RequestChannelCloseAck", "target": "MULTIMEDIA-SYSTEM-CONTROL.LogicalChannelNumber", "value": 1},
    {"source": "MULTIMEDIA-SYSTEM-CONTROL.CommandMessage", "target": "MULTIMEDIA-SYSTEM-CONTROL.MobileMultilinkReconfigurationCommand", "value": 1},
    {"source": "MULTIMEDIA-SYSTEM-CONTROL.CommandMessage", "target": "MULTIMEDIA-SYSTEM-CONTROL.ConferenceCommand", "value": 1},
    {"source": "MULTIMEDIA-SYSTEM-CONTROL.CommandMessage", "target": "MULTIMEDIA-SYSTEM-CONTROL.NewATMVCCommand", "value": 1},
    {"source": "MULTIMEDIA-SYSTEM-CONTROL.CommandMessage", "target": "MULTIMEDIA-SYSTEM-CONTROL.EndSessionCommand", "value": 1},
    {"source": "MULTIMEDIA-SYSTEM-CONTROL.CommandMessage", "target": "MULTIMEDIA-SYSTEM-CONTROL.GenericMessage", "value": 1},
    {"source": "MULTIMEDIA-SYSTEM-CONTROL.CommandMessage", "target": "MULTIMEDIA-SYSTEM-CONTROL.MiscellaneousCommand", "value": 1},
    {"source": "MULTIMEDIA-SYSTEM-CONTROL.CommandMessage", "target": "MULTIMEDIA-SYSTEM-CONTROL.FlowControlCommand", "value": 1},
    {"source": "MULTIMEDIA-SYSTEM-CONTROL.CommandMessage", "target": "MULTIMEDIA-SYSTEM-CONTROL.EncryptionCommand", "value": 1},
    {"source": "MULTIMEDIA-SYSTEM-CONTROL.CommandMessage", "target": "MULTIMEDIA-SYSTEM-CONTROL.MaintenanceLoopOffCommand", "value": 1},
    {"source": "MULTIMEDIA-SYSTEM-CONTROL.CommandMessage", "target": "MULTIMEDIA-SYSTEM-CONTROL.H223MultiplexReconfiguration", "value": 1},
    {"source": "MULTIMEDIA-SYSTEM-CONTROL.CommandMessage", "target": "MULTIMEDIA-SYSTEM-CONTROL.NonStandardMessage", "value": 1},
    {"source": "MULTIMEDIA-SYSTEM-CONTROL.CommandMessage", "target": "MULTIMEDIA-SYSTEM-CONTROL.SendTerminalCapabilitySet", "value": 1},
    {"source": "MULTIMEDIA-SYSTEM-CONTROL.CommandMessage", "target": "MULTIMEDIA-SYSTEM-CONTROL.CommunicationModeCommand", "value": 1},
    {"source": "MULTIMEDIA-SYSTEM-CONTROL.RequestChannelClose", "target": "MULTIMEDIA-SYSTEM-CONTROL.QOSCapability", "value": 1},
    {"source": "MULTIMEDIA-SYSTEM-CONTROL.RequestChannelClose", "target": "MULTIMEDIA-SYSTEM-CONTROL.LogicalChannelNumber", "value": 1},
    {"source": "MULTIMEDIA-SYSTEM-CONTROL.H223LogicalChannelParameters", "target": "MULTIMEDIA-SYSTEM-CONTROL.NonStandardParameter", "value": 1},
    {"source": "MULTIMEDIA-SYSTEM-CONTROL.H223LogicalChannelParameters", "target": "MULTIMEDIA-SYSTEM-CONTROL.H223AL2MParameters", "value": 1},
    {"source": "MULTIMEDIA-SYSTEM-CONTROL.H223LogicalChannelParameters", "target": "MULTIMEDIA-SYSTEM-CONTROL.H223AL3MParameters", "value": 1},
    {"source": "MULTIMEDIA-SYSTEM-CONTROL.H223LogicalChannelParameters", "target": "MULTIMEDIA-SYSTEM-CONTROL.H223AL1MParameters", "value": 1},
    {"source": "MULTIMEDIA-SYSTEM-CONTROL.DialingInformationNumber", "target": "MULTIMEDIA-SYSTEM-CONTROL.DialingInformationNetworkType", "value": 1},
    {"source": "MULTIMEDIA-SYSTEM-CONTROL.GenericParameter", "target": "MULTIMEDIA-SYSTEM-CONTROL.ParameterValue", "value": 1},
    {"source": "MULTIMEDIA-SYSTEM-CONTROL.GenericParameter", "target": "MULTIMEDIA-SYSTEM-CONTROL.ParameterIdentifier", "value": 1},
    {"source": "MULTIMEDIA-SYSTEM-CONTROL.ParameterValue", "target": "MULTIMEDIA-SYSTEM-CONTROL.GenericParameter", "value": 1},
    {"source": "MULTIMEDIA-SYSTEM-CONTROL.ParameterIdentifier", "target": "MULTIMEDIA-SYSTEM-CONTROL.NonStandardParameter", "value": 1},
    {"source": "MULTIMEDIA-SYSTEM-CONTROL.EncryptionUpdateRequest", "target": "MULTIMEDIA-SYSTEM-CONTROL.KeyProtectionMethod", "value": 1},
    {"source": "MULTIMEDIA-SYSTEM-CONTROL.VideoMode", "target": "MULTIMEDIA-SYSTEM-CONTROL.NonStandardParameter", "value": 1},
    {"source": "MULTIMEDIA-SYSTEM-CONTROL.VideoMode", "target": "MULTIMEDIA-SYSTEM-CONTROL.IS11172VideoMode", "value": 1},
    {"source": "MULTIMEDIA-SYSTEM-CONTROL.VideoMode", "target": "MULTIMEDIA-SYSTEM-CONTROL.H261VideoMode", "value": 1},
    {"source": "MULTIMEDIA-SYSTEM-CONTROL.VideoMode", "target": "MULTIMEDIA-SYSTEM-CONTROL.GenericCapability", "value": 1},
    {"source": "MULTIMEDIA-SYSTEM-CONTROL.VideoMode", "target": "MULTIMEDIA-SYSTEM-CONTROL.H262VideoMode", "value": 1},
    {"source": "MULTIMEDIA-SYSTEM-CONTROL.VideoMode", "target": "MULTIMEDIA-SYSTEM-CONTROL.H263VideoMode", "value": 1},
    {"source": "MULTIMEDIA-SYSTEM-CONTROL.RedundancyEncodingCapability", "target": "MULTIMEDIA-SYSTEM-CONTROL.RedundancyEncodingMethod", "value": 1},
    {"source": "MULTIMEDIA-SYSTEM-CONTROL.RedundancyEncodingCapability", "target": "MULTIMEDIA-SYSTEM-CONTROL.CapabilityTableEntryNumber", "value": 1},
    {"source": "MULTIMEDIA-SYSTEM-CONTROL.EncryptionAuthenticationAndIntegrity", "target": "MULTIMEDIA-SYSTEM-CONTROL.AuthenticationCapability", "value": 1},
    {"source": "MULTIMEDIA-SYSTEM-CONTROL.EncryptionAuthenticationAndIntegrity", "target": "MULTIMEDIA-SYSTEM-CONTROL.IntegrityCapability", "value": 1},
    {"source": "MULTIMEDIA-SYSTEM-CONTROL.EncryptionAuthenticationAndIntegrity", "target": "MULTIMEDIA-SYSTEM-CONTROL.EncryptionCapability", "value": 1},
    {"source": "MULTIMEDIA-SYSTEM-CONTROL.EncryptionAuthenticationAndIntegrity", "target": "MULTIMEDIA-SYSTEM-CONTROL.GenericCapability", "value": 1},
    {"source": "MULTIMEDIA-SYSTEM-CONTROL.RequestMultiplexEntryAck", "target": "MULTIMEDIA-SYSTEM-CONTROL.MultiplexTableEntryNumber", "value": 1},
    {"source": "MULTIMEDIA-SYSTEM-CONTROL.RequestModeReject", "target": "MULTIMEDIA-SYSTEM-CONTROL.SequenceNumber", "value": 1},
    {"source": "MULTIMEDIA-SYSTEM-CONTROL.EncryptionCapability", "target": "MULTIMEDIA-SYSTEM-CONTROL.MediaEncryptionAlgorithm", "value": 1},
    {"source": "MULTIMEDIA-SYSTEM-CONTROL.MCLocationIndication", "target": "MULTIMEDIA-SYSTEM-CONTROL.TransportAddress", "value": 1},
    {"source": "MULTIMEDIA-SYSTEM-CONTROL.DataProtocolCapability", "target": "MULTIMEDIA-SYSTEM-CONTROL.NonStandardParameter", "value": 1},
    {"source": "MULTIMEDIA-SYSTEM-CONTROL.DataProtocolCapability", "target": "MULTIMEDIA-SYSTEM-CONTROL.CompressionType", "value": 1},
    {"source": "MULTIMEDIA-SYSTEM-CONTROL.MultiplexEntrySendReject", "target": "MULTIMEDIA-SYSTEM-CONTROL.SequenceNumber", "value": 1},
    {"source": "MULTIMEDIA-SYSTEM-CONTROL.MultiplexEntrySendReject", "target": "MULTIMEDIA-SYSTEM-CONTROL.MultiplexEntryRejectionDescriptions", "value": 1},
    {"source": "MULTIMEDIA-SYSTEM-CONTROL.GenericTransportParameters", "target": "MULTIMEDIA-SYSTEM-CONTROL.NonStandardParameter", "value": 1},
    {"source": "MULTIMEDIA-SYSTEM-CONTROL.MediaPacketizationCapability", "target": "MULTIMEDIA-SYSTEM-CONTROL.RTPPayloadType", "value": 1},
    {"source": "MULTIMEDIA-SYSTEM-CONTROL.ResponseMessage", "target": "MULTIMEDIA-SYSTEM-CONTROL.OpenLogicalChannelReject", "value": 1},
    {"source": "MULTIMEDIA-SYSTEM-CONTROL.ResponseMessage", "target": "MULTIMEDIA-SYSTEM-CONTROL.RequestMultiplexEntryAck", "value": 1},
    {"source": "MULTIMEDIA-SYSTEM-CONTROL.ResponseMessage", "target": "MULTIMEDIA-SYSTEM-CONTROL.CloseLogicalChannelAck", "value": 1},
    {"source": "MULTIMEDIA-SYSTEM-CONTROL.ResponseMessage", "target": "MULTIMEDIA-SYSTEM-CONTROL.MasterSlaveDeterminationAck", "value": 1},
    {"source": "MULTIMEDIA-SYSTEM-CONTROL.ResponseMessage", "target": "MULTIMEDIA-SYSTEM-CONTROL.RoundTripDelayResponse", "value": 1},
    {"source": "MULTIMEDIA-SYSTEM-CONTROL.ResponseMessage", "target": "MULTIMEDIA-SYSTEM-CONTROL.RequestModeReject", "value": 1},
    {"source": "MULTIMEDIA-SYSTEM-CONTROL.ResponseMessage", "target": "MULTIMEDIA-SYSTEM-CONTROL.RequestMultiplexEntryReject", "value": 1},
    {"source": "MULTIMEDIA-SYSTEM-CONTROL.ResponseMessage", "target": "MULTIMEDIA-SYSTEM-CONTROL.GenericMessage", "value": 1},
    {"source": "MULTIMEDIA-SYSTEM-CONTROL.ResponseMessage", "target": "MULTIMEDIA-SYSTEM-CONTROL.MaintenanceLoopAck", "value": 1},
    {"source": "MULTIMEDIA-SYSTEM-CONTROL.ResponseMessage", "target": "MULTIMEDIA-SYSTEM-CONTROL.OpenLogicalChannelAck", "value": 1},
    {"source": "MULTIMEDIA-SYSTEM-CONTROL.ResponseMessage", "target": "MULTIMEDIA-SYSTEM-CONTROL.LogicalChannelRateAcknowledge", "value": 1},
    {"source": "MULTIMEDIA-SYSTEM-CONTROL.ResponseMessage", "target": "MULTIMEDIA-SYSTEM-CONTROL.MultiplexEntrySendReject", "value": 1},
    {"source": "MULTIMEDIA-SYSTEM-CONTROL.ResponseMessage", "target": "MULTIMEDIA-SYSTEM-CONTROL.TerminalCapabilitySetReject", "value": 1},
    {"source": "MULTIMEDIA-SYSTEM-CONTROL.ResponseMessage", "target": "MULTIMEDIA-SYSTEM-CONTROL.LogicalChannelRateReject", "value": 1},
    {"source": "MULTIMEDIA-SYSTEM-CONTROL.ResponseMessage", "target": "MULTIMEDIA-SYSTEM-CONTROL.MultiplexEntrySendAck", "value": 1},
    {"source": "MULTIMEDIA-SYSTEM-CONTROL.ResponseMessage", "target": "MULTIMEDIA-SYSTEM-CONTROL.RequestChannelCloseReject", "value": 1},
    {"source": "MULTIMEDIA-SYSTEM-CONTROL.ResponseMessage", "target": "MULTIMEDIA-SYSTEM-CONTROL.RequestChannelCloseAck", "value": 1},
    {"source": "MULTIMEDIA-SYSTEM-CONTROL.ResponseMessage", "target": "MULTIMEDIA-SYSTEM-CONTROL.CommunicationModeResponse", "value": 1},
    {"source": "MULTIMEDIA-SYSTEM-CONTROL.ResponseMessage", "target": "MULTIMEDIA-SYSTEM-CONTROL.MultilinkResponse", "value": 1},
    {"source": "MULTIMEDIA-SYSTEM-CONTROL.ResponseMessage", "target": "MULTIMEDIA-SYSTEM-CONTROL.ConferenceResponse", "value": 1},
    {"source": "MULTIMEDIA-SYSTEM-CONTROL.ResponseMessage", "target": "MULTIMEDIA-SYSTEM-CONTROL.MaintenanceLoopReject", "value": 1},
    {"source": "MULTIMEDIA-SYSTEM-CONTROL.ResponseMessage", "target": "MULTIMEDIA-SYSTEM-CONTROL.NonStandardMessage", "value": 1},
    {"source": "MULTIMEDIA-SYSTEM-CONTROL.ResponseMessage", "target": "MULTIMEDIA-SYSTEM-CONTROL.MasterSlaveDeterminationReject", "value": 1},
    {"source": "MULTIMEDIA-SYSTEM-CONTROL.ResponseMessage", "target": "MULTIMEDIA-SYSTEM-CONTROL.TerminalCapabilitySetAck", "value": 1},
    {"source": "MULTIMEDIA-SYSTEM-CONTROL.ResponseMessage", "target": "MULTIMEDIA-SYSTEM-CONTROL.RequestModeAck", "value": 1},
    {"source": "MULTIMEDIA-SYSTEM-CONTROL.RequestMultiplexEntryRelease", "target": "MULTIMEDIA-SYSTEM-CONTROL.MultiplexTableEntryNumber", "value": 1},
    {"source": "MULTIMEDIA-SYSTEM-CONTROL.AudioCapability", "target": "MULTIMEDIA-SYSTEM-CONTROL.NoPTAudioTelephonyEventCapability", "value": 1},
    {"source": "MULTIMEDIA-SYSTEM-CONTROL.AudioCapability", "target": "MULTIMEDIA-SYSTEM-CONTROL.GSMAudioCapability", "value": 1},
    {"source": "MULTIMEDIA-SYSTEM-CONTROL.AudioCapability", "target": "MULTIMEDIA-SYSTEM-CONTROL.NoPTAudioToneCapability", "value": 1},
    {"source": "MULTIMEDIA-SYSTEM-CONTROL.AudioCapability", "target": "MULTIMEDIA-SYSTEM-CONTROL.G729Extensions", "value": 1},
    {"source": "MULTIMEDIA-SYSTEM-CONTROL.AudioCapability", "target": "MULTIMEDIA-SYSTEM-CONTROL.G7231AnnexCCapability", "value": 1},
    {"source": "MULTIMEDIA-SYSTEM-CONTROL.AudioCapability", "target": "MULTIMEDIA-SYSTEM-CONTROL.GenericCapability", "value": 1},
    {"source": "MULTIMEDIA-SYSTEM-CONTROL.AudioCapability", "target": "MULTIMEDIA-SYSTEM-CONTROL.NonStandardParameter", "value": 1},
    {"source": "MULTIMEDIA-SYSTEM-CONTROL.AudioCapability", "target": "MULTIMEDIA-SYSTEM-CONTROL.VBDCapability", "value": 1},
    {"source": "MULTIMEDIA-SYSTEM-CONTROL.AudioCapability", "target": "MULTIMEDIA-SYSTEM-CONTROL.IS13818AudioCapability", "value": 1},
    {"source": "MULTIMEDIA-SYSTEM-CONTROL.AudioCapability", "target": "MULTIMEDIA-SYSTEM-CONTROL.IS11172AudioCapability", "value": 1},
    {"source": "MULTIMEDIA-SYSTEM-CONTROL.MultiplexElement", "target": "MULTIMEDIA-SYSTEM-CONTROL.MultiplexElement", "value": 1},
    {"source": "MULTIMEDIA-SYSTEM-CONTROL.CommunicationModeResponse", "target": "MULTIMEDIA-SYSTEM-CONTROL.CommunicationModeTableEntry", "value": 1},
    {"source": "MULTIMEDIA-SYSTEM-CONTROL.EncryptionCommand", "target": "MULTIMEDIA-SYSTEM-CONTROL.SequenceNumber", "value": 1},
    {"source": "MULTIMEDIA-SYSTEM-CONTROL.EncryptionCommand", "target": "MULTIMEDIA-SYSTEM-CONTROL.NonStandardParameter", "value": 1},
    {"source": "MULTIMEDIA-SYSTEM-CONTROL.H223AL3MParameters", "target": "MULTIMEDIA-SYSTEM-CONTROL.H223AnnexCArqParameters", "value": 1},
    {"source": "MULTIMEDIA-SYSTEM-CONTROL.GenericCapability", "target": "MULTIMEDIA-SYSTEM-CONTROL.CapabilityIdentifier", "value": 1},
    {"source": "MULTIMEDIA-SYSTEM-CONTROL.GenericCapability", "target": "MULTIMEDIA-SYSTEM-CONTROL.GenericParameter", "value": 1},
    {"source": "MULTIMEDIA-SYSTEM-CONTROL.GenericCapability", "target": "MULTIMEDIA-SYSTEM-CONTROL.DataProtocolCapability", "value": 1},
    {"source": "MULTIMEDIA-SYSTEM-CONTROL.DataApplicationCapability", "target": "MULTIMEDIA-SYSTEM-CONTROL.NonStandardParameter", "value": 1},
    {"source": "MULTIMEDIA-SYSTEM-CONTROL.DataApplicationCapability", "target": "MULTIMEDIA-SYSTEM-CONTROL.DataProtocolCapability", "value": 1},
    {"source": "MULTIMEDIA-SYSTEM-CONTROL.DataApplicationCapability", "target": "MULTIMEDIA-SYSTEM-CONTROL.T84Profile", "value": 1},
    {"source": "MULTIMEDIA-SYSTEM-CONTROL.DataApplicationCapability", "target": "MULTIMEDIA-SYSTEM-CONTROL.T38FaxProfile", "value": 1},
    {"source": "MULTIMEDIA-SYSTEM-CONTROL.DataApplicationCapability", "target": "MULTIMEDIA-SYSTEM-CONTROL.GenericCapability", "value": 1},
    {"source": "MULTIMEDIA-SYSTEM-CONTROL.ServicePriorityValue", "target": "MULTIMEDIA-SYSTEM-CONTROL.NonStandardParameter", "value": 1},
    {"source": "MULTIMEDIA-SYSTEM-CONTROL.V76HDLCParameters", "target": "MULTIMEDIA-SYSTEM-CONTROL.CRCLength", "value": 1},
    {"source": "MULTIMEDIA-SYSTEM-CONTROL.MultiplePayloadStreamCapability", "target": "MULTIMEDIA-SYSTEM-CONTROL.AlternativeCapabilitySet", "value": 1},
    {"source": "MULTIMEDIA-SYSTEM-CONTROL.CompressionType", "target": "MULTIMEDIA-SYSTEM-CONTROL.V42bis", "value": 1},
    {"source": "MULTIMEDIA-SYSTEM-CONTROL.MultiplePayloadStream", "target": "MULTIMEDIA-SYSTEM-CONTROL.MultiplePayloadStreamElement", "value": 1},
    {"source": "MULTIMEDIA-SYSTEM-CONTROL.EncryptionSync", "target": "MULTIMEDIA-SYSTEM-CONTROL.NonStandardParameter", "value": 1},
    {"source": "MULTIMEDIA-SYSTEM-CONTROL.EncryptionSync", "target": "MULTIMEDIA-SYSTEM-CONTROL.GenericParameter", "value": 1},
    {"source": "MULTIMEDIA-SYSTEM-CONTROL.EncryptionSync", "target": "MULTIMEDIA-SYSTEM-CONTROL.EscrowData", "value": 1},
    {"source": "MULTIMEDIA-SYSTEM-CONTROL.MultiplexedStreamModeParameters", "target": "MULTIMEDIA-SYSTEM-CONTROL.LogicalChannelNumber", "value": 1},
    {"source": "MULTIMEDIA-SYSTEM-CONTROL.FECCapability", "target": "MULTIMEDIA-SYSTEM-CONTROL.MaxRedundancy", "value": 1},
    {"source": "MULTIMEDIA-SYSTEM-CONTROL.FECCapability", "target": "MULTIMEDIA-SYSTEM-CONTROL.CapabilityTableEntryNumber", "value": 1},
    {"source": "MULTIMEDIA-SYSTEM-CONTROL.FlowControlCommand", "target": "MULTIMEDIA-SYSTEM-CONTROL.LogicalChannelNumber", "value": 1},
    {"source": "MULTIMEDIA-SYSTEM-CONTROL.H2250LogicalChannelParameters", "target": "MULTIMEDIA-SYSTEM-CONTROL.NonStandardParameter", "value": 1},
    {"source": "MULTIMEDIA-SYSTEM-CONTROL.H2250LogicalChannelParameters", "target": "MULTIMEDIA-SYSTEM-CONTROL.TransportCapability", "value": 1},
    {"source": "MULTIMEDIA-SYSTEM-CONTROL.H2250LogicalChannelParameters", "target": "MULTIMEDIA-SYSTEM-CONTROL.TerminalLabel", "value": 1},
    {"source": "MULTIMEDIA-SYSTEM-CONTROL.H2250LogicalChannelParameters", "target": "MULTIMEDIA-SYSTEM-CONTROL.TransportAddress", "value": 1},
    {"source": "MULTIMEDIA-SYSTEM-CONTROL.H2250LogicalChannelParameters", "target": "MULTIMEDIA-SYSTEM-CONTROL.RTPPayloadType", "value": 1},
    {"source": "MULTIMEDIA-SYSTEM-CONTROL.H2250LogicalChannelParameters", "target": "MULTIMEDIA-SYSTEM-CONTROL.RedundancyEncoding", "value": 1},
    {"source": "MULTIMEDIA-SYSTEM-CONTROL.DataType", "target": "MULTIMEDIA-SYSTEM-CONTROL.NonStandardParameter", "value": 1},
    {"source": "MULTIMEDIA-SYSTEM-CONTROL.DataType", "target": "MULTIMEDIA-SYSTEM-CONTROL.AudioCapability", "value": 1},
    {"source": "MULTIMEDIA-SYSTEM-CONTROL.DataType", "target": "MULTIMEDIA-SYSTEM-CONTROL.MultiplePayloadStream", "value": 1},
    {"source": "MULTIMEDIA-SYSTEM-CONTROL.DataType", "target": "MULTIMEDIA-SYSTEM-CONTROL.VideoCapability", "value": 1},
    {"source": "MULTIMEDIA-SYSTEM-CONTROL.DataType", "target": "MULTIMEDIA-SYSTEM-CONTROL.RedundancyEncoding", "value": 1},
    {"source": "MULTIMEDIA-SYSTEM-CONTROL.DataType", "target": "MULTIMEDIA-SYSTEM-CONTROL.EncryptionMode", "value": 1},
    {"source": "MULTIMEDIA-SYSTEM-CONTROL.DataType", "target": "MULTIMEDIA-SYSTEM-CONTROL.FECData", "value": 1},
    {"source": "MULTIMEDIA-SYSTEM-CONTROL.DataType", "target": "MULTIMEDIA-SYSTEM-CONTROL.H235Media", "value": 1},
    {"source": "MULTIMEDIA-SYSTEM-CONTROL.DataType", "target": "MULTIMEDIA-SYSTEM-CONTROL.DataApplicationCapability", "value": 1},
    {"source": "MULTIMEDIA-SYSTEM-CONTROL.DataType", "target": "MULTIMEDIA-SYSTEM-CONTROL.MultiplexedStreamParameter", "value": 1},
    {"source": "MULTIMEDIA-SYSTEM-CONTROL.DataType", "target": "MULTIMEDIA-SYSTEM-CONTROL.DepFECData", "value": 1},
    {"source": "MULTIMEDIA-SYSTEM-CONTROL.H2250LogicalChannelAckParameters", "target": "MULTIMEDIA-SYSTEM-CONTROL.NonStandardParameter", "value": 1},
    {"source": "MULTIMEDIA-SYSTEM-CONTROL.H2250LogicalChannelAckParameters", "target": "MULTIMEDIA-SYSTEM-CONTROL.MultiplePayloadStream", "value": 1},
    {"source": "MULTIMEDIA-SYSTEM-CONTROL.H2250LogicalChannelAckParameters", "target": "MULTIMEDIA-SYSTEM-CONTROL.TransportAddress", "value": 1}
  ]
}
