{
  "_comment": "code automatically generated by pycrate_asn1c",
  "nodes": [
    {"id": "MEDIA-GATEWAY-CONTROL.MegacoMessage", "group": 2},
    {"id": "MEDIA-GATEWAY-CONTROL.AuthenticationHeader", "group": 2},
    {"id": "MEDIA-GATEWAY-CONTROL.SecurityParmIndex", "group": 2},
    {"id": "MEDIA-GATEWAY-CONTROL.SequenceNum", "group": 2},
    {"id": "MEDIA-GATEWAY-CONTROL.AuthData", "group": 2},
    {"id": "MEDIA-GATEWAY-CONTROL.Message", "group": 2},
    {"id": "MEDIA-GATEWAY-CONTROL.Mid", "group": 2},
    {"id": "MEDIA-GATEWAY-CONTROL.DomainName", "group": 2},
    {"id": "MEDIA-GATEWAY-CONTROL.IP4Address", "group": 2},
    {"id": "MEDIA-GATEWAY-CONTROL.IP6Address", "group": 2},
    {"id": "MEDIA-GATEWAY-CONTROL.PathName", "group": 2},
    {"id": "MEDIA-GATEWAY-CONTROL.Transaction", "group": 2},
    {"id": "MEDIA-GATEWAY-CONTROL.TransactionId", "group": 2},
    {"id": "MEDIA-GATEWAY-CONTROL.TransactionRequest", "group": 2},
    {"id": "MEDIA-GATEWAY-CONTROL.TransactionPending", "group": 2},
    {"id": "MEDIA-GATEWAY-CONTROL.TransactionReply", "group": 2},
    {"id": "MEDIA-GATEWAY-CONTROL.SegmentReply", "group": 2},
    {"id": "MEDIA-GATEWAY-CONTROL.SegmentNumber", "group": 2},
    {"id": "MEDIA-GATEWAY-CONTROL.TransactionResponseAck", "group": 2},
    {"id": "MEDIA-GATEWAY-CONTROL.TransactionAck", "group": 2},
    {"id": "MEDIA-GATEWAY-CONTROL.ErrorDescriptor", "group": 2},
    {"id": "MEDIA-GATEWAY-CONTROL.ErrorCode", "group": 2},
    {"id": "MEDIA-GATEWAY-CONTROL.ErrorText", "group": 2},
    {"id": "MEDIA-GATEWAY-CONTROL.ContextID", "group": 2},
    {"id": "MEDIA-GATEWAY-CONTROL.ActionRequest", "group": 2},
    {"id": "MEDIA-GATEWAY-CONTROL.ActionReply", "group": 2},
    {"id": "MEDIA-GATEWAY-CONTROL.ContextRequest", "group": 2},
    {"id": "MEDIA-GATEWAY-CONTROL.ContextAttrAuditRequest", "group": 2},
    {"id": "MEDIA-GATEWAY-CONTROL.SelectLogic", "group": 2},
    {"id": "MEDIA-GATEWAY-CONTROL.CommandRequest", "group": 2},
    {"id": "MEDIA-GATEWAY-CONTROL.Command", "group": 2},
    {"id": "MEDIA-GATEWAY-CONTROL.CommandReply", "group": 2},
    {"id": "MEDIA-GATEWAY-CONTROL.TopologyRequest", "group": 2},
    {"id": "MEDIA-GATEWAY-CONTROL.AmmRequest", "group": 2},
    {"id": "MEDIA-GATEWAY-CONTROL.AmmDescriptor", "group": 2},
    {"id": "MEDIA-GATEWAY-CONTROL.AmmsReply", "group": 2},
    {"id": "MEDIA-GATEWAY-CONTROL.SubtractRequest", "group": 2},
    {"id": "MEDIA-GATEWAY-CONTROL.AuditRequest", "group": 2},
    {"id": "MEDIA-GATEWAY-CONTROL.AuditReply", "group": 2},
    {"id": "MEDIA-GATEWAY-CONTROL.AuditResult", "group": 2},
    {"id": "MEDIA-GATEWAY-CONTROL.TermListAuditResult", "group": 2},
    {"id": "MEDIA-GATEWAY-CONTROL.TerminationAudit", "group": 2},
    {"id": "MEDIA-GATEWAY-CONTROL.AuditReturnParameter", "group": 2},
    {"id": "MEDIA-GATEWAY-CONTROL.AuditDescriptor", "group": 2},
    {"id": "MEDIA-GATEWAY-CONTROL.IndAuditParameter", "group": 2},
    {"id": "MEDIA-GATEWAY-CONTROL.IndAudMediaDescriptor", "group": 2},
    {"id": "MEDIA-GATEWAY-CONTROL.IndAudStreamDescriptor", "group": 2},
    {"id": "MEDIA-GATEWAY-CONTROL.IndAudStreamParms", "group": 2},
    {"id": "MEDIA-GATEWAY-CONTROL.IndAudLocalControlDescriptor", "group": 2},
    {"id": "MEDIA-GATEWAY-CONTROL.IndAudPropertyParm", "group": 2},
    {"id": "MEDIA-GATEWAY-CONTROL.IndAudLocalRemoteDescriptor", "group": 2},
    {"id": "MEDIA-GATEWAY-CONTROL.IndAudPropertyGroup", "group": 2},
    {"id": "MEDIA-GATEWAY-CONTROL.IndAudTerminationStateDescriptor", "group": 2},
    {"id": "MEDIA-GATEWAY-CONTROL.IndAudEventsDescriptor", "group": 2},
    {"id": "MEDIA-GATEWAY-CONTROL.IndAudEventBufferDescriptor", "group": 2},
    {"id": "MEDIA-GATEWAY-CONTROL.IndAudSignalsDescriptor", "group": 2},
    {"id": "MEDIA-GATEWAY-CONTROL.IndAudSeqSigList", "group": 2},
    {"id": "MEDIA-GATEWAY-CONTROL.IndAudSignal", "group": 2},
    {"id": "MEDIA-GATEWAY-CONTROL.IndAudStatisticsDescriptor", "group": 2},
    {"id": "MEDIA-GATEWAY-CONTROL.IndAudPackagesDescriptor", "group": 2},
    {"id": "MEDIA-GATEWAY-CONTROL.NotifyRequest", "group": 2},
    {"id": "MEDIA-GATEWAY-CONTROL.NotifyReply", "group": 2},
    {"id": "MEDIA-GATEWAY-CONTROL.ObservedEventsDescriptor", "group": 2},
    {"id": "MEDIA-GATEWAY-CONTROL.EventName", "group": 2},
    {"id": "MEDIA-GATEWAY-CONTROL.EventParameter", "group": 2},
    {"id": "MEDIA-GATEWAY-CONTROL.ServiceChangeRequest", "group": 2},
    {"id": "MEDIA-GATEWAY-CONTROL.ServiceChangeReply", "group": 2},
    {"id": "MEDIA-GATEWAY-CONTROL.ServiceChangeResult", "group": 2},
    {"id": "MEDIA-GATEWAY-CONTROL.WildcardField", "group": 2},
    {"id": "MEDIA-GATEWAY-CONTROL.TerminationID", "group": 2},
    {"id": "MEDIA-GATEWAY-CONTROL.TerminationIDList", "group": 2},
    {"id": "MEDIA-GATEWAY-CONTROL.MediaDescriptor", "group": 2},
    {"id": "MEDIA-GATEWAY-CONTROL.StreamDescriptor", "group": 2},
    {"id": "MEDIA-GATEWAY-CONTROL.StreamParms", "group": 2},
    {"id": "MEDIA-GATEWAY-CONTROL.LocalControlDescriptor", "group": 2},
    {"id": "MEDIA-GATEWAY-CONTROL.StreamMode", "group": 2},
    {"id": "MEDIA-GATEWAY-CONTROL.PropertyParm", "group": 2},
    {"id": "MEDIA-GATEWAY-CONTROL.Name", "group": 2},
    {"id": "MEDIA-GATEWAY-CONTROL.PkgdName", "group": 2},
    {"id": "MEDIA-GATEWAY-CONTROL.Relation", "group": 2},
    {"id": "MEDIA-GATEWAY-CONTROL.LocalRemoteDescriptor", "group": 2},
    {"id": "MEDIA-GATEWAY-CONTROL.PropertyGroup", "group": 2},
    {"id": "MEDIA-GATEWAY-CONTROL.TerminationStateDescriptor", "group": 2},
    {"id": "MEDIA-GATEWAY-CONTROL.EventBufferControl", "group": 2},
    {"id": "MEDIA-GATEWAY-CONTROL.ServiceState", "group": 2},
    {"id": "MEDIA-GATEWAY-CONTROL.MuxDescriptor", "group": 2},
    {"id": "MEDIA-GATEWAY-CONTROL.MuxType", "group": 2},
    {"id": "MEDIA-GATEWAY-CONTROL.StreamID", "group": 2},
    {"id": "MEDIA-GATEWAY-CONTROL.EventsDescriptor", "group": 2},
    {"id": "MEDIA-GATEWAY-CONTROL.RequestedEvent", "group": 2},
    {"id": "MEDIA-GATEWAY-CONTROL.RegulatedEmbeddedDescriptor", "group": 2},
    {"id": "MEDIA-GATEWAY-CONTROL.NotifyBehaviour", "group": 2},
    {"id": "MEDIA-GATEWAY-CONTROL.RequestedActions", "group": 2},
    {"id": "MEDIA-GATEWAY-CONTROL.SecondEventsDescriptor", "group": 2},
    {"id": "MEDIA-GATEWAY-CONTROL.SecondRequestedEvent", "group": 2},
    {"id": "MEDIA-GATEWAY-CONTROL.SecondRequestedActions", "group": 2},
    {"id": "MEDIA-GATEWAY-CONTROL.EventBufferDescriptor", "group": 2},
    {"id": "MEDIA-GATEWAY-CONTROL.EventSpec", "group": 2},
    {"id": "MEDIA-GATEWAY-CONTROL.SignalsDescriptor", "group": 2},
    {"id": "MEDIA-GATEWAY-CONTROL.SignalRequest", "group": 2},
    {"id": "MEDIA-GATEWAY-CONTROL.SeqSigList", "group": 2},
    {"id": "MEDIA-GATEWAY-CONTROL.SignalType", "group": 2},
    {"id": "MEDIA-GATEWAY-CONTROL.SignalDirection", "group": 2},
    {"id": "MEDIA-GATEWAY-CONTROL.SignalName", "group": 2},
    {"id": "MEDIA-GATEWAY-CONTROL.NotifyCompletion", "group": 2},
    {"id": "MEDIA-GATEWAY-CONTROL.SigParameter", "group": 2},
    {"id": "MEDIA-GATEWAY-CONTROL.RequestID", "group": 2},
    {"id": "MEDIA-GATEWAY-CONTROL.ModemDescriptor", "group": 2},
    {"id": "MEDIA-GATEWAY-CONTROL.ModemType", "group": 2},
    {"id": "MEDIA-GATEWAY-CONTROL.DigitMapName", "group": 2},
    {"id": "MEDIA-GATEWAY-CONTROL.DigitMapValue", "group": 2},
    {"id": "MEDIA-GATEWAY-CONTROL.ServiceChangeParm", "group": 2},
    {"id": "MEDIA-GATEWAY-CONTROL.ServiceChangeAddress", "group": 2},
    {"id": "MEDIA-GATEWAY-CONTROL.ServiceChangeResParm", "group": 2},
    {"id": "MEDIA-GATEWAY-CONTROL.ServiceChangeMethod", "group": 2},
    {"id": "MEDIA-GATEWAY-CONTROL.ServiceChangeProfile", "group": 2},
    {"id": "MEDIA-GATEWAY-CONTROL.PackagesDescriptor", "group": 2},
    {"id": "MEDIA-GATEWAY-CONTROL.PackagesItem", "group": 2},
    {"id": "MEDIA-GATEWAY-CONTROL.StatisticsDescriptor", "group": 2},
    {"id": "MEDIA-GATEWAY-CONTROL.StatisticsParameter", "group": 2},
    {"id": "MEDIA-GATEWAY-CONTROL.NonStandardData", "group": 2},
    {"id": "MEDIA-GATEWAY-CONTROL.NonStandardIdentifier", "group": 2},
    {"id": "MEDIA-GATEWAY-CONTROL.H221NonStandard", "group": 2},
    {"id": "MEDIA-GATEWAY-CONTROL.TimeNotation", "group": 2},
    {"id": "MEDIA-GATEWAY-CONTROL.Value", "group": 2},
    {"id": "MEDIA-GATEWAY-CONTROL.IndAudDigitMapDescriptor", "group": 2},
    {"id": "MEDIA-GATEWAY-CONTROL.ObservedEvent", "group": 2},
    {"id": "MEDIA-GATEWAY-CONTROL.EventDM", "group": 2},
    {"id": "MEDIA-GATEWAY-CONTROL.Signal", "group": 2}
  ],
  "links": [
    {"source": "MEDIA-GATEWAY-CONTROL.SignalRequest", "target": "MEDIA-GATEWAY-CONTROL.Signal", "value": 1},
    {"source": "MEDIA-GATEWAY-CONTROL.SignalRequest", "target": "MEDIA-GATEWAY-CONTROL.SeqSigList", "value": 1},
    {"source": "MEDIA-GATEWAY-CONTROL.SecondRequestedActions", "target": "MEDIA-GATEWAY-CONTROL.NotifyBehaviour", "value": 1},
    {"source": "MEDIA-GATEWAY-CONTROL.SecondRequestedActions", "target": "MEDIA-GATEWAY-CONTROL.SignalsDescriptor", "value": 1},
    {"source": "MEDIA-GATEWAY-CONTROL.SecondRequestedActions", "target": "MEDIA-GATEWAY-CONTROL.EventDM", "value": 1},
    {"source": "MEDIA-GATEWAY-CONTROL.Message", "target": "MEDIA-GATEWAY-CONTROL.ErrorDescriptor", "value": 1},
    {"source": "MEDIA-GATEWAY-CONTROL.Message", "target": "MEDIA-GATEWAY-CONTROL.Transaction", "value": 1},
    {"source": "MEDIA-GATEWAY-CONTROL.Message", "target": "MEDIA-GATEWAY-CONTROL.Mid", "value": 1},
    {"source": "MEDIA-GATEWAY-CONTROL.ActionReply", "target": "MEDIA-GATEWAY-CONTROL.ContextRequest", "value": 1},
    {"source": "MEDIA-GATEWAY-CONTROL.ActionReply", "target": "MEDIA-GATEWAY-CONTROL.ErrorDescriptor", "value": 1},
    {"source": "MEDIA-GATEWAY-CONTROL.ActionReply", "target": "MEDIA-GATEWAY-CONTROL.ContextID", "value": 1},
    {"source": "MEDIA-GATEWAY-CONTROL.ActionReply", "target": "MEDIA-GATEWAY-CONTROL.CommandReply", "value": 1},
    {"source": "MEDIA-GATEWAY-CONTROL.SecondEventsDescriptor", "target": "MEDIA-GATEWAY-CONTROL.SecondRequestedEvent", "value": 1},
    {"source": "MEDIA-GATEWAY-CONTROL.SecondEventsDescriptor", "target": "MEDIA-GATEWAY-CONTROL.RequestID", "value": 1},
    {"source": "MEDIA-GATEWAY-CONTROL.ContextAttrAuditRequest", "target": "MEDIA-GATEWAY-CONTROL.SelectLogic", "value": 1},
    {"source": "MEDIA-GATEWAY-CONTROL.ContextAttrAuditRequest", "target": "MEDIA-GATEWAY-CONTROL.IndAudPropertyParm", "value": 1},
    {"source": "MEDIA-GATEWAY-CONTROL.IndAudLocalControlDescriptor", "target": "MEDIA-GATEWAY-CONTROL.StreamMode", "value": 1},
    {"source": "MEDIA-GATEWAY-CONTROL.IndAudLocalControlDescriptor", "target": "MEDIA-GATEWAY-CONTROL.IndAudPropertyParm", "value": 1},
    {"source": "MEDIA-GATEWAY-CONTROL.IndAudEventBufferDescriptor", "target": "MEDIA-GATEWAY-CONTROL.StreamID", "value": 1},
    {"source": "MEDIA-GATEWAY-CONTROL.IndAudEventBufferDescriptor", "target": "MEDIA-GATEWAY-CONTROL.PkgdName", "value": 1},
    {"source": "MEDIA-GATEWAY-CONTROL.DigitMapName", "target": "MEDIA-GATEWAY-CONTROL.Name", "value": 1},
    {"source": "MEDIA-GATEWAY-CONTROL.ContextRequest", "target": "MEDIA-GATEWAY-CONTROL.TopologyRequest", "value": 1},
    {"source": "MEDIA-GATEWAY-CONTROL.ContextRequest", "target": "MEDIA-GATEWAY-CONTROL.ContextID", "value": 1},
    {"source": "MEDIA-GATEWAY-CONTROL.ContextRequest", "target": "MEDIA-GATEWAY-CONTROL.PropertyParm", "value": 1},
    {"source": "MEDIA-GATEWAY-CONTROL.SubtractRequest", "target": "MEDIA-GATEWAY-CONTROL.TerminationIDList", "value": 1},
    {"source": "MEDIA-GATEWAY-CONTROL.SubtractRequest", "target": "MEDIA-GATEWAY-CONTROL.AuditDescriptor", "value": 1},
    {"source": "MEDIA-GATEWAY-CONTROL.AuditRequest", "target": "MEDIA-GATEWAY-CONTROL.TerminationID", "value": 1},
    {"source": "MEDIA-GATEWAY-CONTROL.AuditRequest", "target": "MEDIA-GATEWAY-CONTROL.TerminationIDList", "value": 1},
    {"source": "MEDIA-GATEWAY-CONTROL.AuditRequest", "target": "MEDIA-GATEWAY-CONTROL.AuditDescriptor", "value": 1},
    {"source": "MEDIA-GATEWAY-CONTROL.Mid", "target": "MEDIA-GATEWAY-CONTROL.DomainName", "value": 1},
    {"source": "MEDIA-GATEWAY-CONTROL.Mid", "target": "MEDIA-GATEWAY-CONTROL.PathName", "value": 1},
    {"source": "MEDIA-GATEWAY-CONTROL.Mid", "target": "MEDIA-GATEWAY-CONTROL.IP6Address", "value": 1},
    {"source": "MEDIA-GATEWAY-CONTROL.Mid", "target": "MEDIA-GATEWAY-CONTROL.IP4Address", "value": 1},
    {"source": "MEDIA-GATEWAY-CONTROL.CommandRequest", "target": "MEDIA-GATEWAY-CONTROL.Command", "value": 1},
    {"source": "MEDIA-GATEWAY-CONTROL.TransactionPending", "target": "MEDIA-GATEWAY-CONTROL.TransactionId", "value": 1},
    {"source": "MEDIA-GATEWAY-CONTROL.TransactionAck", "target": "MEDIA-GATEWAY-CONTROL.TransactionId", "value": 1},
    {"source": "MEDIA-GATEWAY-CONTROL.StatisticsDescriptor", "target": "MEDIA-GATEWAY-CONTROL.StatisticsParameter", "value": 1},
    {"source": "MEDIA-GATEWAY-CONTROL.NotifyReply", "target": "MEDIA-GATEWAY-CONTROL.ErrorDescriptor", "value": 1},
    {"source": "MEDIA-GATEWAY-CONTROL.NotifyReply", "target": "MEDIA-GATEWAY-CONTROL.TerminationIDList", "value": 1},
    {"source": "MEDIA-GATEWAY-CONTROL.Transaction", "target": "MEDIA-GATEWAY-CONTROL.TransactionReply", "value": 1},
    {"source": "MEDIA-GATEWAY-CONTROL.Transaction", "target": "MEDIA-GATEWAY-CONTROL.TransactionRequest", "value": 1},
    {"source": "MEDIA-GATEWAY-CONTROL.Transaction", "target": "MEDIA-GATEWAY-CONTROL.TransactionResponseAck", "value": 1},
    {"source": "MEDIA-GATEWAY-CONTROL.Transaction", "target": "MEDIA-GATEWAY-CONTROL.TransactionPending", "value": 1},
    {"source": "MEDIA-GATEWAY-CONTROL.Transaction", "target": "MEDIA-GATEWAY-CONTROL.SegmentReply", "value": 1},
    {"source": "MEDIA-GATEWAY-CONTROL.SignalsDescriptor", "target": "MEDIA-GATEWAY-CONTROL.SignalRequest", "value": 1},
    {"source": "MEDIA-GATEWAY-CONTROL.IndAudTerminationStateDescriptor", "target": "MEDIA-GATEWAY-CONTROL.ServiceState", "value": 1},
    {"source": "MEDIA-GATEWAY-CONTROL.IndAudTerminationStateDescriptor", "target": "MEDIA-GATEWAY-CONTROL.IndAudPropertyParm", "value": 1},
    {"source": "MEDIA-GATEWAY-CONTROL.ServiceChangeRequest", "target": "MEDIA-GATEWAY-CONTROL.ServiceChangeParm", "value": 1},
    {"source": "MEDIA-GATEWAY-CONTROL.ServiceChangeRequest", "target": "MEDIA-GATEWAY-CONTROL.TerminationIDList", "value": 1},
    {"source": "MEDIA-GATEWAY-CONTROL.ActionRequest", "target": "MEDIA-GATEWAY-CONTROL.ContextRequest", "value": 1},
    {"source": "MEDIA-GATEWAY-CONTROL.ActionRequest", "target": "MEDIA-GATEWAY-CONTROL.CommandRequest", "value": 1},
    {"source": "MEDIA-GATEWAY-CONTROL.ActionRequest", "target": "MEDIA-GATEWAY-CONTROL.ContextID", "value": 1},
    {"source": "MEDIA-GATEWAY-CONTROL.ActionRequest", "target": "MEDIA-GATEWAY-CONTROL.ContextAttrAuditRequest", "value": 1},
    {"source": "MEDIA-GATEWAY-CONTROL.StatisticsParameter", "target": "MEDIA-GATEWAY-CONTROL.Value", "value": 1},
    {"source": "MEDIA-GATEWAY-CONTROL.StatisticsParameter", "target": "MEDIA-GATEWAY-CONTROL.PkgdName", "value": 1},
    {"source": "MEDIA-GATEWAY-CONTROL.ServiceChangeResParm", "target": "MEDIA-GATEWAY-CONTROL.ServiceChangeProfile", "value": 1},
    {"source": "MEDIA-GATEWAY-CONTROL.ServiceChangeResParm", "target": "MEDIA-GATEWAY-CONTROL.TimeNotation", "value": 1},
    {"source": "MEDIA-GATEWAY-CONTROL.ServiceChangeResParm", "target": "MEDIA-GATEWAY-CONTROL.ServiceChangeAddress", "value": 1},
    {"source": "MEDIA-GATEWAY-CONTROL.ServiceChangeResParm", "target": "MEDIA-GATEWAY-CONTROL.Mid", "value": 1},
    {"source": "MEDIA-GATEWAY-CONTROL.RequestedActions", "target": "MEDIA-GATEWAY-CONTROL.SecondEventsDescriptor", "value": 1},
    {"source": "MEDIA-GATEWAY-CONTROL.RequestedActions", "target": "MEDIA-GATEWAY-CONTROL.SignalsDescriptor", "value": 1},
    {"source": "MEDIA-GATEWAY-CONTROL.RequestedActions", "target": "MEDIA-GATEWAY-CONTROL.EventDM", "value": 1},
    {"source": "MEDIA-GATEWAY-CONTROL.RequestedActions", "target": "MEDIA-GATEWAY-CONTROL.NotifyBehaviour", "value": 1},
    {"source": "MEDIA-GATEWAY-CONTROL.MediaDescriptor", "target": "MEDIA-GATEWAY-CONTROL.StreamParms", "value": 1},
    {"source": "MEDIA-GATEWAY-CONTROL.MediaDescriptor", "target": "MEDIA-GATEWAY-CONTROL.TerminationStateDescriptor", "value": 1},
    {"source": "MEDIA-GATEWAY-CONTROL.MediaDescriptor", "target": "MEDIA-GATEWAY-CONTROL.StreamDescriptor", "value": 1},
    {"source": "MEDIA-GATEWAY-CONTROL.IndAudPropertyGroup", "target": "MEDIA-GATEWAY-CONTROL.IndAudPropertyParm", "value": 1},
    {"source": "MEDIA-GATEWAY-CONTROL.TerminationIDList", "target": "MEDIA-GATEWAY-CONTROL.TerminationID", "value": 1},
    {"source": "MEDIA-GATEWAY-CONTROL.MuxDescriptor", "target": "MEDIA-GATEWAY-CONTROL.NonStandardData", "value": 1},
    {"source": "MEDIA-GATEWAY-CONTROL.MuxDescriptor", "target": "MEDIA-GATEWAY-CONTROL.TerminationID", "value": 1},
    {"source": "MEDIA-GATEWAY-CONTROL.MuxDescriptor", "target": "MEDIA-GATEWAY-CONTROL.MuxType", "value": 1},
    {"source": "MEDIA-GATEWAY-CONTROL.AmmRequest", "target": "MEDIA-GATEWAY-CONTROL.TerminationIDList", "value": 1},
    {"source": "MEDIA-GATEWAY-CONTROL.AmmRequest", "target": "MEDIA-GATEWAY-CONTROL.AmmDescriptor", "value": 1},
    {"source": "MEDIA-GATEWAY-CONTROL.TermListAuditResult", "target": "MEDIA-GATEWAY-CONTROL.TerminationAudit", "value": 1},
    {"source": "MEDIA-GATEWAY-CONTROL.TermListAuditResult", "target": "MEDIA-GATEWAY-CONTROL.TerminationIDList", "value": 1},
    {"source": "MEDIA-GATEWAY-CONTROL.TerminationStateDescriptor", "target": "MEDIA-GATEWAY-CONTROL.EventBufferControl", "value": 1},
    {"source": "MEDIA-GATEWAY-CONTROL.TerminationStateDescriptor", "target": "MEDIA-GATEWAY-CONTROL.ServiceState", "value": 1},
    {"source": "MEDIA-GATEWAY-CONTROL.TerminationStateDescriptor", "target": "MEDIA-GATEWAY-CONTROL.PropertyParm", "value": 1},
    {"source": "MEDIA-GATEWAY-CONTROL.AuditReply", "target": "MEDIA-GATEWAY-CONTROL.AuditResult", "value": 1},
    {"source": "MEDIA-GATEWAY-CONTROL.AuditReply", "target": "MEDIA-GATEWAY-CONTROL.ErrorDescriptor", "value": 1},
    {"source": "MEDIA-GATEWAY-CONTROL.AuditReply", "target": "MEDIA-GATEWAY-CONTROL.TermListAuditResult", "value": 1},
    {"source": "MEDIA-GATEWAY-CONTROL.AuditReply", "target": "MEDIA-GATEWAY-CONTROL.TerminationIDList", "value": 1},
    {"source": "MEDIA-GATEWAY-CONTROL.MegacoMessage", "target": "MEDIA-GATEWAY-CONTROL.Message", "value": 1},
    {"source": "MEDIA-GATEWAY-CONTROL.MegacoMessage", "target": "MEDIA-GATEWAY-CONTROL.AuthenticationHeader", "value": 1},
    {"source": "MEDIA-GATEWAY-CONTROL.IndAudEventsDescriptor", "target": "MEDIA-GATEWAY-CONTROL.StreamID", "value": 1},
    {"source": "MEDIA-GATEWAY-CONTROL.IndAudEventsDescriptor", "target": "MEDIA-GATEWAY-CONTROL.PkgdName", "value": 1},
    {"source": "MEDIA-GATEWAY-CONTROL.IndAudEventsDescriptor", "target": "MEDIA-GATEWAY-CONTROL.RequestID", "value": 1},
    {"source": "MEDIA-GATEWAY-CONTROL.PackagesDescriptor", "target": "MEDIA-GATEWAY-CONTROL.PackagesItem", "value": 1},
    {"source": "MEDIA-GATEWAY-CONTROL.IndAudSignal", "target": "MEDIA-GATEWAY-CONTROL.StreamID", "value": 1},
    {"source": "MEDIA-GATEWAY-CONTROL.IndAudSignal", "target": "MEDIA-GATEWAY-CONTROL.PkgdName", "value": 1},
    {"source": "MEDIA-GATEWAY-CONTROL.IndAudSignal", "target": "MEDIA-GATEWAY-CONTROL.RequestID", "value": 1},
    {"source": "MEDIA-GATEWAY-CONTROL.IndAudPropertyParm", "target": "MEDIA-GATEWAY-CONTROL.PkgdName", "value": 1},
    {"source": "MEDIA-GATEWAY-CONTROL.IndAudPropertyParm", "target": "MEDIA-GATEWAY-CONTROL.PropertyParm", "value": 1},
    {"source": "MEDIA-GATEWAY-CONTROL.AmmDescriptor", "target": "MEDIA-GATEWAY-CONTROL.ModemDescriptor", "value": 1},
    {"source": "MEDIA-GATEWAY-CONTROL.AmmDescriptor", "target": "MEDIA-GATEWAY-CONTROL.MediaDescriptor", "value": 1},
    {"source": "MEDIA-GATEWAY-CONTROL.AmmDescriptor", "target": "MEDIA-GATEWAY-CONTROL.EventsDescriptor", "value": 1},
    {"source": "MEDIA-GATEWAY-CONTROL.AmmDescriptor", "target": "MEDIA-GATEWAY-CONTROL.StatisticsDescriptor", "value": 1},
    {"source": "MEDIA-GATEWAY-CONTROL.AmmDescriptor", "target": "MEDIA-GATEWAY-CONTROL.MuxDescriptor", "value": 1},
    {"source": "MEDIA-GATEWAY-CONTROL.AmmDescriptor", "target": "MEDIA-GATEWAY-CONTROL.EventBufferDescriptor", "value": 1},
    {"source": "MEDIA-GATEWAY-CONTROL.AmmDescriptor", "target": "MEDIA-GATEWAY-CONTROL.SignalsDescriptor", "value": 1},
    {"source": "MEDIA-GATEWAY-CONTROL.AmmDescriptor", "target": "MEDIA-GATEWAY-CONTROL.DigitMapDescriptor", "value": 1},
    {"source": "MEDIA-GATEWAY-CONTROL.AmmDescriptor", "target": "MEDIA-GATEWAY-CONTROL.AuditDescriptor", "value": 1},
    {"source": "MEDIA-GATEWAY-CONTROL.AuditDescriptor", "target": "MEDIA-GATEWAY-CONTROL.IndAuditParameter", "value": 1},
    {"source": "MEDIA-GATEWAY-CONTROL.Command", "target": "MEDIA-GATEWAY-CONTROL.ServiceChangeRequest", "value": 1},
    {"source": "MEDIA-GATEWAY-CONTROL.Command", "target": "MEDIA-GATEWAY-CONTROL.NotifyRequest", "value": 1},
    {"source": "MEDIA-GATEWAY-CONTROL.Command", "target": "MEDIA-GATEWAY-CONTROL.AmmRequest", "value": 1},
    {"source": "MEDIA-GATEWAY-CONTROL.Command", "target": "MEDIA-GATEWAY-CONTROL.AuditRequest", "value": 1},
    {"source": "MEDIA-GATEWAY-CONTROL.Command", "target": "MEDIA-GATEWAY-CONTROL.SubtractRequest", "value": 1},
    {"source": "MEDIA-GATEWAY-CONTROL.ServiceChangeResult", "target": "MEDIA-GATEWAY-CONTROL.ErrorDescriptor", "value": 1},
    {"source": "MEDIA-GATEWAY-CONTROL.ServiceChangeResult", "target": "MEDIA-GATEWAY-CONTROL.ServiceChangeResParm", "value": 1},
    {"source": "MEDIA-GATEWAY-CONTROL.IndAudDigitMapDescriptor", "target": "MEDIA-GATEWAY-CONTROL.DigitMapName", "value": 1},
    {"source": "MEDIA-GATEWAY-CONTROL.TransactionRequest", "target": "MEDIA-GATEWAY-CONTROL.TransactionId", "value": 1},
    {"source": "MEDIA-GATEWAY-CONTROL.TransactionRequest", "target": "MEDIA-GATEWAY-CONTROL.ActionRequest", "value": 1},
    {"source": "MEDIA-GATEWAY-CONTROL.EventName", "target": "MEDIA-GATEWAY-CONTROL.PkgdName", "value": 1},
    {"source": "MEDIA-GATEWAY-CONTROL.TopologyRequest", "target": "MEDIA-GATEWAY-CONTROL.StreamID", "value": 1},
    {"source": "MEDIA-GATEWAY-CONTROL.TopologyRequest", "target": "MEDIA-GATEWAY-CONTROL.TerminationID", "value": 1},
    {"source": "MEDIA-GATEWAY-CONTROL.ServiceChangeAddress", "target": "MEDIA-GATEWAY-CONTROL.DomainName", "value": 1},
    {"source": "MEDIA-GATEWAY-CONTROL.ServiceChangeAddress", "target": "MEDIA-GATEWAY-CONTROL.PathName", "value": 1},
    {"source": "MEDIA-GATEWAY-CONTROL.ServiceChangeAddress", "target": "MEDIA-GATEWAY-CONTROL.IP6Address", "value": 1},
    {"source": "MEDIA-GATEWAY-CONTROL.ServiceChangeAddress", "target": "MEDIA-GATEWAY-CONTROL.IP4Address", "value": 1},
    {"source": "MEDIA-GATEWAY-CONTROL.StreamDescriptor", "target": "MEDIA-GATEWAY-CONTROL.StreamParms", "value": 1},
    {"source": "MEDIA-GATEWAY-CONTROL.StreamDescriptor", "target": "MEDIA-GATEWAY-CONTROL.StreamID", "value": 1},
    {"source": "MEDIA-GATEWAY-CONTROL.IndAudMediaDescriptor", "target": "MEDIA-GATEWAY-CONTROL.IndAudStreamDescriptor", "value": 1},
    {"source": "MEDIA-GATEWAY-CONTROL.IndAudMediaDescriptor", "target": "MEDIA-GATEWAY-CONTROL.IndAudTerminationStateDescriptor", "value": 1},
    {"source": "MEDIA-GATEWAY-CONTROL.IndAudMediaDescriptor", "target": "MEDIA-GATEWAY-CONTROL.IndAudStreamParms", "value": 1},
    {"source": "MEDIA-GATEWAY-CONTROL.ObservedEventsDescriptor", "target": "MEDIA-GATEWAY-CONTROL.ObservedEvent", "value": 1},
    {"source": "MEDIA-GATEWAY-CONTROL.ObservedEventsDescriptor", "target": "MEDIA-GATEWAY-CONTROL.RequestID", "value": 1},
    {"source": "MEDIA-GATEWAY-CONTROL.SigParameter", "target": "MEDIA-GATEWAY-CONTROL.Relation", "value": 1},
    {"source": "MEDIA-GATEWAY-CONTROL.SigParameter", "target": "MEDIA-GATEWAY-CONTROL.Value", "value": 1},
    {"source": "MEDIA-GATEWAY-CONTROL.SigParameter", "target": "MEDIA-GATEWAY-CONTROL.Name", "value": 1},
    {"source": "MEDIA-GATEWAY-CONTROL.PackagesItem", "target": "MEDIA-GATEWAY-CONTROL.Name", "value": 1},
    {"source": "MEDIA-GATEWAY-CONTROL.ServiceChangeParm", "target": "MEDIA-GATEWAY-CONTROL.NonStandardData", "value": 1},
    {"source": "MEDIA-GATEWAY-CONTROL.ServiceChangeParm", "target": "MEDIA-GATEWAY-CONTROL.ServiceChangeMethod", "value": 1},
    {"source": "MEDIA-GATEWAY-CONTROL.ServiceChangeParm", "target": "MEDIA-GATEWAY-CONTROL.Value", "value": 1},
    {"source": "MEDIA-GATEWAY-CONTROL.ServiceChangeParm", "target": "MEDIA-GATEWAY-CONTROL.ServiceChangeAddress", "value": 1},
    {"source": "MEDIA-GATEWAY-CONTROL.ServiceChangeParm", "target": "MEDIA-GATEWAY-CONTROL.Mid", "value": 1},
    {"source": "MEDIA-GATEWAY-CONTROL.ServiceChangeParm", "target": "MEDIA-GATEWAY-CONTROL.ServiceChangeProfile", "value": 1},
    {"source": "MEDIA-GATEWAY-CONTROL.ServiceChangeParm", "target": "MEDIA-GATEWAY-CONTROL.TimeNotation", "value": 1},
    {"source": "MEDIA-GATEWAY-CONTROL.ServiceChangeParm", "target": "MEDIA-GATEWAY-CONTROL.AuditDescriptor", "value": 1},
    {"source": "MEDIA-GATEWAY-CONTROL.CommandReply", "target": "MEDIA-GATEWAY-CONTROL.NotifyReply", "value": 1},
    {"source": "MEDIA-GATEWAY-CONTROL.CommandReply", "target": "MEDIA-GATEWAY-CONTROL.ServiceChangeReply", "value": 1},
    {"source": "MEDIA-GATEWAY-CONTROL.CommandReply", "target": "MEDIA-GATEWAY-CONTROL.AuditReply", "value": 1},
    {"source": "MEDIA-GATEWAY-CONTROL.CommandReply", "target": "MEDIA-GATEWAY-CONTROL.AmmsReply", "value": 1},
    {"source": "MEDIA-GATEWAY-CONTROL.AuditResult", "target": "MEDIA-GATEWAY-CONTROL.TerminationID", "value": 1},
    {"source": "MEDIA-GATEWAY-CONTROL.AuditResult", "target": "MEDIA-GATEWAY-CONTROL.TerminationAudit", "value": 1},
    {"source": "MEDIA-GATEWAY-CONTROL.EventDM", "target": "MEDIA-GATEWAY-CONTROL.DigitMapName", "value": 1},
    {"source": "MEDIA-GATEWAY-CONTROL.EventDM", "target": "MEDIA-GATEWAY-CONTROL.DigitMapValue", "value": 1},
    {"source": "MEDIA-GATEWAY-CONTROL.IndAudStatisticsDescriptor", "target": "MEDIA-GATEWAY-CONTROL.PkgdName", "value": 1},
    {"source": "MEDIA-GATEWAY-CONTROL.IndAudSeqSigList", "target": "MEDIA-GATEWAY-CONTROL.IndAudSignal", "value": 1},
    {"source": "MEDIA-GATEWAY-CONTROL.PropertyGroup", "target": "MEDIA-GATEWAY-CONTROL.PropertyParm", "value": 1},
    {"source": "MEDIA-GATEWAY-CONTROL.NonStandardIdentifier", "target": "MEDIA-GATEWAY-CONTROL.H221NonStandard", "value": 1},
    {"source": "MEDIA-GATEWAY-CONTROL.AuditReturnParameter", "target": "MEDIA-GATEWAY-CONTROL.StatisticsDescriptor", "value": 1},
    {"source": "MEDIA-GATEWAY-CONTROL.AuditReturnParameter", "target": "MEDIA-GATEWAY-CONTROL.PackagesDescriptor", "value": 1},
    {"source": "MEDIA-GATEWAY-CONTROL.AuditReturnParameter", "target": "MEDIA-GATEWAY-CONTROL.MuxDescriptor", "value": 1},
    {"source": "MEDIA-GATEWAY-CONTROL.AuditReturnParameter", "target": "MEDIA-GATEWAY-CONTROL.MediaDescriptor", "value": 1},
    {"source": "MEDIA-GATEWAY-CONTROL.AuditReturnParameter", "target": "MEDIA-GATEWAY-CONTROL.SignalsDescriptor", "value": 1},
    {"source": "MEDIA-GATEWAY-CONTROL.AuditReturnParameter", "target": "MEDIA-GATEWAY-CONTROL.ErrorDescriptor", "value": 1},
    {"source": "MEDIA-GATEWAY-CONTROL.AuditReturnParameter", "target": "MEDIA-GATEWAY-CONTROL.ObservedEventsDescriptor", "value": 1},
    {"source": "MEDIA-GATEWAY-CONTROL.AuditReturnParameter", "target": "MEDIA-GATEWAY-CONTROL.AuditDescriptor", "value": 1},
    {"source": "MEDIA-GATEWAY-CONTROL.AuditReturnParameter", "target": "MEDIA-GATEWAY-CONTROL.ModemDescriptor", "value": 1},
    {"source": "MEDIA-GATEWAY-CONTROL.AuditReturnParameter", "target": "MEDIA-GATEWAY-CONTROL.EventsDescriptor", "value": 1},
    {"source": "MEDIA-GATEWAY-CONTROL.AuditReturnParameter", "target": "MEDIA-GATEWAY-CONTROL.EventBufferDescriptor", "value": 1},
    {"source": "MEDIA-GATEWAY-CONTROL.AuditReturnParameter", "target": "MEDIA-GATEWAY-CONTROL.DigitMapDescriptor", "value": 1},
    {"source": "MEDIA-GATEWAY-CONTROL.NotifyBehaviour", "target": "MEDIA-GATEWAY-CONTROL.RegulatedEmbeddedDescriptor", "value": 1},
    {"source": "MEDIA-GATEWAY-CONTROL.EventParameter", "target": "MEDIA-GATEWAY-CONTROL.Relation", "value": 1},
    {"source": "MEDIA-GATEWAY-CONTROL.EventParameter", "target": "MEDIA-GATEWAY-CONTROL.Value", "value": 1},
    {"source": "MEDIA-GATEWAY-CONTROL.EventParameter", "target": "MEDIA-GATEWAY-CONTROL.Name", "value": 1},
    {"source": "MEDIA-GATEWAY-CONTROL.ErrorDescriptor", "target": "MEDIA-GATEWAY-CONTROL.ErrorText", "value": 1},
    {"source": "MEDIA-GATEWAY-CONTROL.ErrorDescriptor", "target": "MEDIA-GATEWAY-CONTROL.ErrorCode", "value": 1},
    {"source": "MEDIA-GATEWAY-CONTROL.SignalName", "target": "MEDIA-GATEWAY-CONTROL.PkgdName", "value": 1},
    {"source": "MEDIA-GATEWAY-CONTROL.EventsDescriptor", "target": "MEDIA-GATEWAY-CONTROL.RequestedEvent", "value": 1},
    {"source": "MEDIA-GATEWAY-CONTROL.EventsDescriptor", "target": "MEDIA-GATEWAY-CONTROL.RequestID", "value": 1},
    {"source": "MEDIA-GATEWAY-CONTROL.RegulatedEmbeddedDescriptor", "target": "MEDIA-GATEWAY-CONTROL.SignalsDescriptor", "value": 1},
    {"source": "MEDIA-GATEWAY-CONTROL.RegulatedEmbeddedDescriptor", "target": "MEDIA-GATEWAY-CONTROL.SecondEventsDescriptor", "value": 1},
    {"source": "MEDIA-GATEWAY-CONTROL.IndAudLocalRemoteDescriptor", "target": "MEDIA-GATEWAY-CONTROL.IndAudPropertyGroup", "value": 1},
    {"source": "MEDIA-GATEWAY-CONTROL.IndAudPackagesDescriptor", "target": "MEDIA-GATEWAY-CONTROL.Name", "value": 1},
    {"source": "MEDIA-GATEWAY-CONTROL.EventSpec", "target": "MEDIA-GATEWAY-CONTROL.StreamID", "value": 1},
    {"source": "MEDIA-GATEWAY-CONTROL.EventSpec", "target": "MEDIA-GATEWAY-CONTROL.EventParameter", "value": 1},
    {"source": "MEDIA-GATEWAY-CONTROL.EventSpec", "target": "MEDIA-GATEWAY-CONTROL.EventName", "value": 1},
    {"source": "MEDIA-GATEWAY-CONTROL.IndAudSignalsDescriptor", "target": "MEDIA-GATEWAY-CONTROL.IndAudSignal", "value": 1},
    {"source": "MEDIA-GATEWAY-CONTROL.IndAudSignalsDescriptor", "target": "MEDIA-GATEWAY-CONTROL.IndAudSeqSigList", "value": 1},
    {"source": "MEDIA-GATEWAY-CONTROL.TransactionReply", "target": "MEDIA-GATEWAY-CONTROL.TransactionId", "value": 1},
    {"source": "MEDIA-GATEWAY-CONTROL.TransactionReply", "target": "MEDIA-GATEWAY-CONTROL.ActionReply", "value": 1},
    {"source": "MEDIA-GATEWAY-CONTROL.TransactionReply", "target": "MEDIA-GATEWAY-CONTROL.ErrorDescriptor", "value": 1},
    {"source": "MEDIA-GATEWAY-CONTROL.TransactionReply", "target": "MEDIA-GATEWAY-CONTROL.SegmentNumber", "value": 1},
    {"source": "MEDIA-GATEWAY-CONTROL.IndAuditParameter", "target": "MEDIA-GATEWAY-CONTROL.IndAudEventBufferDescriptor", "value": 1},
    {"source": "MEDIA-GATEWAY-CONTROL.IndAuditParameter", "target": "MEDIA-GATEWAY-CONTROL.IndAudMediaDescriptor", "value": 1},
    {"source": "MEDIA-GATEWAY-CONTROL.IndAuditParameter", "target": "MEDIA-GATEWAY-CONTROL.IndAudSignalsDescriptor", "value": 1},
    {"source": "MEDIA-GATEWAY-CONTROL.IndAuditParameter", "target": "MEDIA-GATEWAY-CONTROL.IndAudDigitMapDescriptor", "value": 1},
    {"source": "MEDIA-GATEWAY-CONTROL.IndAuditParameter", "target": "MEDIA-GATEWAY-CONTROL.IndAudPackagesDescriptor", "value": 1},
    {"source": "MEDIA-GATEWAY-CONTROL.IndAuditParameter", "target": "MEDIA-GATEWAY-CONTROL.IndAudStatisticsDescriptor", "value": 1},
    {"source": "MEDIA-GATEWAY-CONTROL.IndAuditParameter", "target": "MEDIA-GATEWAY-CONTROL.IndAudEventsDescriptor", "value": 1},
    {"source": "MEDIA-GATEWAY-CONTROL.Signal", "target": "MEDIA-GATEWAY-CONTROL.SignalName", "value": 1},
    {"source": "MEDIA-GATEWAY-CONTROL.Signal", "target": "MEDIA-GATEWAY-CONTROL.SignalType", "value": 1},
    {"source": "MEDIA-GATEWAY-CONTROL.Signal", "target": "MEDIA-GATEWAY-CONTROL.SignalDirection", "value": 1},
    {"source": "MEDIA-GATEWAY-CONTROL.Signal", "target": "MEDIA-GATEWAY-CONTROL.StreamID", "value": 1},
    {"source": "MEDIA-GATEWAY-CONTROL.Signal", "target": "MEDIA-GATEWAY-CONTROL.SigParameter", "value": 1},
    {"source": "MEDIA-GATEWAY-CONTROL.Signal", "target": "MEDIA-GATEWAY-CONTROL.NotifyCompletion", "value": 1},
    {"source": "MEDIA-GATEWAY-CONTROL.Signal", "target": "MEDIA-GATEWAY-CONTROL.RequestID", "value": 1},
    {"source": "MEDIA-GATEWAY-CONTROL.IndAudStreamParms", "target": "MEDIA-GATEWAY-CONTROL.IndAudLocalRemoteDescriptor", "value": 1},
    {"source": "MEDIA-GATEWAY-CONTROL.IndAudStreamParms", "target": "MEDIA-GATEWAY-CONTROL.IndAudStatisticsDescriptor", "value": 1},
    {"source": "MEDIA-GATEWAY-CONTROL.IndAudStreamParms", "target": "MEDIA-GATEWAY-CONTROL.IndAudLocalControlDescriptor", "value": 1},
    {"source": "MEDIA-GATEWAY-CONTROL.LocalRemoteDescriptor", "target": "MEDIA-GATEWAY-CONTROL.PropertyGroup", "value": 1},
    {"source": "MEDIA-GATEWAY-CONTROL.TerminationID", "target": "MEDIA-GATEWAY-CONTROL.WildcardField", "value": 1},
    {"source": "MEDIA-GATEWAY-CONTROL.NonStandardData", "target": "MEDIA-GATEWAY-CONTROL.NonStandardIdentifier", "value": 1},
    {"source": "MEDIA-GATEWAY-CONTROL.StreamParms", "target": "MEDIA-GATEWAY-CONTROL.StatisticsDescriptor", "value": 1},
    {"source": "MEDIA-GATEWAY-CONTROL.StreamParms", "target": "MEDIA-GATEWAY-CONTROL.LocalRemoteDescriptor", "value": 1},
    {"source": "MEDIA-GATEWAY-CONTROL.StreamParms", "target": "MEDIA-GATEWAY-CONTROL.LocalControlDescriptor", "value": 1},
    {"source": "MEDIA-GATEWAY-CONTROL.TerminationAudit", "target": "MEDIA-GATEWAY-CONTROL.AuditReturnParameter", "value": 1},
    {"source": "MEDIA-GATEWAY-CONTROL.SegmentReply", "target": "MEDIA-GATEWAY-CONTROL.TransactionId", "value": 1},
    {"source": "MEDIA-GATEWAY-CONTROL.SegmentReply", "target": "MEDIA-GATEWAY-CONTROL.SegmentNumber", "value": 1},
    {"source": "MEDIA-GATEWAY-CONTROL.ServiceChangeReply", "target": "MEDIA-GATEWAY-CONTROL.ServiceChangeResult", "value": 1},
    {"source": "MEDIA-GATEWAY-CONTROL.ServiceChangeReply", "target": "MEDIA-GATEWAY-CONTROL.TerminationIDList", "value": 1},
    {"source": "MEDIA-GATEWAY-CONTROL.SecondRequestedEvent", "target": "MEDIA-GATEWAY-CONTROL.StreamID", "value": 1},
    {"source": "MEDIA-GATEWAY-CONTROL.SecondRequestedEvent", "target": "MEDIA-GATEWAY-CONTROL.EventParameter", "value": 1},
    {"source": "MEDIA-GATEWAY-CONTROL.SecondRequestedEvent", "target": "MEDIA-GATEWAY-CONTROL.PkgdName", "value": 1},
    {"source": "MEDIA-GATEWAY-CONTROL.SecondRequestedEvent", "target": "MEDIA-GATEWAY-CONTROL.SecondRequestedActions", "value": 1},
    {"source": "MEDIA-GATEWAY-CONTROL.PropertyParm", "target": "MEDIA-GATEWAY-CONTROL.Relation", "value": 1},
    {"source": "MEDIA-GATEWAY-CONTROL.PropertyParm", "target": "MEDIA-GATEWAY-CONTROL.PkgdName", "value": 1},
    {"source": "MEDIA-GATEWAY-CONTROL.IndAudStreamDescriptor", "target": "MEDIA-GATEWAY-CONTROL.StreamID", "value": 1},
    {"source": "MEDIA-GATEWAY-CONTROL.IndAudStreamDescriptor", "target": "MEDIA-GATEWAY-CONTROL.IndAudStreamParms", "value": 1},
    {"source": "MEDIA-GATEWAY-CONTROL.AuthenticationHeader", "target": "MEDIA-GATEWAY-CONTROL.SequenceNum", "value": 1},
    {"source": "MEDIA-GATEWAY-CONTROL.AuthenticationHeader", "target": "MEDIA-GATEWAY-CONTROL.AuthData", "value": 1},
    {"source": "MEDIA-GATEWAY-CONTROL.AuthenticationHeader", "target": "MEDIA-GATEWAY-CONTROL.SecurityParmIndex", "value": 1},
    {"source": "MEDIA-GATEWAY-CONTROL.LocalControlDescriptor", "target": "MEDIA-GATEWAY-CONTROL.StreamMode", "value": 1},
    {"source": "MEDIA-GATEWAY-CONTROL.LocalControlDescriptor", "target": "MEDIA-GATEWAY-CONTROL.PropertyParm", "value": 1},
    {"source": "MEDIA-GATEWAY-CONTROL.TransactionResponseAck", "target": "MEDIA-GATEWAY-CONTROL.TransactionAck", "value": 1},
    {"source": "MEDIA-GATEWAY-CONTROL.SeqSigList", "target": "MEDIA-GATEWAY-CONTROL.Signal", "value": 1},
    {"source": "MEDIA-GATEWAY-CONTROL.ObservedEvent", "target": "MEDIA-GATEWAY-CONTROL.StreamID", "value": 1},
    {"source": "MEDIA-GATEWAY-CONTROL.ObservedEvent", "target": "MEDIA-GATEWAY-CONTROL.TimeNotation", "value": 1},
    {"source": "MEDIA-GATEWAY-CONTROL.ObservedEvent", "target": "MEDIA-GATEWAY-CONTROL.EventParameter", "value": 1},
    {"source": "MEDIA-GATEWAY-CONTROL.ObservedEvent", "target": "MEDIA-GATEWAY-CONTROL.EventName", "value": 1},
    {"source": "MEDIA-GATEWAY-CONTROL.DigitMapDescriptor", "target": "MEDIA-GATEWAY-CONTROL.DigitMapName", "value": 1},
    {"source": "MEDIA-GATEWAY-CONTROL.DigitMapDescriptor", "target": "MEDIA-GATEWAY-CONTROL.DigitMapValue", "value": 1},
    {"source": "MEDIA-GATEWAY-CONTROL.RequestedEvent", "target": "MEDIA-GATEWAY-CONTROL.StreamID", "value": 1},
    {"source": "MEDIA-GATEWAY-CONTROL.RequestedEvent", "target": "MEDIA-GATEWAY-CONTROL.RequestedActions", "value": 1},
    {"source": "MEDIA-GATEWAY-CONTROL.RequestedEvent", "target": "MEDIA-GATEWAY-CONTROL.PkgdName", "value": 1},
    {"source": "MEDIA-GATEWAY-CONTROL.RequestedEvent", "target": "MEDIA-GATEWAY-CONTROL.EventParameter", "value": 1},
    {"source": "MEDIA-GATEWAY-CONTROL.AmmsReply", "target": "MEDIA-GATEWAY-CONTROL.TerminationAudit", "value": 1},
    {"source": "MEDIA-GATEWAY-CONTROL.AmmsReply", "target": "MEDIA-GATEWAY-CONTROL.TerminationIDList", "value": 1},
    {"source": "MEDIA-GATEWAY-CONTROL.EventBufferDescriptor", "target": "MEDIA-GATEWAY-CONTROL.EventSpec", "value": 1},
    {"source": "MEDIA-GATEWAY-CONTROL.NotifyRequest", "target": "MEDIA-GATEWAY-CONTROL.ObservedEventsDescriptor", "value": 1},
    {"source": "MEDIA-GATEWAY-CONTROL.NotifyRequest", "target": "MEDIA-GATEWAY-CONTROL.ErrorDescriptor", "value": 1},
    {"source": "MEDIA-GATEWAY-CONTROL.NotifyRequest", "target": "MEDIA-GATEWAY-CONTROL.TerminationIDList", "value": 1},
    {"source": "MEDIA-GATEWAY-CONTROL.ModemDescriptor", "target": "MEDIA-GATEWAY-CONTROL.ModemType", "value": 1},
    {"source": "MEDIA-GATEWAY-CONTROL.ModemDescriptor", "target": "MEDIA-GATEWAY-CONTROL.NonStandardData", "value": 1},
    {"source": "MEDIA-GATEWAY-CONTROL.ModemDescriptor", "target": "MEDIA-GATEWAY-CONTROL.PropertyParm", "value": 1}
  ]
}
