{
  "_comment": "code automatically generated by pycrate_asn1c",
  "nodes": [
    {"id": "HNBAP-CommonDataTypes.maxPrivateIEs", "group": 2},
    {"id": "HNBAP-CommonDataTypes.maxProtocolExtensions", "group": 2},
    {"id": "HNBAP-CommonDataTypes.maxProtocolIEs", "group": 2},
    {"id": "HNBAP-CommonDataTypes.Criticality", "group": 2},
    {"id": "HNBAP-CommonDataTypes.Presence", "group": 2},
    {"id": "HNBAP-CommonDataTypes.PrivateIE-ID", "group": 2},
    {"id": "HNBAP-CommonDataTypes.ProcedureCode", "group": 2},
    {"id": "HNBAP-CommonDataTypes.ProtocolIE-ID", "group": 2},
    {"id": "HNBAP-CommonDataTypes.TriggeringMessage", "group": 2},
    {"id": "HNBAP-Constants.id-HNBRegister", "group": 3},
    {"id": "HNBAP-Constants.id-HNBDe-Register", "group": 3},
    {"id": "HNBAP-Constants.id-UERegister", "group": 3},
    {"id": "HNBAP-Constants.id-UEDe-Register", "group": 3},
    {"id": "HNBAP-Constants.id-ErrorIndication", "group": 3},
    {"id": "HNBAP-Constants.id-privateMessage", "group": 3},
    {"id": "HNBAP-Constants.id-CSGMembershipUpdate", "group": 3},
    {"id": "HNBAP-Constants.id-TNLUpdate", "group": 3},
    {"id": "HNBAP-Constants.id-HNBConfigTransfer", "group": 3},
    {"id": "HNBAP-Constants.id-RelocationComplete", "group": 3},
    {"id": "HNBAP-Constants.id-U-RNTIQuery", "group": 3},
    {"id": "HNBAP-Constants.maxNrOfErrors", "group": 3},
    {"id": "HNBAP-Constants.maxnoofRABs", "group": 3},
    {"id": "HNBAP-Constants.maxnoofAdditionalNeighbours", "group": 3},
    {"id": "HNBAP-Constants.maxnoofURAIdentities", "group": 3},
    {"id": "HNBAP-Constants.maxnoofNeighbours", "group": 3},
    {"id": "HNBAP-Constants.maxnoofIurhAddresses", "group": 3},
    {"id": "HNBAP-Constants.id-Cause", "group": 3},
    {"id": "HNBAP-Constants.id-CriticalityDiagnostics", "group": 3},
    {"id": "HNBAP-Constants.id-HNB-Identity", "group": 3},
    {"id": "HNBAP-Constants.id-Context-ID", "group": 3},
    {"id": "HNBAP-Constants.id-UE-Identity", "group": 3},
    {"id": "HNBAP-Constants.id-LAC", "group": 3},
    {"id": "HNBAP-Constants.id-RAC", "group": 3},
    {"id": "HNBAP-Constants.id-HNB-Location-Information", "group": 3},
    {"id": "HNBAP-Constants.id-PLMNidentity", "group": 3},
    {"id": "HNBAP-Constants.id-SAC", "group": 3},
    {"id": "HNBAP-Constants.id-CellIdentity", "group": 3},
    {"id": "HNBAP-Constants.id-Registration-Cause", "group": 3},
    {"id": "HNBAP-Constants.id-UE-Capabilities", "group": 3},
    {"id": "HNBAP-Constants.id-RNC-ID", "group": 3},
    {"id": "HNBAP-Constants.id-CSG-ID", "group": 3},
    {"id": "HNBAP-Constants.id-BackoffTimer", "group": 3},
    {"id": "HNBAP-Constants.id-HNB-Internet-Information", "group": 3},
    {"id": "HNBAP-Constants.id-HNB-Cell-Access-Mode", "group": 3},
    {"id": "HNBAP-Constants.id-MuxPortNumber", "group": 3},
    {"id": "HNBAP-Constants.id-Service-Area-For-Broadcast", "group": 3},
    {"id": "HNBAP-Constants.id-CSGMembershipStatus", "group": 3},
    {"id": "HNBAP-Constants.id-RABList", "group": 3},
    {"id": "HNBAP-Constants.id-HNBConfigInfo", "group": 3},
    {"id": "HNBAP-Constants.id-AccessResult", "group": 3},
    {"id": "HNBAP-Constants.id-Update-cause", "group": 3},
    {"id": "HNBAP-Constants.id-NeighbourInfoList", "group": 3},
    {"id": "HNBAP-Constants.id-NeighbourInfoRequestList", "group": 3},
    {"id": "HNBAP-Constants.id-Iurh-Signalling-TNL-Address", "group": 3},
    {"id": "HNBAP-Constants.id-PSC", "group": 3},
    {"id": "HNBAP-Constants.id-HNB-Cell-Identifier", "group": 3},
    {"id": "HNBAP-Constants.id-Tunnel-Information", "group": 3},
    {"id": "HNBAP-Constants.id-CELL-FACHMobilitySupport", "group": 3},
    {"id": "HNBAP-Constants.id-S-RNTIPrefix", "group": 3},
    {"id": "HNBAP-Constants.id-URAIdentity", "group": 3},
    {"id": "HNBAP-Constants.id-NeighbourIdentity", "group": 3},
    {"id": "HNBAP-Constants.id-HNBCapacity", "group": 3},
    {"id": "HNBAP-Constants.id-NeighbourCellIdentityList", "group": 3},
    {"id": "HNBAP-Constants.id-AdditionalNeighbourInfoList", "group": 3},
    {"id": "HNBAP-Constants.id-U-RNTI", "group": 3},
    {"id": "HNBAP-Constants.id-UnknownU-RNTIIndication", "group": 3},
    {"id": "HNBAP-Constants.id-HNB-GWResponse", "group": 3},
    {"id": "HNBAP-Constants.id-URAIdentityList", "group": 3},
    {"id": "HNBAP-Containers.HNBAP-PROTOCOL-IES", "group": 4},
    {"id": "HNBAP-Containers.HNBAP-PROTOCOL-EXTENSION", "group": 4},
    {"id": "HNBAP-Containers.HNBAP-PRIVATE-IES", "group": 4},
    {"id": "HNBAP-Containers.ProtocolIE-Field", "group": 4},
    {"id": "HNBAP-Containers.ProtocolExtensionField", "group": 4},
    {"id": "HNBAP-Containers.PrivateIE-Field", "group": 4},
    {"id": "HNBAP-IEs.Access-stratum-release-indicator", "group": 5},
    {"id": "HNBAP-IEs.AccessResult", "group": 5},
    {"id": "HNBAP-IEs.AltitudeAndDirection", "group": 5},
    {"id": "HNBAP-IEs.BackoffTimer", "group": 5},
    {"id": "HNBAP-IEs.BindingID", "group": 5},
    {"id": "HNBAP-IEs.Cause", "group": 5},
    {"id": "HNBAP-IEs.CauseRadioNetwork", "group": 5},
    {"id": "HNBAP-IEs.CauseTransport", "group": 5},
    {"id": "HNBAP-IEs.CauseProtocol", "group": 5},
    {"id": "HNBAP-IEs.CauseMisc", "group": 5},
    {"id": "HNBAP-IEs.CellIdentity", "group": 5},
    {"id": "HNBAP-IEs.CELL-FACHMobilitySupport", "group": 5},
    {"id": "HNBAP-IEs.Context-ID", "group": 5},
    {"id": "HNBAP-IEs.CriticalityDiagnostics-IE-List-ExtIEs", "group": 5},
    {"id": "HNBAP-IEs.CriticalityDiagnostics-ExtIEs", "group": 5},
    {"id": "HNBAP-IEs.CSG-ID", "group": 5},
    {"id": "HNBAP-IEs.CSG-Capability", "group": 5},
    {"id": "HNBAP-IEs.CSGMembershipStatus", "group": 5},
    {"id": "HNBAP-IEs.CGI-ExtIEs", "group": 5},
    {"id": "HNBAP-IEs.CI", "group": 5},
    {"id": "HNBAP-IEs.CN-DomainIndicator", "group": 5},
    {"id": "HNBAP-IEs.ESN", "group": 5},
    {"id": "HNBAP-IEs.GeographicLocation-ExtIEs", "group": 5},
    {"id": "HNBAP-IEs.GeographicalCoordinates-ExtIEs", "group": 5},
    {"id": "HNBAP-IEs.GTP-TEI", "group": 5},
    {"id": "HNBAP-IEs.HNBCapacity", "group": 5},
    {"id": "HNBAP-IEs.HNB-Cell-Access-Mode", "group": 5},
    {"id": "HNBAP-IEs.HNB-Cell-Identifier-ExtIEs", "group": 5},
    {"id": "HNBAP-IEs.HNB-GWResponse", "group": 5},
    {"id": "HNBAP-IEs.HNB-RNL-Identity", "group": 5},
    {"id": "HNBAP-IEs.HNBConfigInfo-ExtIEs", "group": 5},
    {"id": "HNBAP-IEs.ConfigurationInformation", "group": 5},
    {"id": "HNBAP-IEs.HNBConfigurationInformationProvided-ExtIEs", "group": 5},
    {"id": "HNBAP-IEs.HNBConfigurationInformationMissing-ExtIEs", "group": 5},
    {"id": "HNBAP-IEs.HNB-Location-Information-ExtIEs", "group": 5},
    {"id": "HNBAP-IEs.HNB-Identity-ExtIEs", "group": 5},
    {"id": "HNBAP-IEs.HNB-Identity-Info", "group": 5},
    {"id": "HNBAP-IEs.IMEI", "group": 5},
    {"id": "HNBAP-IEs.IMSI", "group": 5},
    {"id": "HNBAP-IEs.IMSIDS41", "group": 5},
    {"id": "HNBAP-IEs.IMSIESN", "group": 5},
    {"id": "HNBAP-IEs.IP-Address-ExtIEs", "group": 5},
    {"id": "HNBAP-IEs.Ipv4Address", "group": 5},
    {"id": "HNBAP-IEs.Ipv6Address", "group": 5},
    {"id": "HNBAP-IEs.Iurh-Signalling-TNL-AddressList", "group": 5},
    {"id": "HNBAP-IEs.LAC", "group": 5},
    {"id": "HNBAP-IEs.LAI", "group": 5},
    {"id": "HNBAP-IEs.MacroCoverageInformation-ExtIEs", "group": 5},
    {"id": "HNBAP-IEs.MacroCellID", "group": 5},
    {"id": "HNBAP-IEs.MuxPortNumber", "group": 5},
    {"id": "HNBAP-IEs.NeighbourCellIdentityList", "group": 5},
    {"id": "HNBAP-IEs.NeighbourIdentity", "group": 5},
    {"id": "HNBAP-IEs.NeighbourInfoList", "group": 5},
    {"id": "HNBAP-IEs.AdditionalNeighbourInfoList", "group": 5},
    {"id": "HNBAP-IEs.NeighbourInfoRequestList", "group": 5},
    {"id": "HNBAP-IEs.NeighbourInfoRequestItem-ExtIEs", "group": 5},
    {"id": "HNBAP-IEs.PLMNidentity", "group": 5},
    {"id": "HNBAP-IEs.PSC", "group": 5},
    {"id": "HNBAP-IEs.PTMSI", "group": 5},
    {"id": "HNBAP-IEs.PTMSIRAI", "group": 5},
    {"id": "HNBAP-IEs.RAB-ID", "group": 5},
    {"id": "HNBAP-IEs.RABList", "group": 5},
    {"id": "HNBAP-IEs.RABListItem-ExtIEs", "group": 5},
    {"id": "HNBAP-IEs.RAC", "group": 5},
    {"id": "HNBAP-IEs.RAI", "group": 5},
    {"id": "HNBAP-IEs.Registration-Cause", "group": 5},
    {"id": "HNBAP-IEs.RNC-ID", "group": 5},
    {"id": "HNBAP-IEs.SAC", "group": 5},
    {"id": "HNBAP-IEs.S-RNTIPrefix", "group": 5},
    {"id": "HNBAP-IEs.TMSILAI", "group": 5},
    {"id": "HNBAP-IEs.TMSIDS41", "group": 5},
    {"id": "HNBAP-IEs.TransportInfo-ExtIEs", "group": 5},
    {"id": "HNBAP-IEs.TransportLayerAddress", "group": 5},
    {"id": "HNBAP-IEs.Tunnel-Information-ExtIEs", "group": 5},
    {"id": "HNBAP-IEs.TypeOfError", "group": 5},
    {"id": "HNBAP-IEs.UDP-Port-Number", "group": 5},
    {"id": "HNBAP-IEs.UE-Capabilities-ExtIEs", "group": 5},
    {"id": "HNBAP-IEs.UTRANCellID-ExtIEs", "group": 5},
    {"id": "HNBAP-IEs.UE-Identity", "group": 5},
    {"id": "HNBAP-IEs.Update-cause", "group": 5},
    {"id": "HNBAP-IEs.URAIdentityList", "group": 5},
    {"id": "HNBAP-IEs.URAIdentity", "group": 5},
    {"id": "HNBAP-IEs.U-RNTI", "group": 5},
    {"id": "HNBAP-IEs.UnknownU-RNTIIndication", "group": 5},
    {"id": "HNBAP-PDU-Contents.HNBRegisterRequestIEs", "group": 6},
    {"id": "HNBAP-PDU-Contents.HNBRegisterRequestExtensions", "group": 6},
    {"id": "HNBAP-PDU-Contents.HNBRegisterResponseIEs", "group": 6},
    {"id": "HNBAP-PDU-Contents.HNBRegisterResponseExtensions", "group": 6},
    {"id": "HNBAP-PDU-Contents.HNBRegisterRejectIEs", "group": 6},
    {"id": "HNBAP-PDU-Contents.HNBRegisterRejectExtensions", "group": 6},
    {"id": "HNBAP-PDU-Contents.HNBDe-RegisterIEs", "group": 6},
    {"id": "HNBAP-PDU-Contents.HNBDe-RegisterExtensions", "group": 6},
    {"id": "HNBAP-PDU-Contents.UERegisterRequestIEs", "group": 6},
    {"id": "HNBAP-PDU-Contents.UERegisterRequestExtensions", "group": 6},
    {"id": "HNBAP-PDU-Contents.UERegisterAcceptIEs", "group": 6},
    {"id": "HNBAP-PDU-Contents.UERegisterAcceptExtensions", "group": 6},
    {"id": "HNBAP-PDU-Contents.UERegisterRejectIEs", "group": 6},
    {"id": "HNBAP-PDU-Contents.UERegisterRejectExtensions", "group": 6},
    {"id": "HNBAP-PDU-Contents.UEDe-RegisterIEs", "group": 6},
    {"id": "HNBAP-PDU-Contents.UEDe-RegisterExtensions", "group": 6},
    {"id": "HNBAP-PDU-Contents.CSGMembershipUpdateIEs", "group": 6},
    {"id": "HNBAP-PDU-Contents.CSGMembershipUpdateExtensions", "group": 6},
    {"id": "HNBAP-PDU-Contents.TNLUpdateRequestIEs", "group": 6},
    {"id": "HNBAP-PDU-Contents.TNLUpdateExtensions", "group": 6},
    {"id": "HNBAP-PDU-Contents.TNLUpdateResponseIEs", "group": 6},
    {"id": "HNBAP-PDU-Contents.TNLUpdateResponseExtensions", "group": 6},
    {"id": "HNBAP-PDU-Contents.TNLUpdateFailureIEs", "group": 6},
    {"id": "HNBAP-PDU-Contents.TNLUpdateFailureExtensions", "group": 6},
    {"id": "HNBAP-PDU-Contents.HNBConfigTransferRequestIEs", "group": 6},
    {"id": "HNBAP-PDU-Contents.HNBConfigTransferRequestExtensions", "group": 6},
    {"id": "HNBAP-PDU-Contents.HNBConfigTransferResponseIEs", "group": 6},
    {"id": "HNBAP-PDU-Contents.HNBConfigTransferResponseExtensions", "group": 6},
    {"id": "HNBAP-PDU-Contents.RelocationCompleteIEs", "group": 6},
    {"id": "HNBAP-PDU-Contents.RelocationCompleteExtensions", "group": 6},
    {"id": "HNBAP-PDU-Contents.ErrorIndicationIEs", "group": 6},
    {"id": "HNBAP-PDU-Contents.ErrorIndicationExtensions", "group": 6},
    {"id": "HNBAP-PDU-Contents.PrivateMessage-IEs", "group": 6},
    {"id": "HNBAP-PDU-Contents.U-RNTIQueryRequestIEs", "group": 6},
    {"id": "HNBAP-PDU-Contents.U-RNTIQueryRequestExtensions", "group": 6},
    {"id": "HNBAP-PDU-Contents.U-RNTIQueryResponseIEs", "group": 6},
    {"id": "HNBAP-PDU-Contents.U-RNTIQueryResponseExtensions", "group": 6},
    {"id": "HNBAP-PDU-Descriptions.HNBAP-ELEMENTARY-PROCEDURE", "group": 7},
    {"id": "HNBAP-PDU-Descriptions.HNBAP-PDU", "group": 7},
    {"id": "HNBAP-PDU-Descriptions.hNBRegister", "group": 7},
    {"id": "HNBAP-PDU-Descriptions.uERegister", "group": 7},
    {"id": "HNBAP-PDU-Descriptions.uEDe-Register", "group": 7},
    {"id": "HNBAP-PDU-Descriptions.hNBDe-Register", "group": 7},
    {"id": "HNBAP-PDU-Descriptions.errorIndication", "group": 7},
    {"id": "HNBAP-PDU-Descriptions.csg-membership-update", "group": 7},
    {"id": "HNBAP-PDU-Descriptions.tnlUpdate", "group": 7},
    {"id": "HNBAP-PDU-Descriptions.hNBConfigTransfer", "group": 7},
    {"id": "HNBAP-PDU-Descriptions.relocationComplete", "group": 7},
    {"id": "HNBAP-PDU-Descriptions.u-RNTIQuery", "group": 7},
    {"id": "HNBAP-PDU-Descriptions.privateMessage", "group": 7},
    {"id": "HNBAP-Containers.ProtocolIE-Container", "group": 4},
    {"id": "HNBAP-Containers.ProtocolIE-Single-Container", "group": 4},
    {"id": "HNBAP-Containers.ProtocolIE-ContainerList", "group": 4},
    {"id": "HNBAP-Containers.ProtocolExtensionContainer", "group": 4},
    {"id": "HNBAP-Containers.PrivateIE-Container", "group": 4},
    {"id": "HNBAP-IEs.CriticalityDiagnostics", "group": 5},
    {"id": "HNBAP-IEs.CriticalityDiagnostics-IE-List", "group": 5},
    {"id": "HNBAP-IEs.CGI", "group": 5},
    {"id": "HNBAP-IEs.GeographicalLocation", "group": 5},
    {"id": "HNBAP-IEs.GeographicalCoordinates", "group": 5},
    {"id": "HNBAP-IEs.HNB-Cell-Identifier", "group": 5},
    {"id": "HNBAP-IEs.HNBConfigInfo", "group": 5},
    {"id": "HNBAP-IEs.HNBConfigurationInformationProvided", "group": 5},
    {"id": "HNBAP-IEs.HNBConfigurationInformationMissing", "group": 5},
    {"id": "HNBAP-IEs.HNB-Location-Information", "group": 5},
    {"id": "HNBAP-IEs.HNB-Identity", "group": 5},
    {"id": "HNBAP-IEs.IP-Address", "group": 5},
    {"id": "HNBAP-IEs.MacroCoverageInformation", "group": 5},
    {"id": "HNBAP-IEs.NeighbourInfoRequestItem", "group": 5},
    {"id": "HNBAP-IEs.RABListItem", "group": 5},
    {"id": "HNBAP-IEs.TransportInfo", "group": 5},
    {"id": "HNBAP-IEs.Tunnel-Information", "group": 5},
    {"id": "HNBAP-IEs.UE-Capabilities", "group": 5},
    {"id": "HNBAP-IEs.UTRANCellID", "group": 5},
    {"id": "HNBAP-PDU-Contents.HNBRegisterRequest", "group": 6},
    {"id": "HNBAP-PDU-Contents.HNBRegisterAccept", "group": 6},
    {"id": "HNBAP-PDU-Contents.HNBRegisterReject", "group": 6},
    {"id": "HNBAP-PDU-Contents.HNBDe-Register", "group": 6},
    {"id": "HNBAP-PDU-Contents.UERegisterRequest", "group": 6},
    {"id": "HNBAP-PDU-Contents.UERegisterAccept", "group": 6},
    {"id": "HNBAP-PDU-Contents.UERegisterReject", "group": 6},
    {"id": "HNBAP-PDU-Contents.UEDe-Register", "group": 6},
    {"id": "HNBAP-PDU-Contents.CSGMembershipUpdate", "group": 6},
    {"id": "HNBAP-PDU-Contents.TNLUpdateRequest", "group": 6},
    {"id": "HNBAP-PDU-Contents.TNLUpdateResponse", "group": 6},
    {"id": "HNBAP-PDU-Contents.TNLUpdateFailure", "group": 6},
    {"id": "HNBAP-PDU-Contents.HNBConfigTransferRequest", "group": 6},
    {"id": "HNBAP-PDU-Contents.HNBConfigTransferResponse", "group": 6},
    {"id": "HNBAP-PDU-Contents.RelocationComplete", "group": 6},
    {"id": "HNBAP-PDU-Contents.ErrorIndication", "group": 6},
    {"id": "HNBAP-PDU-Contents.PrivateMessage", "group": 6},
    {"id": "HNBAP-PDU-Contents.U-RNTIQueryRequest", "group": 6},
    {"id": "HNBAP-PDU-Contents.U-RNTIQueryResponse", "group": 6},
    {"id": "HNBAP-PDU-Descriptions.HNBAP-ELEMENTARY-PROCEDURES-CLASS-1", "group": 7},
    {"id": "HNBAP-PDU-Descriptions.HNBAP-ELEMENTARY-PROCEDURES-CLASS-2", "group": 7},
    {"id": "HNBAP-PDU-Descriptions.HNBAP-ELEMENTARY-PROCEDURES", "group": 7},
    {"id": "HNBAP-PDU-Descriptions.InitiatingMessage", "group": 7},
    {"id": "HNBAP-PDU-Descriptions.SuccessfulOutcome", "group": 7}
  ],
  "links": [
    {"source": "HNBAP-PDU-Contents.HNBRegisterResponseIEs", "target": "HNBAP-Containers.HNBAP-PROTOCOL-IES", "value": 1},
    {"source": "HNBAP-PDU-Contents.HNBRegisterResponseIEs", "target": "HNBAP-IEs.RNC-ID", "value": 1},
    {"source": "HNBAP-Containers.HNBAP-PROTOCOL-EXTENSION", "target": "HNBAP-CommonDataTypes.Criticality", "value": 1},
    {"source": "HNBAP-Containers.HNBAP-PROTOCOL-EXTENSION", "target": "HNBAP-CommonDataTypes.Presence", "value": 1},
    {"source": "HNBAP-Containers.HNBAP-PROTOCOL-EXTENSION", "target": "HNBAP-CommonDataTypes.ProtocolIE-ID", "value": 1},
    {"source": "HNBAP-Constants.id-UE-Identity", "target": "HNBAP-CommonDataTypes.ProtocolIE-ID", "value": 1},
    {"source": "HNBAP-Constants.id-Cause", "target": "HNBAP-CommonDataTypes.ProtocolIE-ID", "value": 1},
    {"source": "HNBAP-IEs.NeighbourInfoRequestItem", "target": "HNBAP-IEs.HNB-RNL-Identity", "value": 1},
    {"source": "HNBAP-IEs.NeighbourInfoRequestItem", "target": "HNBAP-Containers.ProtocolExtensionContainer", "value": 1},
    {"source": "HNBAP-IEs.NeighbourInfoRequestItem", "target": "HNBAP-IEs.NeighbourInfoRequestItem-ExtIEs", "value": 1},
    {"source": "HNBAP-IEs.HNBConfigInfo", "target": "HNBAP-IEs.HNB-RNL-Identity", "value": 1},
    {"source": "HNBAP-IEs.HNBConfigInfo", "target": "HNBAP-IEs.HNBConfigInfo-ExtIEs", "value": 1},
    {"source": "HNBAP-IEs.HNBConfigInfo", "target": "HNBAP-Containers.ProtocolExtensionContainer", "value": 1},
    {"source": "HNBAP-IEs.HNBConfigInfo", "target": "HNBAP-IEs.ConfigurationInformation", "value": 1},
    {"source": "HNBAP-Constants.id-BackoffTimer", "target": "HNBAP-CommonDataTypes.ProtocolIE-ID", "value": 1},
    {"source": "HNBAP-Constants.id-HNBDe-Register", "target": "HNBAP-CommonDataTypes.ProcedureCode", "value": 1},
    {"source": "HNBAP-PDU-Contents.HNBConfigTransferResponseExtensions", "target": "HNBAP-IEs.AdditionalNeighbourInfoList", "value": 1},
    {"source": "HNBAP-PDU-Contents.HNBConfigTransferResponseExtensions", "target": "HNBAP-Containers.HNBAP-PROTOCOL-EXTENSION", "value": 1},
    {"source": "HNBAP-PDU-Descriptions.hNBRegister", "target": "HNBAP-PDU-Contents.HNBRegisterRequest", "value": 1},
    {"source": "HNBAP-PDU-Descriptions.hNBRegister", "target": "HNBAP-PDU-Descriptions.HNBAP-ELEMENTARY-PROCEDURE", "value": 1},
    {"source": "HNBAP-PDU-Descriptions.hNBRegister", "target": "HNBAP-PDU-Contents.HNBRegisterAccept", "value": 1},
    {"source": "HNBAP-PDU-Descriptions.hNBRegister", "target": "HNBAP-PDU-Contents.HNBRegisterReject", "value": 1},
    {"source": "HNBAP-PDU-Contents.U-RNTIQueryResponseExtensions", "target": "HNBAP-Containers.HNBAP-PROTOCOL-EXTENSION", "value": 1},
    {"source": "HNBAP-Constants.id-URAIdentityList", "target": "HNBAP-CommonDataTypes.ProtocolIE-ID", "value": 1},
    {"source": "HNBAP-Constants.id-PLMNidentity", "target": "HNBAP-CommonDataTypes.ProtocolIE-ID", "value": 1},
    {"source": "HNBAP-PDU-Contents.TNLUpdateFailureIEs", "target": "HNBAP-Containers.HNBAP-PROTOCOL-IES", "value": 1},
    {"source": "HNBAP-PDU-Contents.TNLUpdateFailureIEs", "target": "HNBAP-IEs.Context-ID", "value": 1},
    {"source": "HNBAP-PDU-Contents.TNLUpdateFailureIEs", "target": "HNBAP-IEs.Cause", "value": 1},
    {"source": "HNBAP-PDU-Contents.TNLUpdateFailureIEs", "target": "HNBAP-IEs.CriticalityDiagnostics", "value": 1},
    {"source": "HNBAP-PDU-Contents.HNBConfigTransferRequest", "target": "HNBAP-Containers.ProtocolExtensionContainer", "value": 1},
    {"source": "HNBAP-PDU-Contents.HNBConfigTransferRequest", "target": "HNBAP-PDU-Contents.HNBConfigTransferRequestIEs", "value": 1},
    {"source": "HNBAP-PDU-Contents.HNBConfigTransferRequest", "target": "HNBAP-PDU-Contents.HNBConfigTransferRequestExtensions", "value": 1},
    {"source": "HNBAP-PDU-Contents.HNBConfigTransferRequest", "target": "HNBAP-Containers.ProtocolIE-Container", "value": 1},
    {"source": "HNBAP-IEs.AdditionalNeighbourInfoList", "target": "HNBAP-Constants.maxnoofAdditionalNeighbours", "value": 1},
    {"source": "HNBAP-IEs.AdditionalNeighbourInfoList", "target": "HNBAP-IEs.HNBConfigInfo", "value": 1},
    {"source": "HNBAP-Constants.id-PSC", "target": "HNBAP-CommonDataTypes.ProtocolIE-ID", "value": 1},
    {"source": "HNBAP-Constants.id-U-RNTI", "target": "HNBAP-CommonDataTypes.ProtocolIE-ID", "value": 1},
    {"source": "HNBAP-Constants.id-Registration-Cause", "target": "HNBAP-CommonDataTypes.ProtocolIE-ID", "value": 1},
    {"source": "HNBAP-IEs.RAI", "target": "HNBAP-IEs.LAI", "value": 1},
    {"source": "HNBAP-IEs.RAI", "target": "HNBAP-IEs.RAC", "value": 1},
    {"source": "HNBAP-PDU-Contents.HNBRegisterAccept", "target": "HNBAP-PDU-Contents.HNBRegisterResponseExtensions", "value": 1},
    {"source": "HNBAP-PDU-Contents.HNBRegisterAccept", "target": "HNBAP-Containers.ProtocolExtensionContainer", "value": 1},
    {"source": "HNBAP-PDU-Contents.HNBRegisterAccept", "target": "HNBAP-PDU-Contents.HNBRegisterResponseIEs", "value": 1},
    {"source": "HNBAP-PDU-Contents.HNBRegisterAccept", "target": "HNBAP-Containers.ProtocolIE-Container", "value": 1},
    {"source": "HNBAP-IEs.MacroCoverageInformation", "target": "HNBAP-IEs.MacroCoverageInformation-ExtIEs", "value": 1},
    {"source": "HNBAP-IEs.MacroCoverageInformation", "target": "HNBAP-Containers.ProtocolExtensionContainer", "value": 1},
    {"source": "HNBAP-IEs.MacroCoverageInformation", "target": "HNBAP-IEs.MacroCellID", "value": 1},
    {"source": "HNBAP-PDU-Contents.ErrorIndicationExtensions", "target": "HNBAP-Containers.HNBAP-PROTOCOL-EXTENSION", "value": 1},
    {"source": "HNBAP-Constants.id-CriticalityDiagnostics", "target": "HNBAP-CommonDataTypes.ProtocolIE-ID", "value": 1},
    {"source": "HNBAP-IEs.Tunnel-Information-ExtIEs", "target": "HNBAP-Containers.HNBAP-PROTOCOL-EXTENSION", "value": 1},
    {"source": "HNBAP-IEs.CriticalityDiagnostics-IE-List", "target": "HNBAP-CommonDataTypes.ProtocolIE-ID", "value": 1},
    {"source": "HNBAP-IEs.CriticalityDiagnostics-IE-List", "target": "HNBAP-Constants.maxNrOfErrors", "value": 1},
    {"source": "HNBAP-IEs.CriticalityDiagnostics-IE-List", "target": "HNBAP-IEs.CriticalityDiagnostics-IE-List-ExtIEs", "value": 1},
    {"source": "HNBAP-IEs.CriticalityDiagnostics-IE-List", "target": "HNBAP-CommonDataTypes.Criticality", "value": 1},
    {"source": "HNBAP-IEs.CriticalityDiagnostics-IE-List", "target": "HNBAP-Containers.ProtocolExtensionContainer", "value": 1},
    {"source": "HNBAP-IEs.CriticalityDiagnostics-IE-List", "target": "HNBAP-IEs.TypeOfError", "value": 1},
    {"source": "HNBAP-IEs.IMSIESN", "target": "HNBAP-IEs.IMSIDS41", "value": 1},
    {"source": "HNBAP-IEs.IMSIESN", "target": "HNBAP-IEs.ESN", "value": 1},
    {"source": "HNBAP-Constants.id-TNLUpdate", "target": "HNBAP-CommonDataTypes.ProcedureCode", "value": 1},
    {"source": "HNBAP-IEs.TransportInfo-ExtIEs", "target": "HNBAP-Containers.HNBAP-PROTOCOL-EXTENSION", "value": 1},
    {"source": "HNBAP-PDU-Descriptions.HNBAP-ELEMENTARY-PROCEDURE", "target": "HNBAP-CommonDataTypes.Criticality", "value": 1},
    {"source": "HNBAP-PDU-Descriptions.HNBAP-ELEMENTARY-PROCEDURE", "target": "HNBAP-CommonDataTypes.ProcedureCode", "value": 1},
    {"source": "HNBAP-Containers.ProtocolIE-ContainerList", "target": "HNBAP-Containers.HNBAP-PROTOCOL-IES", "value": 1},
    {"source": "HNBAP-Containers.ProtocolIE-ContainerList", "target": "HNBAP-Containers.ProtocolIE-Container", "value": 1},
    {"source": "HNBAP-PDU-Contents.HNBConfigTransferRequestIEs", "target": "HNBAP-Containers.HNBAP-PROTOCOL-IES", "value": 1},
    {"source": "HNBAP-PDU-Contents.HNBConfigTransferRequestIEs", "target": "HNBAP-IEs.NeighbourInfoRequestList", "value": 1},
    {"source": "HNBAP-PDU-Contents.UERegisterRequest", "target": "HNBAP-PDU-Contents.UERegisterRequestIEs", "value": 1},
    {"source": "HNBAP-PDU-Contents.UERegisterRequest", "target": "HNBAP-Containers.ProtocolExtensionContainer", "value": 1},
    {"source": "HNBAP-PDU-Contents.UERegisterRequest", "target": "HNBAP-Containers.ProtocolIE-Container", "value": 1},
    {"source": "HNBAP-PDU-Contents.UERegisterRequest", "target": "HNBAP-PDU-Contents.UERegisterRequestExtensions", "value": 1},
    {"source": "HNBAP-Constants.id-CSG-ID", "target": "HNBAP-CommonDataTypes.ProtocolIE-ID", "value": 1},
    {"source": "HNBAP-PDU-Contents.HNBDe-RegisterExtensions", "target": "HNBAP-Containers.HNBAP-PROTOCOL-EXTENSION", "value": 1},
    {"source": "HNBAP-PDU-Contents.UEDe-RegisterIEs", "target": "HNBAP-Containers.HNBAP-PROTOCOL-IES", "value": 1},
    {"source": "HNBAP-PDU-Contents.UEDe-RegisterIEs", "target": "HNBAP-IEs.Context-ID", "value": 1},
    {"source": "HNBAP-PDU-Contents.UEDe-RegisterIEs", "target": "HNBAP-IEs.Cause", "value": 1},
    {"source": "HNBAP-Containers.ProtocolIE-Single-Container", "target": "HNBAP-Containers.HNBAP-PROTOCOL-IES", "value": 1},
    {"source": "HNBAP-Containers.ProtocolIE-Single-Container", "target": "HNBAP-Containers.ProtocolIE-Field", "value": 1},
    {"source": "HNBAP-PDU-Contents.U-RNTIQueryResponse", "target": "HNBAP-PDU-Contents.U-RNTIQueryResponseExtensions", "value": 1},
    {"source": "HNBAP-PDU-Contents.U-RNTIQueryResponse", "target": "HNBAP-Containers.ProtocolExtensionContainer", "value": 1},
    {"source": "HNBAP-PDU-Contents.U-RNTIQueryResponse", "target": "HNBAP-Containers.ProtocolIE-Container", "value": 1},
    {"source": "HNBAP-PDU-Contents.U-RNTIQueryResponse", "target": "HNBAP-PDU-Contents.U-RNTIQueryResponseIEs", "value": 1},
    {"source": "HNBAP-Constants.id-AdditionalNeighbourInfoList", "target": "HNBAP-CommonDataTypes.ProtocolIE-ID", "value": 1},
    {"source": "HNBAP-PDU-Descriptions.tnlUpdate", "target": "HNBAP-PDU-Contents.TNLUpdateRequest", "value": 1},
    {"source": "HNBAP-PDU-Descriptions.tnlUpdate", "target": "HNBAP-PDU-Descriptions.HNBAP-ELEMENTARY-PROCEDURE", "value": 1},
    {"source": "HNBAP-PDU-Descriptions.tnlUpdate", "target": "HNBAP-PDU-Contents.TNLUpdateFailure", "value": 1},
    {"source": "HNBAP-PDU-Descriptions.tnlUpdate", "target": "HNBAP-PDU-Contents.TNLUpdateResponse", "value": 1},
    {"source": "HNBAP-Constants.id-CELL-FACHMobilitySupport", "target": "HNBAP-CommonDataTypes.ProtocolIE-ID", "value": 1},
    {"source": "HNBAP-PDU-Contents.UERegisterRequestIEs", "target": "HNBAP-IEs.UE-Identity", "value": 1},
    {"source": "HNBAP-PDU-Contents.UERegisterRequestIEs", "target": "HNBAP-IEs.UE-Capabilities", "value": 1},
    {"source": "HNBAP-PDU-Contents.UERegisterRequestIEs", "target": "HNBAP-Containers.HNBAP-PROTOCOL-IES", "value": 1},
    {"source": "HNBAP-PDU-Contents.UERegisterRequestIEs", "target": "HNBAP-IEs.Registration-Cause", "value": 1},
    {"source": "HNBAP-Constants.id-UERegister", "target": "HNBAP-CommonDataTypes.ProcedureCode", "value": 1},
    {"source": "HNBAP-PDU-Descriptions.hNBConfigTransfer", "target": "HNBAP-PDU-Descriptions.HNBAP-ELEMENTARY-PROCEDURE", "value": 1},
    {"source": "HNBAP-PDU-Descriptions.hNBConfigTransfer", "target": "HNBAP-PDU-Contents.HNBConfigTransferRequest", "value": 1},
    {"source": "HNBAP-PDU-Descriptions.hNBConfigTransfer", "target": "HNBAP-PDU-Contents.HNBConfigTransferResponse", "value": 1},
    {"source": "HNBAP-IEs.RABList", "target": "HNBAP-Constants.maxnoofRABs", "value": 1},
    {"source": "HNBAP-IEs.RABList", "target": "HNBAP-IEs.RABListItem", "value": 1},
    {"source": "HNBAP-PDU-Contents.U-RNTIQueryResponseIEs", "target": "HNBAP-Containers.HNBAP-PROTOCOL-IES", "value": 1},
    {"source": "HNBAP-PDU-Contents.U-RNTIQueryResponseIEs", "target": "HNBAP-IEs.HNB-GWResponse", "value": 1},
    {"source": "HNBAP-Constants.id-AccessResult", "target": "HNBAP-CommonDataTypes.ProtocolIE-ID", "value": 1},
    {"source": "HNBAP-IEs.HNB-Cell-Identifier", "target": "HNBAP-IEs.CellIdentity", "value": 1},
    {"source": "HNBAP-IEs.HNB-Cell-Identifier", "target": "HNBAP-Containers.ProtocolExtensionContainer", "value": 1},
    {"source": "HNBAP-IEs.HNB-Cell-Identifier", "target": "HNBAP-IEs.PLMNidentity", "value": 1},
    {"source": "HNBAP-IEs.HNB-Cell-Identifier", "target": "HNBAP-IEs.HNB-Cell-Identifier-ExtIEs", "value": 1},
    {"source": "HNBAP-PDU-Contents.U-RNTIQueryRequestExtensions", "target": "HNBAP-Containers.HNBAP-PROTOCOL-EXTENSION", "value": 1},
    {"source": "HNBAP-PDU-Contents.HNBConfigTransferResponse", "target": "HNBAP-PDU-Contents.HNBConfigTransferResponseExtensions", "value": 1},
    {"source": "HNBAP-PDU-Contents.HNBConfigTransferResponse", "target": "HNBAP-Containers.ProtocolExtensionContainer", "value": 1},
    {"source": "HNBAP-PDU-Contents.HNBConfigTransferResponse", "target": "HNBAP-Containers.ProtocolIE-Container", "value": 1},
    {"source": "HNBAP-PDU-Contents.HNBConfigTransferResponse", "target": "HNBAP-PDU-Contents.HNBConfigTransferResponseIEs", "value": 1},
    {"source": "HNBAP-PDU-Descriptions.uEDe-Register", "target": "HNBAP-PDU-Descriptions.HNBAP-ELEMENTARY-PROCEDURE", "value": 1},
    {"source": "HNBAP-PDU-Descriptions.uEDe-Register", "target": "HNBAP-PDU-Contents.UEDe-Register", "value": 1},
    {"source": "HNBAP-PDU-Contents.HNBRegisterRequestIEs", "target": "HNBAP-IEs.CellIdentity", "value": 1},
    {"source": "HNBAP-PDU-Contents.HNBRegisterRequestIEs", "target": "HNBAP-IEs.LAC", "value": 1},
    {"source": "HNBAP-PDU-Contents.HNBRegisterRequestIEs", "target": "HNBAP-IEs.SAC", "value": 1},
    {"source": "HNBAP-PDU-Contents.HNBRegisterRequestIEs", "target": "HNBAP-IEs.PLMNidentity", "value": 1},
    {"source": "HNBAP-PDU-Contents.HNBRegisterRequestIEs", "target": "HNBAP-IEs.CSG-ID", "value": 1},
    {"source": "HNBAP-PDU-Contents.HNBRegisterRequestIEs", "target": "HNBAP-Containers.HNBAP-PROTOCOL-IES", "value": 1},
    {"source": "HNBAP-PDU-Contents.HNBRegisterRequestIEs", "target": "HNBAP-IEs.RAC", "value": 1},
    {"source": "HNBAP-PDU-Contents.HNBRegisterRequestIEs", "target": "HNBAP-IEs.HNB-Identity", "value": 1},
    {"source": "HNBAP-PDU-Contents.HNBRegisterRequestIEs", "target": "HNBAP-IEs.HNB-Location-Information", "value": 1},
    {"source": "HNBAP-Constants.id-NeighbourCellIdentityList", "target": "HNBAP-CommonDataTypes.ProtocolIE-ID", "value": 1},
    {"source": "HNBAP-Constants.id-HNB-Cell-Identifier", "target": "HNBAP-CommonDataTypes.ProtocolIE-ID", "value": 1},
    {"source": "HNBAP-IEs.HNB-Identity-ExtIEs", "target": "HNBAP-Containers.HNBAP-PROTOCOL-EXTENSION", "value": 1},
    {"source": "HNBAP-IEs.NeighbourInfoList", "target": "HNBAP-IEs.HNBConfigInfo", "value": 1},
    {"source": "HNBAP-IEs.NeighbourInfoList", "target": "HNBAP-Constants.maxnoofNeighbours", "value": 1},
    {"source": "HNBAP-IEs.NeighbourInfoRequestItem-ExtIEs", "target": "HNBAP-Containers.HNBAP-PROTOCOL-EXTENSION", "value": 1},
    {"source": "HNBAP-PDU-Contents.CSGMembershipUpdate", "target": "HNBAP-PDU-Contents.CSGMembershipUpdateExtensions", "value": 1},
    {"source": "HNBAP-PDU-Contents.CSGMembershipUpdate", "target": "HNBAP-Containers.ProtocolExtensionContainer", "value": 1},
    {"source": "HNBAP-PDU-Contents.CSGMembershipUpdate", "target": "HNBAP-PDU-Contents.CSGMembershipUpdateIEs", "value": 1},
    {"source": "HNBAP-PDU-Contents.CSGMembershipUpdate", "target": "HNBAP-Containers.ProtocolIE-Container", "value": 1},
    {"source": "HNBAP-Constants.id-Iurh-Signalling-TNL-Address", "target": "HNBAP-CommonDataTypes.ProtocolIE-ID", "value": 1},
    {"source": "HNBAP-PDU-Contents.RelocationCompleteIEs", "target": "HNBAP-Containers.HNBAP-PROTOCOL-IES", "value": 1},
    {"source": "HNBAP-PDU-Contents.RelocationCompleteIEs", "target": "HNBAP-IEs.Context-ID", "value": 1},
    {"source": "HNBAP-PDU-Contents.TNLUpdateRequestIEs", "target": "HNBAP-Containers.HNBAP-PROTOCOL-IES", "value": 1},
    {"source": "HNBAP-PDU-Contents.TNLUpdateRequestIEs", "target": "HNBAP-IEs.Context-ID", "value": 1},
    {"source": "HNBAP-PDU-Contents.TNLUpdateRequestIEs", "target": "HNBAP-IEs.RABList", "value": 1},
    {"source": "HNBAP-PDU-Contents.TNLUpdateRequestIEs", "target": "HNBAP-IEs.Update-cause", "value": 1},
    {"source": "HNBAP-Constants.id-RelocationComplete", "target": "HNBAP-CommonDataTypes.ProcedureCode", "value": 1},
    {"source": "HNBAP-PDU-Descriptions.privateMessage", "target": "HNBAP-PDU-Contents.PrivateMessage", "value": 1},
    {"source": "HNBAP-PDU-Descriptions.privateMessage", "target": "HNBAP-PDU-Descriptions.HNBAP-ELEMENTARY-PROCEDURE", "value": 1},
    {"source": "HNBAP-Containers.HNBAP-PROTOCOL-IES", "target": "HNBAP-CommonDataTypes.Criticality", "value": 1},
    {"source": "HNBAP-Containers.HNBAP-PROTOCOL-IES", "target": "HNBAP-CommonDataTypes.Presence", "value": 1},
    {"source": "HNBAP-Containers.HNBAP-PROTOCOL-IES", "target": "HNBAP-CommonDataTypes.ProtocolIE-ID", "value": 1},
    {"source": "HNBAP-PDU-Contents.HNBRegisterRejectIEs", "target": "HNBAP-Containers.HNBAP-PROTOCOL-IES", "value": 1},
    {"source": "HNBAP-PDU-Contents.HNBRegisterRejectIEs", "target": "HNBAP-IEs.BackoffTimer", "value": 1},
    {"source": "HNBAP-PDU-Contents.HNBRegisterRejectIEs", "target": "HNBAP-IEs.Cause", "value": 1},
    {"source": "HNBAP-PDU-Contents.HNBRegisterRejectIEs", "target": "HNBAP-IEs.CriticalityDiagnostics", "value": 1},
    {"source": "HNBAP-IEs.HNBConfigurationInformationMissing-ExtIEs", "target": "HNBAP-Containers.HNBAP-PROTOCOL-EXTENSION", "value": 1},
    {"source": "HNBAP-Constants.id-HNBRegister", "target": "HNBAP-CommonDataTypes.ProcedureCode", "value": 1},
    {"source": "HNBAP-PDU-Descriptions.HNBAP-PDU", "target": "HNBAP-PDU-Descriptions.InitiatingMessage", "value": 1},
    {"source": "HNBAP-PDU-Descriptions.HNBAP-PDU", "target": "HNBAP-PDU-Descriptions.UnsuccessfulOutcome", "value": 1},
    {"source": "HNBAP-PDU-Descriptions.HNBAP-PDU", "target": "HNBAP-PDU-Descriptions.SuccessfulOutcome", "value": 1},
    {"source": "HNBAP-IEs.NeighbourIdentity", "target": "HNBAP-IEs.HNB-RNL-Identity", "value": 1},
    {"source": "HNBAP-IEs.NeighbourIdentity", "target": "HNBAP-IEs.CellIdentity", "value": 1},
    {"source": "HNBAP-PDU-Descriptions.InitiatingMessage", "target": "HNBAP-PDU-Descriptions.HNBAP-ELEMENTARY-PROCEDURE", "value": 1},
    {"source": "HNBAP-PDU-Descriptions.InitiatingMessage", "target": "HNBAP-PDU-Descriptions.HNBAP-ELEMENTARY-PROCEDURES", "value": 1},
    {"source": "HNBAP-PDU-Descriptions.InitiatingMessage", "target": "HNBAP-PDU-Descriptions.HNBAP-ELEMENTARY-PROCEDURE", "value": 1},
    {"source": "HNBAP-PDU-Descriptions.InitiatingMessage", "target": "HNBAP-PDU-Descriptions.HNBAP-ELEMENTARY-PROCEDURE", "value": 1},
    {"source": "HNBAP-Constants.id-UnknownU-RNTIIndication", "target": "HNBAP-CommonDataTypes.ProtocolIE-ID", "value": 1},
    {"source": "HNBAP-CommonDataTypes.ProtocolIE-ID", "target": "HNBAP-CommonDataTypes.maxProtocolIEs", "value": 1},
    {"source": "HNBAP-Constants.id-URAIdentity", "target": "HNBAP-CommonDataTypes.ProtocolIE-ID", "value": 1},
    {"source": "HNBAP-Constants.id-HNBConfigTransfer", "target": "HNBAP-CommonDataTypes.ProcedureCode", "value": 1},
    {"source": "HNBAP-PDU-Contents.UERegisterReject", "target": "HNBAP-PDU-Contents.UERegisterRejectExtensions", "value": 1},
    {"source": "HNBAP-PDU-Contents.UERegisterReject", "target": "HNBAP-PDU-Contents.UERegisterRejectIEs", "value": 1},
    {"source": "HNBAP-PDU-Contents.UERegisterReject", "target": "HNBAP-Containers.ProtocolExtensionContainer", "value": 1},
    {"source": "HNBAP-PDU-Contents.UERegisterReject", "target": "HNBAP-Containers.ProtocolIE-Container", "value": 1},
    {"source": "HNBAP-Constants.id-HNBCapacity", "target": "HNBAP-CommonDataTypes.ProtocolIE-ID", "value": 1},
    {"source": "HNBAP-PDU-Contents.PrivateMessage-IEs", "target": "HNBAP-Containers.HNBAP-PRIVATE-IES", "value": 1},
    {"source": "HNBAP-Constants.id-CellIdentity", "target": "HNBAP-CommonDataTypes.ProtocolIE-ID", "value": 1},
    {"source": "HNBAP-PDU-Descriptions.HNBAP-ELEMENTARY-PROCEDURES", "target": "HNBAP-PDU-Descriptions.HNBAP-ELEMENTARY-PROCEDURE", "value": 1},
    {"source": "HNBAP-PDU-Descriptions.HNBAP-ELEMENTARY-PROCEDURES", "target": "HNBAP-PDU-Descriptions.HNBAP-ELEMENTARY-PROCEDURES-CLASS-1", "value": 1},
    {"source": "HNBAP-PDU-Descriptions.HNBAP-ELEMENTARY-PROCEDURES", "target": "HNBAP-PDU-Descriptions.HNBAP-ELEMENTARY-PROCEDURES-CLASS-2", "value": 1},
    {"source": "HNBAP-IEs.UE-Identity", "target": "HNBAP-IEs.IMSI", "value": 1},
    {"source": "HNBAP-IEs.UE-Identity", "target": "HNBAP-IEs.IMSIDS41", "value": 1},
    {"source": "HNBAP-IEs.UE-Identity", "target": "HNBAP-IEs.ESN", "value": 1},
    {"source": "HNBAP-IEs.UE-Identity", "target": "HNBAP-IEs.TMSIDS41", "value": 1},
    {"source": "HNBAP-IEs.UE-Identity", "target": "HNBAP-IEs.IMEI", "value": 1},
    {"source": "HNBAP-IEs.UE-Identity", "target": "HNBAP-IEs.TMSILAI", "value": 1},
    {"source": "HNBAP-IEs.UE-Identity", "target": "HNBAP-IEs.PTMSIRAI", "value": 1},
    {"source": "HNBAP-IEs.UE-Identity", "target": "HNBAP-IEs.IMSIESN", "value": 1},
    {"source": "HNBAP-PDU-Contents.U-RNTIQueryRequestIEs", "target": "HNBAP-Containers.HNBAP-PROTOCOL-IES", "value": 1},
    {"source": "HNBAP-PDU-Contents.U-RNTIQueryRequestIEs", "target": "HNBAP-IEs.U-RNTI", "value": 1},
    {"source": "HNBAP-PDU-Contents.UERegisterAccept", "target": "HNBAP-PDU-Contents.UERegisterAcceptExtensions", "value": 1},
    {"source": "HNBAP-PDU-Contents.UERegisterAccept", "target": "HNBAP-Containers.ProtocolExtensionContainer", "value": 1},
    {"source": "HNBAP-PDU-Contents.UERegisterAccept", "target": "HNBAP-PDU-Contents.UERegisterAcceptIEs", "value": 1},
    {"source": "HNBAP-PDU-Contents.UERegisterAccept", "target": "HNBAP-Containers.ProtocolIE-Container", "value": 1},
    {"source": "HNBAP-PDU-Descriptions.hNBDe-Register", "target": "HNBAP-PDU-Descriptions.HNBAP-ELEMENTARY-PROCEDURE", "value": 1},
    {"source": "HNBAP-PDU-Descriptions.hNBDe-Register", "target": "HNBAP-PDU-Contents.HNBDe-Register", "value": 1},
    {"source": "HNBAP-IEs.GeographicLocation-ExtIEs", "target": "HNBAP-Containers.HNBAP-PROTOCOL-EXTENSION", "value": 1},
    {"source": "HNBAP-IEs.URAIdentityList", "target": "HNBAP-IEs.URAIdentity", "value": 1},
    {"source": "HNBAP-IEs.URAIdentityList", "target": "HNBAP-Constants.maxnoofURAIdentities", "value": 1},
    {"source": "HNBAP-PDU-Contents.U-RNTIQueryRequest", "target": "HNBAP-PDU-Contents.U-RNTIQueryRequestIEs", "value": 1},
    {"source": "HNBAP-PDU-Contents.U-RNTIQueryRequest", "target": "HNBAP-PDU-Contents.U-RNTIQueryRequestExtensions", "value": 1},
    {"source": "HNBAP-PDU-Contents.U-RNTIQueryRequest", "target": "HNBAP-Containers.ProtocolExtensionContainer", "value": 1},
    {"source": "HNBAP-PDU-Contents.U-RNTIQueryRequest", "target": "HNBAP-Containers.ProtocolIE-Container", "value": 1},
    {"source": "HNBAP-IEs.HNB-Location-Information", "target": "HNBAP-IEs.GeographicalLocation", "value": 1},
    {"source": "HNBAP-IEs.HNB-Location-Information", "target": "HNBAP-IEs.MacroCoverageInformation", "value": 1},
    {"source": "HNBAP-IEs.HNB-Location-Information", "target": "HNBAP-Containers.ProtocolExtensionContainer", "value": 1},
    {"source": "HNBAP-IEs.HNB-Location-Information", "target": "HNBAP-IEs.HNB-Location-Information-ExtIEs", "value": 1},
    {"source": "HNBAP-Constants.id-RAC", "target": "HNBAP-CommonDataTypes.ProtocolIE-ID", "value": 1},
    {"source": "HNBAP-PDU-Contents.HNBConfigTransferRequestExtensions", "target": "HNBAP-Containers.HNBAP-PROTOCOL-EXTENSION", "value": 1},
    {"source": "HNBAP-PDU-Contents.HNBRegisterResponseExtensions", "target": "HNBAP-IEs.IP-Address", "value": 1},
    {"source": "HNBAP-PDU-Contents.HNBRegisterResponseExtensions", "target": "HNBAP-IEs.MuxPortNumber", "value": 1},
    {"source": "HNBAP-PDU-Contents.HNBRegisterResponseExtensions", "target": "HNBAP-Containers.HNBAP-PROTOCOL-EXTENSION", "value": 1},
    {"source": "HNBAP-PDU-Contents.HNBRegisterResponseExtensions", "target": "HNBAP-IEs.S-RNTIPrefix", "value": 1},
    {"source": "HNBAP-Constants.id-S-RNTIPrefix", "target": "HNBAP-CommonDataTypes.ProtocolIE-ID", "value": 1},
    {"source": "HNBAP-PDU-Contents.RelocationComplete", "target": "HNBAP-Containers.ProtocolExtensionContainer", "value": 1},
    {"source": "HNBAP-PDU-Contents.RelocationComplete", "target": "HNBAP-PDU-Contents.RelocationCompleteIEs", "value": 1},
    {"source": "HNBAP-PDU-Contents.RelocationComplete", "target": "HNBAP-Containers.ProtocolIE-Container", "value": 1},
    {"source": "HNBAP-PDU-Contents.RelocationComplete", "target": "HNBAP-PDU-Contents.RelocationCompleteExtensions", "value": 1},
    {"source": "HNBAP-IEs.CGI", "target": "HNBAP-Containers.ProtocolExtensionContainer", "value": 1},
    {"source": "HNBAP-IEs.CGI", "target": "HNBAP-IEs.CI", "value": 1},
    {"source": "HNBAP-IEs.CGI", "target": "HNBAP-IEs.PLMNidentity", "value": 1},
    {"source": "HNBAP-IEs.CGI", "target": "HNBAP-IEs.CGI-ExtIEs", "value": 1},
    {"source": "HNBAP-IEs.CGI", "target": "HNBAP-IEs.LAC", "value": 1},
    {"source": "HNBAP-IEs.RABListItem-ExtIEs", "target": "HNBAP-Containers.HNBAP-PROTOCOL-EXTENSION", "value": 1},
    {"source": "HNBAP-IEs.UE-Capabilities", "target": "HNBAP-IEs.CSG-Capability", "value": 1},
    {"source": "HNBAP-IEs.UE-Capabilities", "target": "HNBAP-Containers.ProtocolExtensionContainer", "value": 1},
    {"source": "HNBAP-IEs.UE-Capabilities", "target": "HNBAP-IEs.UE-Capabilities-ExtIEs", "value": 1},
    {"source": "HNBAP-IEs.UE-Capabilities", "target": "HNBAP-IEs.Access-stratum-release-indicator", "value": 1},
    {"source": "HNBAP-IEs.GeographicalLocation", "target": "HNBAP-Containers.ProtocolExtensionContainer", "value": 1},
    {"source": "HNBAP-IEs.GeographicalLocation", "target": "HNBAP-IEs.GeographicLocation-ExtIEs", "value": 1},
    {"source": "HNBAP-IEs.GeographicalLocation", "target": "HNBAP-IEs.AltitudeAndDirection", "value": 1},
    {"source": "HNBAP-IEs.GeographicalLocation", "target": "HNBAP-IEs.GeographicalCoordinates", "value": 1},
    {"source": "HNBAP-PDU-Descriptions.errorIndication", "target": "HNBAP-PDU-Descriptions.HNBAP-ELEMENTARY-PROCEDURE", "value": 1},
    {"source": "HNBAP-PDU-Descriptions.errorIndication", "target": "HNBAP-PDU-Contents.ErrorIndication", "value": 1},
    {"source": "HNBAP-PDU-Contents.ErrorIndication", "target": "HNBAP-PDU-Contents.ErrorIndicationIEs", "value": 1},
    {"source": "HNBAP-PDU-Contents.ErrorIndication", "target": "HNBAP-Containers.ProtocolExtensionContainer", "value": 1},
    {"source": "HNBAP-PDU-Contents.ErrorIndication", "target": "HNBAP-Containers.ProtocolIE-Container", "value": 1},
    {"source": "HNBAP-PDU-Contents.ErrorIndication", "target": "HNBAP-PDU-Contents.ErrorIndicationExtensions", "value": 1},
    {"source": "HNBAP-IEs.GeographicalCoordinates", "target": "HNBAP-IEs.GeographicalCoordinates-ExtIEs", "value": 1},
    {"source": "HNBAP-IEs.GeographicalCoordinates", "target": "HNBAP-Containers.ProtocolExtensionContainer", "value": 1},
    {"source": "HNBAP-IEs.UTRANCellID", "target": "HNBAP-IEs.CellIdentity", "value": 1},
    {"source": "HNBAP-IEs.UTRANCellID", "target": "HNBAP-IEs.PLMNidentity", "value": 1},
    {"source": "HNBAP-IEs.UTRANCellID", "target": "HNBAP-Containers.ProtocolExtensionContainer", "value": 1},
    {"source": "HNBAP-IEs.UTRANCellID", "target": "HNBAP-IEs.RAC", "value": 1},
    {"source": "HNBAP-IEs.UTRANCellID", "target": "HNBAP-IEs.UTRANCellID-ExtIEs", "value": 1},
    {"source": "HNBAP-IEs.UTRANCellID", "target": "HNBAP-IEs.LAC", "value": 1},
    {"source": "HNBAP-Constants.id-UEDe-Register", "target": "HNBAP-CommonDataTypes.ProcedureCode", "value": 1},
    {"source": "HNBAP-Constants.id-HNB-Internet-Information", "target": "HNBAP-CommonDataTypes.ProtocolIE-ID", "value": 1},
    {"source": "HNBAP-PDU-Contents.HNBConfigTransferResponseIEs", "target": "HNBAP-Containers.HNBAP-PROTOCOL-IES", "value": 1},
    {"source": "HNBAP-PDU-Contents.HNBConfigTransferResponseIEs", "target": "HNBAP-IEs.NeighbourInfoList", "value": 1},
    {"source": "HNBAP-Containers.PrivateIE-Container", "target": "HNBAP-Containers.HNBAP-PRIVATE-IES", "value": 1},
    {"source": "HNBAP-Containers.PrivateIE-Container", "target": "HNBAP-Containers.PrivateIE-Field", "value": 1},
    {"source": "HNBAP-Containers.PrivateIE-Container", "target": "HNBAP-CommonDataTypes.maxPrivateIEs", "value": 1},
    {"source": "HNBAP-Constants.id-Context-ID", "target": "HNBAP-CommonDataTypes.ProtocolIE-ID", "value": 1},
    {"source": "HNBAP-Constants.id-HNBConfigInfo", "target": "HNBAP-CommonDataTypes.ProtocolIE-ID", "value": 1},
    {"source": "HNBAP-Constants.id-privateMessage", "target": "HNBAP-CommonDataTypes.ProcedureCode", "value": 1},
    {"source": "HNBAP-PDU-Descriptions.uERegister", "target": "HNBAP-PDU-Descriptions.HNBAP-ELEMENTARY-PROCEDURE", "value": 1},
    {"source": "HNBAP-PDU-Descriptions.uERegister", "target": "HNBAP-PDU-Contents.UERegisterReject", "value": 1},
    {"source": "HNBAP-PDU-Descriptions.uERegister", "target": "HNBAP-PDU-Contents.UERegisterRequest", "value": 1},
    {"source": "HNBAP-PDU-Descriptions.uERegister", "target": "HNBAP-PDU-Contents.UERegisterAccept", "value": 1},
    {"source": "HNBAP-IEs.CriticalityDiagnostics", "target": "HNBAP-CommonDataTypes.TriggeringMessage", "value": 1},
    {"source": "HNBAP-IEs.CriticalityDiagnostics", "target": "HNBAP-CommonDataTypes.Criticality", "value": 1},
    {"source": "HNBAP-IEs.CriticalityDiagnostics", "target": "HNBAP-IEs.CriticalityDiagnostics-IE-List", "value": 1},
    {"source": "HNBAP-IEs.CriticalityDiagnostics", "target": "HNBAP-Containers.ProtocolExtensionContainer", "value": 1},
    {"source": "HNBAP-IEs.CriticalityDiagnostics", "target": "HNBAP-IEs.CriticalityDiagnostics-ExtIEs", "value": 1},
    {"source": "HNBAP-IEs.CriticalityDiagnostics", "target": "HNBAP-CommonDataTypes.ProcedureCode", "value": 1},
    {"source": "HNBAP-IEs.CriticalityDiagnostics-IE-List-ExtIEs", "target": "HNBAP-Containers.HNBAP-PROTOCOL-EXTENSION", "value": 1},
    {"source": "HNBAP-Constants.id-ErrorIndication", "target": "HNBAP-CommonDataTypes.ProcedureCode", "value": 1},
    {"source": "HNBAP-PDU-Contents.TNLUpdateFailureExtensions", "target": "HNBAP-Containers.HNBAP-PROTOCOL-EXTENSION", "value": 1},
    {"source": "HNBAP-PDU-Contents.HNBDe-RegisterIEs", "target": "HNBAP-Containers.HNBAP-PROTOCOL-IES", "value": 1},
    {"source": "HNBAP-PDU-Contents.HNBDe-RegisterIEs", "target": "HNBAP-IEs.BackoffTimer", "value": 1},
    {"source": "HNBAP-PDU-Contents.HNBDe-RegisterIEs", "target": "HNBAP-IEs.Cause", "value": 1},
    {"source": "HNBAP-Constants.id-LAC", "target": "HNBAP-CommonDataTypes.ProtocolIE-ID", "value": 1},
    {"source": "HNBAP-PDU-Descriptions.HNBAP-ELEMENTARY-PROCEDURES-CLASS-2", "target": "HNBAP-PDU-Descriptions.csg-membership-update", "value": 1},
    {"source": "HNBAP-PDU-Descriptions.HNBAP-ELEMENTARY-PROCEDURES-CLASS-2", "target": "HNBAP-PDU-Descriptions.HNBAP-ELEMENTARY-PROCEDURE", "value": 1},
    {"source": "HNBAP-PDU-Descriptions.HNBAP-ELEMENTARY-PROCEDURES-CLASS-2", "target": "HNBAP-PDU-Descriptions.relocationComplete", "value": 1},
    {"source": "HNBAP-PDU-Descriptions.HNBAP-ELEMENTARY-PROCEDURES-CLASS-2", "target": "HNBAP-PDU-Descriptions.hNBDe-Register", "value": 1},
    {"source": "HNBAP-PDU-Descriptions.HNBAP-ELEMENTARY-PROCEDURES-CLASS-2", "target": "HNBAP-PDU-Descriptions.uEDe-Register", "value": 1},
    {"source": "HNBAP-PDU-Descriptions.HNBAP-ELEMENTARY-PROCEDURES-CLASS-2", "target": "HNBAP-PDU-Descriptions.privateMessage", "value": 1},
    {"source": "HNBAP-PDU-Descriptions.HNBAP-ELEMENTARY-PROCEDURES-CLASS-2", "target": "HNBAP-PDU-Descriptions.errorIndication", "value": 1},
    {"source": "HNBAP-IEs.CriticalityDiagnostics-ExtIEs", "target": "HNBAP-Containers.HNBAP-PROTOCOL-EXTENSION", "value": 1},
    {"source": "HNBAP-Constants.id-Service-Area-For-Broadcast", "target": "HNBAP-CommonDataTypes.ProtocolIE-ID", "value": 1},
    {"source": "HNBAP-Containers.HNBAP-PRIVATE-IES", "target": "HNBAP-CommonDataTypes.Criticality", "value": 1},
    {"source": "HNBAP-Containers.HNBAP-PRIVATE-IES", "target": "HNBAP-CommonDataTypes.PrivateIE-ID", "value": 1},
    {"source": "HNBAP-Containers.HNBAP-PRIVATE-IES", "target": "HNBAP-CommonDataTypes.Presence", "value": 1},
    {"source": "HNBAP-IEs.NeighbourInfoRequestList", "target": "HNBAP-IEs.NeighbourInfoRequestItem", "value": 1},
    {"source": "HNBAP-IEs.NeighbourInfoRequestList", "target": "HNBAP-Constants.maxnoofNeighbours", "value": 1},
    {"source": "HNBAP-PDU-Contents.TNLUpdateResponse", "target": "HNBAP-Containers.ProtocolExtensionContainer", "value": 1},
    {"source": "HNBAP-PDU-Contents.TNLUpdateResponse", "target": "HNBAP-PDU-Contents.TNLUpdateResponseIEs", "value": 1},
    {"source": "HNBAP-PDU-Contents.TNLUpdateResponse", "target": "HNBAP-Containers.ProtocolIE-Container", "value": 1},
    {"source": "HNBAP-PDU-Contents.TNLUpdateResponse", "target": "HNBAP-PDU-Contents.TNLUpdateResponseExtensions", "value": 1},
    {"source": "HNBAP-IEs.TMSILAI", "target": "HNBAP-IEs.LAI", "value": 1},
    {"source": "HNBAP-IEs.Tunnel-Information", "target": "HNBAP-IEs.IP-Address", "value": 1},
    {"source": "HNBAP-IEs.Tunnel-Information", "target": "HNBAP-IEs.Tunnel-Information-ExtIEs", "value": 1},
    {"source": "HNBAP-IEs.Tunnel-Information", "target": "HNBAP-Containers.ProtocolExtensionContainer", "value": 1},
    {"source": "HNBAP-IEs.Tunnel-Information", "target": "HNBAP-IEs.UDP-Port-Number", "value": 1},
    {"source": "HNBAP-IEs.GeographicalCoordinates-ExtIEs", "target": "HNBAP-Containers.HNBAP-PROTOCOL-EXTENSION", "value": 1},
    {"source": "HNBAP-Constants.id-CSGMembershipStatus", "target": "HNBAP-CommonDataTypes.ProtocolIE-ID", "value": 1},
    {"source": "HNBAP-Containers.ProtocolIE-Field", "target": "HNBAP-Containers.HNBAP-PROTOCOL-IES", "value": 1},
    {"source": "HNBAP-Containers.ProtocolIE-Field", "target": "HNBAP-Containers.HNBAP-PROTOCOL-IES", "value": 1},
    {"source": "HNBAP-Containers.ProtocolIE-Field", "target": "HNBAP-Containers.HNBAP-PROTOCOL-IES", "value": 1},
    {"source": "HNBAP-Containers.ProtocolIE-Field", "target": "HNBAP-Containers.HNBAP-PROTOCOL-IES", "value": 1},
    {"source": "HNBAP-IEs.HNB-Identity", "target": "HNBAP-IEs.HNB-Identity-ExtIEs", "value": 1},
    {"source": "HNBAP-IEs.HNB-Identity", "target": "HNBAP-Containers.ProtocolExtensionContainer", "value": 1},
    {"source": "HNBAP-IEs.HNB-Identity", "target": "HNBAP-IEs.HNB-Identity-Info", "value": 1},
    {"source": "HNBAP-PDU-Descriptions.HNBAP-ELEMENTARY-PROCEDURES-CLASS-1", "target": "HNBAP-PDU-Descriptions.HNBAP-ELEMENTARY-PROCEDURE", "value": 1},
    {"source": "HNBAP-PDU-Descriptions.HNBAP-ELEMENTARY-PROCEDURES-CLASS-1", "target": "HNBAP-PDU-Descriptions.hNBConfigTransfer", "value": 1},
    {"source": "HNBAP-PDU-Descriptions.HNBAP-ELEMENTARY-PROCEDURES-CLASS-1", "target": "HNBAP-PDU-Descriptions.uERegister", "value": 1},
    {"source": "HNBAP-PDU-Descriptions.HNBAP-ELEMENTARY-PROCEDURES-CLASS-1", "target": "HNBAP-PDU-Descriptions.hNBRegister", "value": 1},
    {"source": "HNBAP-PDU-Descriptions.HNBAP-ELEMENTARY-PROCEDURES-CLASS-1", "target": "HNBAP-PDU-Descriptions.tnlUpdate", "value": 1},
    {"source": "HNBAP-PDU-Descriptions.HNBAP-ELEMENTARY-PROCEDURES-CLASS-1", "target": "HNBAP-PDU-Descriptions.u-RNTIQuery", "value": 1},
    {"source": "HNBAP-Containers.ProtocolIE-Container", "target": "HNBAP-Containers.HNBAP-PROTOCOL-IES", "value": 1},
    {"source": "HNBAP-Containers.ProtocolIE-Container", "target": "HNBAP-Containers.ProtocolIE-Field", "value": 1},
    {"source": "HNBAP-Containers.ProtocolIE-Container", "target": "HNBAP-CommonDataTypes.maxProtocolIEs", "value": 1},
    {"source": "HNBAP-IEs.LAI", "target": "HNBAP-IEs.PLMNidentity", "value": 1},
    {"source": "HNBAP-IEs.LAI", "target": "HNBAP-IEs.LAC", "value": 1},
    {"source": "HNBAP-IEs.MacroCoverageInformation-ExtIEs", "target": "HNBAP-Containers.HNBAP-PROTOCOL-EXTENSION", "value": 1},
    {"source": "HNBAP-IEs.UE-Capabilities-ExtIEs", "target": "HNBAP-Containers.HNBAP-PROTOCOL-EXTENSION", "value": 1},
    {"source": "HNBAP-IEs.MacroCellID", "target": "HNBAP-IEs.UTRANCellID", "value": 1},
    {"source": "HNBAP-IEs.MacroCellID", "target": "HNBAP-IEs.CGI", "value": 1},
    {"source": "HNBAP-PDU-Descriptions.u-RNTIQuery", "target": "HNBAP-PDU-Descriptions.HNBAP-ELEMENTARY-PROCEDURE", "value": 1},
    {"source": "HNBAP-PDU-Descriptions.u-RNTIQuery", "target": "HNBAP-PDU-Contents.U-RNTIQueryRequest", "value": 1},
    {"source": "HNBAP-PDU-Descriptions.u-RNTIQuery", "target": "HNBAP-PDU-Contents.U-RNTIQueryResponse", "value": 1},
    {"source": "HNBAP-IEs.Iurh-Signalling-TNL-AddressList", "target": "HNBAP-IEs.IP-Address", "value": 1},
    {"source": "HNBAP-IEs.Iurh-Signalling-TNL-AddressList", "target": "HNBAP-Constants.maxnoofIurhAddresses", "value": 1},
    {"source": "HNBAP-Containers.ProtocolExtensionContainer", "target": "HNBAP-Containers.ProtocolExtensionField", "value": 1},
    {"source": "HNBAP-Containers.ProtocolExtensionContainer", "target": "HNBAP-CommonDataTypes.maxProtocolExtensions", "value": 1},
    {"source": "HNBAP-Containers.ProtocolExtensionContainer", "target": "HNBAP-Containers.HNBAP-PROTOCOL-EXTENSION", "value": 1},
    {"source": "HNBAP-PDU-Descriptions.csg-membership-update", "target": "HNBAP-PDU-Descriptions.HNBAP-ELEMENTARY-PROCEDURE", "value": 1},
    {"source": "HNBAP-PDU-Descriptions.csg-membership-update", "target": "HNBAP-PDU-Contents.CSGMembershipUpdate", "value": 1},
    {"source": "HNBAP-Containers.ProtocolExtensionField", "target": "HNBAP-Containers.HNBAP-PROTOCOL-EXTENSION", "value": 1},
    {"source": "HNBAP-Containers.ProtocolExtensionField", "target": "HNBAP-Containers.HNBAP-PROTOCOL-EXTENSION", "value": 1},
    {"source": "HNBAP-Containers.ProtocolExtensionField", "target": "HNBAP-Containers.HNBAP-PROTOCOL-EXTENSION", "value": 1},
    {"source": "HNBAP-Containers.ProtocolExtensionField", "target": "HNBAP-Containers.HNBAP-PROTOCOL-EXTENSION", "value": 1},
    {"source": "HNBAP-Constants.id-MuxPortNumber", "target": "HNBAP-CommonDataTypes.ProtocolIE-ID", "value": 1},
    {"source": "HNBAP-Constants.id-SAC", "target": "HNBAP-CommonDataTypes.ProtocolIE-ID", "value": 1},
    {"source": "HNBAP-PDU-Contents.UERegisterAcceptIEs", "target": "HNBAP-IEs.UE-Identity", "value": 1},
    {"source": "HNBAP-PDU-Contents.UERegisterAcceptIEs", "target": "HNBAP-Containers.HNBAP-PROTOCOL-IES", "value": 1},
    {"source": "HNBAP-PDU-Contents.UERegisterAcceptIEs", "target": "HNBAP-IEs.Context-ID", "value": 1},
    {"source": "HNBAP-Constants.id-NeighbourInfoRequestList", "target": "HNBAP-CommonDataTypes.ProtocolIE-ID", "value": 1},
    {"source": "HNBAP-Constants.id-Update-cause", "target": "HNBAP-CommonDataTypes.ProtocolIE-ID", "value": 1},
    {"source": "HNBAP-IEs.RABListItem", "target": "HNBAP-Containers.ProtocolExtensionContainer", "value": 1},
    {"source": "HNBAP-IEs.RABListItem", "target": "HNBAP-IEs.CN-DomainIndicator", "value": 1},
    {"source": "HNBAP-IEs.RABListItem", "target": "HNBAP-IEs.TransportInfo", "value": 1},
    {"source": "HNBAP-IEs.RABListItem", "target": "HNBAP-IEs.RABListItem-ExtIEs", "value": 1},
    {"source": "HNBAP-IEs.RABListItem", "target": "HNBAP-IEs.RAB-ID", "value": 1},
    {"source": "HNBAP-IEs.CGI-ExtIEs", "target": "HNBAP-Containers.HNBAP-PROTOCOL-EXTENSION", "value": 1},
    {"source": "HNBAP-Constants.id-CSGMembershipUpdate", "target": "HNBAP-CommonDataTypes.ProcedureCode", "value": 1},
    {"source": "HNBAP-IEs.HNBConfigInfo-ExtIEs", "target": "HNBAP-Containers.HNBAP-PROTOCOL-EXTENSION", "value": 1},
    {"source": "HNBAP-PDU-Contents.CSGMembershipUpdateExtensions", "target": "HNBAP-Containers.HNBAP-PROTOCOL-EXTENSION", "value": 1},
    {"source": "HNBAP-Constants.id-NeighbourIdentity", "target": "HNBAP-CommonDataTypes.ProtocolIE-ID", "value": 1},
    {"source": "HNBAP-IEs.HNBConfigurationInformationProvided-ExtIEs", "target": "HNBAP-IEs.URAIdentityList", "value": 1},
    {"source": "HNBAP-IEs.HNBConfigurationInformationProvided-ExtIEs", "target": "HNBAP-Containers.HNBAP-PROTOCOL-EXTENSION", "value": 1},
    {"source": "HNBAP-IEs.HNBConfigurationInformationProvided-ExtIEs", "target": "HNBAP-IEs.S-RNTIPrefix", "value": 1},
    {"source": "HNBAP-IEs.ConfigurationInformation", "target": "HNBAP-IEs.HNBConfigurationInformationProvided", "value": 1},
    {"source": "HNBAP-IEs.ConfigurationInformation", "target": "HNBAP-IEs.HNBConfigurationInformationMissing", "value": 1},
    {"source": "HNBAP-IEs.TransportInfo", "target": "HNBAP-IEs.TransportInfo-ExtIEs", "value": 1},
    {"source": "HNBAP-IEs.TransportInfo", "target": "HNBAP-IEs.BindingID", "value": 1},
    {"source": "HNBAP-IEs.TransportInfo", "target": "HNBAP-Containers.ProtocolExtensionContainer", "value": 1},
    {"source": "HNBAP-IEs.TransportInfo", "target": "HNBAP-IEs.TransportLayerAddress", "value": 1},
    {"source": "HNBAP-IEs.TransportInfo", "target": "HNBAP-IEs.GTP-TEI", "value": 1},
    {"source": "HNBAP-PDU-Contents.UERegisterRequestExtensions", "target": "HNBAP-Containers.HNBAP-PROTOCOL-EXTENSION", "value": 1},
    {"source": "HNBAP-PDU-Contents.UEDe-RegisterExtensions", "target": "HNBAP-Containers.HNBAP-PROTOCOL-EXTENSION", "value": 1},
    {"source": "HNBAP-Constants.id-Tunnel-Information", "target": "HNBAP-CommonDataTypes.ProtocolIE-ID", "value": 1},
    {"source": "HNBAP-IEs.HNB-GWResponse", "target": "HNBAP-IEs.UnknownU-RNTIIndication", "value": 1},
    {"source": "HNBAP-IEs.HNB-GWResponse", "target": "HNBAP-IEs.RNC-ID", "value": 1},
    {"source": "HNBAP-IEs.HNB-GWResponse", "target": "HNBAP-IEs.HNBConfigInfo", "value": 1},
    {"source": "HNBAP-IEs.NeighbourCellIdentityList", "target": "HNBAP-IEs.NeighbourIdentity", "value": 1},
    {"source": "HNBAP-IEs.NeighbourCellIdentityList", "target": "HNBAP-Constants.maxnoofAdditionalNeighbours", "value": 1},
    {"source": "HNBAP-IEs.IP-Address", "target": "HNBAP-IEs.Ipv6Address", "value": 1},
    {"source": "HNBAP-IEs.IP-Address", "target": "HNBAP-Containers.ProtocolExtensionContainer", "value": 1},
    {"source": "HNBAP-IEs.IP-Address", "target": "HNBAP-IEs.Ipv4Address", "value": 1},
    {"source": "HNBAP-IEs.IP-Address", "target": "HNBAP-IEs.IP-Address-ExtIEs", "value": 1},
    {"source": "HNBAP-PDU-Contents.UEDe-Register", "target": "HNBAP-PDU-Contents.UEDe-RegisterIEs", "value": 1},
    {"source": "HNBAP-PDU-Contents.UEDe-Register", "target": "HNBAP-PDU-Contents.UEDe-RegisterExtensions", "value": 1},
    {"source": "HNBAP-PDU-Contents.UEDe-Register", "target": "HNBAP-Containers.ProtocolExtensionContainer", "value": 1},
    {"source": "HNBAP-PDU-Contents.UEDe-Register", "target": "HNBAP-Containers.ProtocolIE-Container", "value": 1},
    {"source": "HNBAP-IEs.HNB-Cell-Identifier-ExtIEs", "target": "HNBAP-Containers.HNBAP-PROTOCOL-EXTENSION", "value": 1},
    {"source": "HNBAP-Containers.PrivateIE-Field", "target": "HNBAP-Containers.HNBAP-PRIVATE-IES", "value": 1},
    {"source": "HNBAP-Containers.PrivateIE-Field", "target": "HNBAP-Containers.HNBAP-PRIVATE-IES", "value": 1},
    {"source": "HNBAP-Containers.PrivateIE-Field", "target": "HNBAP-Containers.HNBAP-PRIVATE-IES", "value": 1},
    {"source": "HNBAP-Containers.PrivateIE-Field", "target": "HNBAP-Containers.HNBAP-PRIVATE-IES", "value": 1},
    {"source": "HNBAP-PDU-Descriptions.UnsuccessfulOutcome", "target": "HNBAP-PDU-Descriptions.HNBAP-ELEMENTARY-PROCEDURE", "value": 1},
    {"source": "HNBAP-PDU-Descriptions.UnsuccessfulOutcome", "target": "HNBAP-PDU-Descriptions.HNBAP-ELEMENTARY-PROCEDURES", "value": 1},
    {"source": "HNBAP-PDU-Descriptions.UnsuccessfulOutcome", "target": "HNBAP-PDU-Descriptions.HNBAP-ELEMENTARY-PROCEDURE", "value": 1},
    {"source": "HNBAP-PDU-Descriptions.UnsuccessfulOutcome", "target": "HNBAP-PDU-Descriptions.HNBAP-ELEMENTARY-PROCEDURE", "value": 1},
    {"source": "HNBAP-Constants.id-HNB-Location-Information", "target": "HNBAP-CommonDataTypes.ProtocolIE-ID", "value": 1},
    {"source": "HNBAP-PDU-Contents.HNBRegisterRejectExtensions", "target": "HNBAP-Containers.HNBAP-PROTOCOL-EXTENSION", "value": 1},
    {"source": "HNBAP-PDU-Contents.CSGMembershipUpdateIEs", "target": "HNBAP-Containers.HNBAP-PROTOCOL-IES", "value": 1},
    {"source": "HNBAP-PDU-Contents.CSGMembershipUpdateIEs", "target": "HNBAP-IEs.Context-ID", "value": 1},
    {"source": "HNBAP-PDU-Contents.CSGMembershipUpdateIEs", "target": "HNBAP-IEs.CSGMembershipStatus", "value": 1},
    {"source": "HNBAP-PDU-Contents.HNBDe-Register", "target": "HNBAP-PDU-Contents.HNBDe-RegisterIEs", "value": 1},
    {"source": "HNBAP-PDU-Contents.HNBDe-Register", "target": "HNBAP-Containers.ProtocolExtensionContainer", "value": 1},
    {"source": "HNBAP-PDU-Contents.HNBDe-Register", "target": "HNBAP-Containers.ProtocolIE-Container", "value": 1},
    {"source": "HNBAP-PDU-Contents.HNBDe-Register", "target": "HNBAP-PDU-Contents.HNBDe-RegisterExtensions", "value": 1},
    {"source": "HNBAP-Constants.id-RABList", "target": "HNBAP-CommonDataTypes.ProtocolIE-ID", "value": 1},
    {"source": "HNBAP-PDU-Contents.HNBRegisterRequestExtensions", "target": "HNBAP-IEs.NeighbourCellIdentityList", "value": 1},
    {"source": "HNBAP-PDU-Contents.HNBRegisterRequestExtensions", "target": "HNBAP-IEs.CELL-FACHMobilitySupport", "value": 1},
    {"source": "HNBAP-PDU-Contents.HNBRegisterRequestExtensions", "target": "HNBAP-IEs.HNBCapacity", "value": 1},
    {"source": "HNBAP-PDU-Contents.HNBRegisterRequestExtensions", "target": "HNBAP-Containers.HNBAP-PROTOCOL-EXTENSION", "value": 1},
    {"source": "HNBAP-PDU-Contents.HNBRegisterRequestExtensions", "target": "HNBAP-IEs.PSC", "value": 1},
    {"source": "HNBAP-PDU-Contents.HNBRegisterRequestExtensions", "target": "HNBAP-IEs.IP-Address", "value": 1},
    {"source": "HNBAP-PDU-Contents.HNBRegisterRequestExtensions", "target": "HNBAP-IEs.SAC", "value": 1},
    {"source": "HNBAP-PDU-Contents.HNBRegisterRequestExtensions", "target": "HNBAP-IEs.Tunnel-Information", "value": 1},
    {"source": "HNBAP-PDU-Contents.HNBRegisterRequestExtensions", "target": "HNBAP-IEs.HNB-Cell-Access-Mode", "value": 1},
    {"source": "HNBAP-PDU-Contents.HNBRegisterRequestExtensions", "target": "HNBAP-IEs.URAIdentityList", "value": 1},
    {"source": "HNBAP-IEs.IP-Address-ExtIEs", "target": "HNBAP-Containers.HNBAP-PROTOCOL-EXTENSION", "value": 1},
    {"source": "HNBAP-Constants.id-U-RNTIQuery", "target": "HNBAP-CommonDataTypes.ProcedureCode", "value": 1},
    {"source": "HNBAP-Constants.id-HNB-Identity", "target": "HNBAP-CommonDataTypes.ProtocolIE-ID", "value": 1},
    {"source": "HNBAP-Constants.id-NeighbourInfoList", "target": "HNBAP-CommonDataTypes.ProtocolIE-ID", "value": 1},
    {"source": "HNBAP-PDU-Contents.HNBRegisterRequest", "target": "HNBAP-PDU-Contents.HNBRegisterRequestExtensions", "value": 1},
    {"source": "HNBAP-PDU-Contents.HNBRegisterRequest", "target": "HNBAP-PDU-Contents.HNBRegisterRequestIEs", "value": 1},
    {"source": "HNBAP-PDU-Contents.HNBRegisterRequest", "target": "HNBAP-Containers.ProtocolExtensionContainer", "value": 1},
    {"source": "HNBAP-PDU-Contents.HNBRegisterRequest", "target": "HNBAP-Containers.ProtocolIE-Container", "value": 1},
    {"source": "HNBAP-PDU-Contents.UERegisterRejectIEs", "target": "HNBAP-IEs.UE-Identity", "value": 1},
    {"source": "HNBAP-PDU-Contents.UERegisterRejectIEs", "target": "HNBAP-Containers.HNBAP-PROTOCOL-IES", "value": 1},
    {"source": "HNBAP-PDU-Contents.UERegisterRejectIEs", "target": "HNBAP-IEs.Cause", "value": 1},
    {"source": "HNBAP-PDU-Contents.UERegisterRejectIEs", "target": "HNBAP-IEs.CriticalityDiagnostics", "value": 1},
    {"source": "HNBAP-IEs.UTRANCellID-ExtIEs", "target": "HNBAP-Containers.HNBAP-PROTOCOL-EXTENSION", "value": 1},
    {"source": "HNBAP-Constants.id-HNB-GWResponse", "target": "HNBAP-CommonDataTypes.ProtocolIE-ID", "value": 1},
    {"source": "HNBAP-PDU-Contents.TNLUpdateExtensions", "target": "HNBAP-Containers.HNBAP-PROTOCOL-EXTENSION", "value": 1},
    {"source": "HNBAP-PDU-Descriptions.relocationComplete", "target": "HNBAP-PDU-Descriptions.HNBAP-ELEMENTARY-PROCEDURE", "value": 1},
    {"source": "HNBAP-PDU-Descriptions.relocationComplete", "target": "HNBAP-PDU-Contents.RelocationComplete", "value": 1},
    {"source": "HNBAP-PDU-Contents.RelocationCompleteExtensions", "target": "HNBAP-Containers.HNBAP-PROTOCOL-EXTENSION", "value": 1},
    {"source": "HNBAP-PDU-Descriptions.SuccessfulOutcome", "target": "HNBAP-PDU-Descriptions.HNBAP-ELEMENTARY-PROCEDURES", "value": 1},
    {"source": "HNBAP-PDU-Descriptions.SuccessfulOutcome", "target": "HNBAP-PDU-Descriptions.HNBAP-ELEMENTARY-PROCEDURE", "value": 1},
    {"source": "HNBAP-PDU-Descriptions.SuccessfulOutcome", "target": "HNBAP-PDU-Descriptions.HNBAP-ELEMENTARY-PROCEDURE", "value": 1},
    {"source": "HNBAP-PDU-Descriptions.SuccessfulOutcome", "target": "HNBAP-PDU-Descriptions.HNBAP-ELEMENTARY-PROCEDURE", "value": 1},
    {"source": "HNBAP-IEs.HNB-Location-Information-ExtIEs", "target": "HNBAP-IEs.IP-Address", "value": 1},
    {"source": "HNBAP-IEs.HNB-Location-Information-ExtIEs", "target": "HNBAP-Containers.HNBAP-PROTOCOL-EXTENSION", "value": 1},
    {"source": "HNBAP-PDU-Contents.ErrorIndicationIEs", "target": "HNBAP-Containers.HNBAP-PROTOCOL-IES", "value": 1},
    {"source": "HNBAP-PDU-Contents.ErrorIndicationIEs", "target": "HNBAP-IEs.Cause", "value": 1},
    {"source": "HNBAP-PDU-Contents.ErrorIndicationIEs", "target": "HNBAP-IEs.CriticalityDiagnostics", "value": 1},
    {"source": "HNBAP-PDU-Contents.TNLUpdateResponseExtensions", "target": "HNBAP-Containers.HNBAP-PROTOCOL-EXTENSION", "value": 1},
    {"source": "HNBAP-PDU-Contents.TNLUpdateFailure", "target": "HNBAP-PDU-Contents.TNLUpdateFailureIEs", "value": 1},
    {"source": "HNBAP-PDU-Contents.TNLUpdateFailure", "target": "HNBAP-Containers.ProtocolExtensionContainer", "value": 1},
    {"source": "HNBAP-PDU-Contents.TNLUpdateFailure", "target": "HNBAP-PDU-Contents.TNLUpdateFailureExtensions", "value": 1},
    {"source": "HNBAP-PDU-Contents.TNLUpdateFailure", "target": "HNBAP-Containers.ProtocolIE-Container", "value": 1},
    {"source": "HNBAP-Constants.id-RNC-ID", "target": "HNBAP-CommonDataTypes.ProtocolIE-ID", "value": 1},
    {"source": "HNBAP-IEs.HNB-RNL-Identity", "target": "HNBAP-IEs.HNB-Cell-Identifier", "value": 1},
    {"source": "HNBAP-IEs.PTMSIRAI", "target": "HNBAP-IEs.RAI", "value": 1},
    {"source": "HNBAP-IEs.PTMSIRAI", "target": "HNBAP-IEs.PTMSI", "value": 1},
    {"source": "HNBAP-PDU-Contents.UERegisterRejectExtensions", "target": "HNBAP-Containers.HNBAP-PROTOCOL-EXTENSION", "value": 1},
    {"source": "HNBAP-Constants.id-UE-Capabilities", "target": "HNBAP-CommonDataTypes.ProtocolIE-ID", "value": 1},
    {"source": "HNBAP-IEs.HNBConfigurationInformationProvided", "target": "HNBAP-Containers.ProtocolExtensionContainer", "value": 1},
    {"source": "HNBAP-IEs.HNBConfigurationInformationProvided", "target": "HNBAP-IEs.PSC", "value": 1},
    {"source": "HNBAP-IEs.HNBConfigurationInformationProvided", "target": "HNBAP-IEs.CSG-ID", "value": 1},
    {"source": "HNBAP-IEs.HNBConfigurationInformationProvided", "target": "HNBAP-IEs.HNB-Cell-Access-Mode", "value": 1},
    {"source": "HNBAP-IEs.HNBConfigurationInformationProvided", "target": "HNBAP-IEs.HNBConfigurationInformationProvided-ExtIEs", "value": 1},
    {"source": "HNBAP-IEs.HNBConfigurationInformationProvided", "target": "HNBAP-IEs.Iurh-Signalling-TNL-AddressList", "value": 1},
    {"source": "HNBAP-IEs.Cause", "target": "HNBAP-IEs.CauseTransport", "value": 1},
    {"source": "HNBAP-IEs.Cause", "target": "HNBAP-IEs.CauseProtocol", "value": 1},
    {"source": "HNBAP-IEs.Cause", "target": "HNBAP-IEs.CauseRadioNetwork", "value": 1},
    {"source": "HNBAP-IEs.Cause", "target": "HNBAP-IEs.CauseMisc", "value": 1},
    {"source": "HNBAP-PDU-Contents.HNBRegisterReject", "target": "HNBAP-PDU-Contents.HNBRegisterRejectIEs", "value": 1},
    {"source": "HNBAP-PDU-Contents.HNBRegisterReject", "target": "HNBAP-Containers.ProtocolExtensionContainer", "value": 1},
    {"source": "HNBAP-PDU-Contents.HNBRegisterReject", "target": "HNBAP-PDU-Contents.HNBRegisterRejectExtensions", "value": 1},
    {"source": "HNBAP-PDU-Contents.HNBRegisterReject", "target": "HNBAP-Containers.ProtocolIE-Container", "value": 1},
    {"source": "HNBAP-PDU-Contents.UERegisterAcceptExtensions", "target": "HNBAP-IEs.CSGMembershipStatus", "value": 1},
    {"source": "HNBAP-PDU-Contents.UERegisterAcceptExtensions", "target": "HNBAP-Containers.HNBAP-PROTOCOL-EXTENSION", "value": 1},
    {"source": "HNBAP-PDU-Contents.TNLUpdateRequest", "target": "HNBAP-PDU-Contents.TNLUpdateExtensions", "value": 1},
    {"source": "HNBAP-PDU-Contents.TNLUpdateRequest", "target": "HNBAP-Containers.ProtocolExtensionContainer", "value": 1},
    {"source": "HNBAP-PDU-Contents.TNLUpdateRequest", "target": "HNBAP-Containers.ProtocolIE-Container", "value": 1},
    {"source": "HNBAP-PDU-Contents.TNLUpdateRequest", "target": "HNBAP-PDU-Contents.TNLUpdateRequestIEs", "value": 1},
    {"source": "HNBAP-PDU-Contents.TNLUpdateResponseIEs", "target": "HNBAP-Containers.HNBAP-PROTOCOL-IES", "value": 1},
    {"source": "HNBAP-PDU-Contents.TNLUpdateResponseIEs", "target": "HNBAP-IEs.Context-ID", "value": 1},
    {"source": "HNBAP-IEs.HNBConfigurationInformationMissing", "target": "HNBAP-Containers.ProtocolExtensionContainer", "value": 1},
    {"source": "HNBAP-IEs.HNBConfigurationInformationMissing", "target": "HNBAP-IEs.HNBConfigurationInformationMissing-ExtIEs", "value": 1},
    {"source": "HNBAP-IEs.HNBConfigurationInformationMissing", "target": "HNBAP-IEs.Cause", "value": 1},
    {"source": "HNBAP-Constants.id-HNB-Cell-Access-Mode", "target": "HNBAP-CommonDataTypes.ProtocolIE-ID", "value": 1},
    {"source": "HNBAP-PDU-Contents.PrivateMessage", "target": "HNBAP-Containers.PrivateIE-Container", "value": 1},
    {"source": "HNBAP-PDU-Contents.PrivateMessage", "target": "HNBAP-PDU-Contents.PrivateMessage-IEs", "value": 1}
  ]
}
