{
  "_comment": "code automatically generated by pycrate_asn1c",
  "nodes": [
    {"id": "ILP-Components.Version", "group": 2},
    {"id": "ILP-Components.SessionID2", "group": 2},
    {"id": "ILP-Components.SetSessionID", "group": 2},
    {"id": "ILP-Components.SETId", "group": 2},
    {"id": "ILP-Components.SlcSessionID", "group": 2},
    {"id": "ILP-Components.SpcSessionID", "group": 2},
    {"id": "ILP-Components.IPAddress", "group": 2},
    {"id": "ILP-Components.NodeAddress", "group": 2},
    {"id": "ILP-Components.FQDN", "group": 2},
    {"id": "ILP-Components.LocationId", "group": 2},
    {"id": "ILP-Components.Status", "group": 2},
    {"id": "ILP-Components.LocationIdData", "group": 2},
    {"id": "ILP-Components.RelativeTime", "group": 2},
    {"id": "ILP-Components.maxLidSize", "group": 2},
    {"id": "ILP-Components.SETCapabilities", "group": 2},
    {"id": "ILP-Components.PosTechnology", "group": 2},
    {"id": "ILP-Components.GANSSPositionMethods", "group": 2},
    {"id": "ILP-Components.GANSSPositionMethod", "group": 2},
    {"id": "ILP-Components.GANSSPositioningMethodTypes", "group": 2},
    {"id": "ILP-Components.GANSSSignals", "group": 2},
    {"id": "ILP-Components.PrefMethod", "group": 2},
    {"id": "ILP-Components.PosProtocol", "group": 2},
    {"id": "ILP-Components.PosProtocolVersion3GPP", "group": 2},
    {"id": "ILP-Components.PosProtocolVersion3GPP2", "group": 2},
    {"id": "ILP-Components.Supported3GPP2PosProtocolVersion", "group": 2},
    {"id": "ILP-Components.SupportedBearers", "group": 2},
    {"id": "ILP-Components.CellInfo", "group": 2},
    {"id": "ILP-Components.UTRAN-GPSReferenceTimeResult", "group": 2},
    {"id": "ILP-Components.UTRAN-GANSSReferenceTimeResult", "group": 2},
    {"id": "ILP-Components.SET-GANSSReferenceTime", "group": 2},
    {"id": "ILP-Components.GNSSPosTechnology", "group": 2},
    {"id": "ILP-Components.Position", "group": 2},
    {"id": "ILP-Components.PositionEstimate", "group": 2},
    {"id": "ILP-Components.AltitudeInfo", "group": 2},
    {"id": "ILP-Components.CdmaCellInformation", "group": 2},
    {"id": "ILP-Components.GsmCellInformation", "group": 2},
    {"id": "ILP-Components.WcdmaCellInformation", "group": 2},
    {"id": "ILP-Components.TimingAdvance", "group": 2},
    {"id": "ILP-Components.TAResolution", "group": 2},
    {"id": "ILP-Components.ChipRate", "group": 2},
    {"id": "ILP-Components.HrpdCellInformation", "group": 2},
    {"id": "ILP-Components.UmbCellInformation", "group": 2},
    {"id": "ILP-Components.LteCellInformation", "group": 2},
    {"id": "ILP-Components.MeasResultEUTRA", "group": 2},
    {"id": "ILP-Components.PhysCellId", "group": 2},
    {"id": "ILP-Components.TrackingAreaCode", "group": 2},
    {"id": "ILP-Components.CellGlobalIdEUTRA", "group": 2},
    {"id": "ILP-Components.PLMN-Identity", "group": 2},
    {"id": "ILP-Components.CellIdentity", "group": 2},
    {"id": "ILP-Components.MCC", "group": 2},
    {"id": "ILP-Components.MNC", "group": 2},
    {"id": "ILP-Components.MCC-MNC-Digit", "group": 2},
    {"id": "ILP-Components.RSRP-Range", "group": 2},
    {"id": "ILP-Components.RSRQ-Range", "group": 2},
    {"id": "ILP-Components.maxCellReport", "group": 2},
    {"id": "ILP-Components.WlanAPInformation", "group": 2},
    {"id": "ILP-Components.RTD", "group": 2},
    {"id": "ILP-Components.RTDUnits", "group": 2},
    {"id": "ILP-Components.ReportedLocation", "group": 2},
    {"id": "ILP-Components.LocationEncodingDescriptor", "group": 2},
    {"id": "ILP-Components.LocationData", "group": 2},
    {"id": "ILP-Components.WimaxBSInformation", "group": 2},
    {"id": "ILP-Components.WimaxBsID", "group": 2},
    {"id": "ILP-Components.WimaxRTD", "group": 2},
    {"id": "ILP-Components.WimaxNMR", "group": 2},
    {"id": "ILP-Components.maxWimaxBSMeas", "group": 2},
    {"id": "ILP-Components.FrequencyInfo", "group": 2},
    {"id": "ILP-Components.FrequencyInfoFDD", "group": 2},
    {"id": "ILP-Components.FrequencyInfoTDD", "group": 2},
    {"id": "ILP-Components.UARFCN", "group": 2},
    {"id": "ILP-Components.NMR", "group": 2},
    {"id": "ILP-Components.NMRelement", "group": 2},
    {"id": "ILP-Components.MeasuredResults", "group": 2},
    {"id": "ILP-Components.UTRA-CarrierRSSI", "group": 2},
    {"id": "ILP-Components.CellMeasuredResults", "group": 2},
    {"id": "ILP-Components.CellParametersID", "group": 2},
    {"id": "ILP-Components.TGSN", "group": 2},
    {"id": "ILP-Components.PrimaryCCPCH-RSCP", "group": 2},
    {"id": "ILP-Components.TimeslotISCP", "group": 2},
    {"id": "ILP-Components.PrimaryCPICH-Info", "group": 2},
    {"id": "ILP-Components.CPICH-Ec-N0", "group": 2},
    {"id": "ILP-Components.CPICH-RSCP", "group": 2},
    {"id": "ILP-Components.Pathloss", "group": 2},
    {"id": "ILP-Components.maxCellMeas", "group": 2},
    {"id": "ILP-Components.maxFreq", "group": 2},
    {"id": "ILP-Components.maxTS", "group": 2},
    {"id": "ILP-Components.UTRAN-GPSReferenceTimeAssistance", "group": 2},
    {"id": "ILP-Components.UTRAN-GPSReferenceTime", "group": 2},
    {"id": "ILP-Components.UTRANGPSDriftRate", "group": 2},
    {"id": "ILP-Components.UTRAN-GANSSReferenceTimeAssistance", "group": 2},
    {"id": "ILP-Components.UTRAN-GANSSReferenceTime", "group": 2},
    {"id": "ILP-Components.UTRANGANSSDriftRate", "group": 2},
    {"id": "ILP-Components.StatusCode", "group": 2},
    {"id": "ILP-Components.QoP", "group": 2},
    {"id": "ILP-Components.Velocity", "group": 2},
    {"id": "ILP-Components.Horvel", "group": 2},
    {"id": "ILP-Components.Horandvervel", "group": 2},
    {"id": "ILP-Components.Horveluncert", "group": 2},
    {"id": "ILP-Components.Horandveruncert", "group": 2},
    {"id": "ILP-Components.PosMethod", "group": 2},
    {"id": "ILP-Components.SPCSETKey", "group": 2},
    {"id": "ILP-Components.SPCTID", "group": 2},
    {"id": "ILP-Components.SPCSETKeylifetime", "group": 2},
    {"id": "ILP-Components.PosPayLoad", "group": 2},
    {"id": "ILP-Components.MultiPosPayLoad", "group": 2},
    {"id": "ILP-Components.SPCStatusCode", "group": 2},
    {"id": "ILP-Components.maxPosSize", "group": 2},
    {"id": "ILP.ILP-PDU", "group": 3},
    {"id": "ILP.IlpMessage", "group": 3},
    {"id": "ILP-PREQ.PREQ", "group": 4},
    {"id": "ILP-PREQ.SLPMode", "group": 4},
    {"id": "ILP-PREQ.TriggerParams", "group": 4},
    {"id": "ILP-PREQ.TriggerType", "group": 4},
    {"id": "ILP-PREQ.PeriodicTriggerParams", "group": 4},
    {"id": "ILP-PREQ.NotificationMode", "group": 4},
    {"id": "ILP-PRES.PRES", "group": 5},
    {"id": "ILP-PRPT.PRPT", "group": 6},
    {"id": "ILP-PLREQ.PLREQ", "group": 7},
    {"id": "ILP-PLRES.PLRES", "group": 8},
    {"id": "ILP-PLRES.PositionResults", "group": 8},
    {"id": "ILP-PLRES.PositionResult", "group": 8},
    {"id": "ILP-PINIT.PINIT", "group": 9},
    {"id": "ILP-PINIT.RequestedAssistData", "group": 9},
    {"id": "ILP-PINIT.ExtendedEphemeris", "group": 9},
    {"id": "ILP-PINIT.ExtendedEphCheck", "group": 9},
    {"id": "ILP-PINIT.GPSTime", "group": 9},
    {"id": "ILP-PINIT.GanssRequestedCommonAssistanceDataList", "group": 9},
    {"id": "ILP-PINIT.GanssReqGenericData", "group": 9},
    {"id": "ILP-PINIT.DGANSS-Sig-Id-Req", "group": 9},
    {"id": "ILP-PINIT.GanssNavigationModelData", "group": 9},
    {"id": "ILP-PINIT.SatellitesListRelatedData", "group": 9},
    {"id": "ILP-PINIT.maxGANSS", "group": 9},
    {"id": "ILP-PINIT.maxGANSSSat", "group": 9},
    {"id": "ILP-PINIT.GanssDataBits", "group": 9},
    {"id": "ILP-PINIT.ReqDataBitAssistanceList", "group": 9},
    {"id": "ILP-PINIT.GanssAdditionalDataChoices", "group": 9},
    {"id": "ILP-PINIT.GanssExtendedEphCheck", "group": 9},
    {"id": "ILP-PINIT.GANSSextEphTime", "group": 9},
    {"id": "ILP-PINIT.NavigationModel", "group": 9},
    {"id": "ILP-PINIT.SatelliteInfo", "group": 9},
    {"id": "ILP-PINIT.SatelliteInfoElement", "group": 9},
    {"id": "ILP-PAUTH.PAUTH", "group": 10},
    {"id": "ILP-PALIVE.PALIVE", "group": 11},
    {"id": "ILP-PEND.PEND", "group": 12},
    {"id": "ILP-PMESS.PMESS", "group": 13},
    {"id": "ILP-Components.MultipleLocationIds", "group": 2},
    {"id": "ILP-Components.MeasResultListEUTRA", "group": 2},
    {"id": "ILP-Components.WimaxNMRList", "group": 2},
    {"id": "ILP-Components.MeasuredResultsList", "group": 2},
    {"id": "ILP-Components.CellMeasuredResultsList", "group": 2},
    {"id": "ILP-Components.TimeslotISCP-List", "group": 2},
    {"id": "ILP-PINIT.GanssRequestedGenericAssistanceDataList", "group": 9}
  ],
  "links": [
    {"source": "ILP-Components.GANSSPositionMethod", "target": "ILP-Components.GANSSSignals", "value": 1},
    {"source": "ILP-Components.GANSSPositionMethod", "target": "ILP-Components.GANSSPositioningMethodTypes", "value": 1},
    {"source": "ILP-Components.CellGlobalIdEUTRA", "target": "ILP-Components.PLMN-Identity", "value": 1},
    {"source": "ILP-Components.CellGlobalIdEUTRA", "target": "ILP-Components.CellIdentity", "value": 1},
    {"source": "ILP-PAUTH.PAUTH", "target": "ILP-Components.SPCSETKey", "value": 1},
    {"source": "ILP-PAUTH.PAUTH", "target": "ILP-Components.SPCSETKeylifetime", "value": 1},
    {"source": "ILP-PAUTH.PAUTH", "target": "ILP-Components.SPCTID", "value": 1},
    {"source": "ILP-Components.UTRAN-GANSSReferenceTimeResult", "target": "ILP-Components.SET-GANSSReferenceTime", "value": 1},
    {"source": "ILP-PINIT.GanssNavigationModelData", "target": "ILP-PINIT.SatellitesListRelatedDataList", "value": 1},
    {"source": "ILP-Components.MNC", "target": "ILP-Components.MCC-MNC-Digit", "value": 1},
    {"source": "ILP-PINIT.GanssExtendedEphCheck", "target": "ILP-PINIT.GANSSextEphTime", "value": 1},
    {"source": "ILP-PINIT.SatelliteInfo", "target": "ILP-PINIT.SatelliteInfoElement", "value": 1},
    {"source": "ILP-Components.FrequencyInfoTDD", "target": "ILP-Components.UARFCN", "value": 1},
    {"source": "ILP-Components.SpcSessionID", "target": "ILP-Components.NodeAddress", "value": 1},
    {"source": "ILP-Components.CellMeasuredResults", "target": "ILP-Components.CellParametersID", "value": 1},
    {"source": "ILP-Components.CellMeasuredResults", "target": "ILP-Components.PrimaryCCPCH-RSCP", "value": 1},
    {"source": "ILP-Components.CellMeasuredResults", "target": "ILP-Components.CPICH-RSCP", "value": 1},
    {"source": "ILP-Components.CellMeasuredResults", "target": "ILP-Components.TGSN", "value": 1},
    {"source": "ILP-Components.CellMeasuredResults", "target": "ILP-Components.PrimaryCPICH-Info", "value": 1},
    {"source": "ILP-Components.CellMeasuredResults", "target": "ILP-Components.Pathloss", "value": 1},
    {"source": "ILP-Components.CellMeasuredResults", "target": "ILP-Components.CPICH-Ec-N0", "value": 1},
    {"source": "ILP-Components.CellMeasuredResults", "target": "ILP-Components.TimeslotISCP-List", "value": 1},
    {"source": "ILP-PINIT.NavigationModel", "target": "ILP-PINIT.SatelliteInfo", "value": 1},
    {"source": "ILP-PLRES.PositionResult", "target": "ILP-Components.StatusCode", "value": 1},
    {"source": "ILP-PLRES.PositionResult", "target": "ILP-Components.Position", "value": 1},
    {"source": "ILP-Components.MCC", "target": "ILP-Components.MCC-MNC-Digit", "value": 1},
    {"source": "ILP-Components.RTD", "target": "ILP-Components.RTDUnits", "value": 1},
    {"source": "ILP-PINIT.SatellitesListRelatedDataList", "target": "ILP-PINIT.maxGANSSSat", "value": 1},
    {"source": "ILP-PINIT.SatellitesListRelatedDataList", "target": "ILP-PINIT.SatellitesListRelatedData", "value": 1},
    {"source": "ILP-Components.ReportedLocation", "target": "ILP-Components.LocationData", "value": 1},
    {"source": "ILP-Components.ReportedLocation", "target": "ILP-Components.LocationEncodingDescriptor", "value": 1},
    {"source": "ILP-Components.PosTechnology", "target": "ILP-Components.GANSSPositionMethods", "value": 1},
    {"source": "ILP-Components.CellMeasuredResultsList", "target": "ILP-Components.maxCellMeas", "value": 1},
    {"source": "ILP-Components.CellMeasuredResultsList", "target": "ILP-Components.CellMeasuredResults", "value": 1},
    {"source": "ILP-PLREQ.PLREQ", "target": "ILP-Components.LocationId", "value": 1},
    {"source": "ILP-PLREQ.PLREQ", "target": "ILP-Components.MultipleLocationIds", "value": 1},
    {"source": "ILP-Components.Velocity", "target": "ILP-Components.Horandvervel", "value": 1},
    {"source": "ILP-Components.Velocity", "target": "ILP-Components.Horveluncert", "value": 1},
    {"source": "ILP-Components.Velocity", "target": "ILP-Components.Horandveruncert", "value": 1},
    {"source": "ILP-Components.Velocity", "target": "ILP-Components.Horvel", "value": 1},
    {"source": "ILP-PMESS.PMESS", "target": "ILP-Components.PosPayLoad", "value": 1},
    {"source": "ILP-PMESS.PMESS", "target": "ILP-Components.UTRAN-GPSReferenceTimeAssistance", "value": 1},
    {"source": "ILP-PMESS.PMESS", "target": "ILP-Components.UTRAN-GPSReferenceTimeResult", "value": 1},
    {"source": "ILP-PMESS.PMESS", "target": "ILP-Components.Velocity", "value": 1},
    {"source": "ILP-PMESS.PMESS", "target": "ILP-Components.UTRAN-GANSSReferenceTimeAssistance", "value": 1},
    {"source": "ILP-PMESS.PMESS", "target": "ILP-Components.UTRAN-GANSSReferenceTimeResult", "value": 1},
    {"source": "ILP-PINIT.ReqDataBitAssistanceList", "target": "ILP-Components.GANSSSignals", "value": 1},
    {"source": "ILP-PINIT.ReqDataBitAssistanceList", "target": "ILP-PINIT.maxGANSSSat", "value": 1},
    {"source": "ILP-PINIT.GanssRequestedGenericAssistanceDataList", "target": "ILP-PINIT.maxGANSS", "value": 1},
    {"source": "ILP-PINIT.GanssRequestedGenericAssistanceDataList", "target": "ILP-PINIT.GanssReqGenericData", "value": 1},
    {"source": "ILP-PRPT.PRPT", "target": "ILP-Components.StatusCode", "value": 1},
    {"source": "ILP-PRPT.PRPT", "target": "ILP-Components.Position", "value": 1},
    {"source": "ILP-Components.MeasResultEUTRA", "target": "ILP-Components.TrackingAreaCode", "value": 1},
    {"source": "ILP-Components.MeasResultEUTRA", "target": "ILP-Components.RSRQ-Range", "value": 1},
    {"source": "ILP-Components.MeasResultEUTRA", "target": "ILP-Components.PhysCellId", "value": 1},
    {"source": "ILP-Components.MeasResultEUTRA", "target": "ILP-Components.CellGlobalIdEUTRA", "value": 1},
    {"source": "ILP-Components.MeasResultEUTRA", "target": "ILP-Components.RSRP-Range", "value": 1},
    {"source": "ILP-PRES.PRES", "target": "ILP-Components.PosMethod", "value": 1},
    {"source": "ILP-PRES.PRES", "target": "ILP-Components.Position", "value": 1},
    {"source": "ILP-PRES.PRES", "target": "ILP-Components.GNSSPosTechnology", "value": 1},
    {"source": "ILP-PRES.PRES", "target": "ILP-Components.SPCStatusCode", "value": 1},
    {"source": "ILP-PRES.PRES", "target": "ILP-Components.PosTechnology", "value": 1},
    {"source": "ILP-Components.LteCellInformation", "target": "ILP-Components.TrackingAreaCode", "value": 1},
    {"source": "ILP-Components.LteCellInformation", "target": "ILP-Components.RSRQ-Range", "value": 1},
    {"source": "ILP-Components.LteCellInformation", "target": "ILP-Components.MeasResultListEUTRA", "value": 1},
    {"source": "ILP-Components.LteCellInformation", "target": "ILP-Components.CellGlobalIdEUTRA", "value": 1},
    {"source": "ILP-Components.LteCellInformation", "target": "ILP-Components.PhysCellId", "value": 1},
    {"source": "ILP-Components.LteCellInformation", "target": "ILP-Components.RSRP-Range", "value": 1},
    {"source": "ILP-Components.NMR", "target": "ILP-Components.NMRelement", "value": 1},
    {"source": "ILP-Components.Position", "target": "ILP-Components.Velocity", "value": 1},
    {"source": "ILP-Components.Position", "target": "ILP-Components.PositionEstimate", "value": 1},
    {"source": "ILP-Components.SETCapabilities", "target": "ILP-Components.PrefMethod", "value": 1},
    {"source": "ILP-Components.SETCapabilities", "target": "ILP-Components.PosProtocol", "value": 1},
    {"source": "ILP-Components.SETCapabilities", "target": "ILP-Components.SupportedBearers", "value": 1},
    {"source": "ILP-Components.SETCapabilities", "target": "ILP-Components.PosTechnology", "value": 1},
    {"source": "ILP-Components.SET-GANSSReferenceTime", "target": "ILP-Components.CellParametersID", "value": 1},
    {"source": "ILP-Components.SET-GANSSReferenceTime", "target": "ILP-Components.PrimaryCPICH-Info", "value": 1},
    {"source": "ILP-PREQ.TriggerParams", "target": "ILP-PREQ.PeriodicTriggerParams", "value": 1},
    {"source": "ILP-PREQ.TriggerParams", "target": "ILP-PREQ.TriggerType", "value": 1},
    {"source": "ILP-Components.TimingAdvance", "target": "ILP-Components.TAResolution", "value": 1},
    {"source": "ILP-Components.TimingAdvance", "target": "ILP-Components.ChipRate", "value": 1},
    {"source": "ILP-PREQ.PREQ", "target": "ILP-Components.SPCSETKey", "value": 1},
    {"source": "ILP-PREQ.PREQ", "target": "ILP-PREQ.TriggerParams", "value": 1},
    {"source": "ILP-PREQ.PREQ", "target": "ILP-Components.MultipleLocationIds", "value": 1},
    {"source": "ILP-PREQ.PREQ", "target": "ILP-Components.SETCapabilities", "value": 1},
    {"source": "ILP-PREQ.PREQ", "target": "ILP-PREQ.NotificationMode", "value": 1},
    {"source": "ILP-PREQ.PREQ", "target": "ILP-Components.SPCTID", "value": 1},
    {"source": "ILP-PREQ.PREQ", "target": "ILP-Components.LocationId", "value": 1},
    {"source": "ILP-PREQ.PREQ", "target": "ILP-Components.Position", "value": 1},
    {"source": "ILP-PREQ.PREQ", "target": "ILP-PREQ.SLPMode", "value": 1},
    {"source": "ILP-PREQ.PREQ", "target": "ILP-Components.QoP", "value": 1},
    {"source": "ILP-PREQ.PREQ", "target": "ILP-Components.PosTechnology", "value": 1},
    {"source": "ILP-PREQ.PREQ", "target": "ILP-Components.SPCSETKeylifetime", "value": 1},
    {"source": "ILP-Components.SPCTID", "target": "ILP-Components.FQDN", "value": 1},
    {"source": "ILP-Components.UTRAN-GPSReferenceTimeResult", "target": "ILP-Components.CellParametersID", "value": 1},
    {"source": "ILP-Components.UTRAN-GPSReferenceTimeResult", "target": "ILP-Components.PrimaryCPICH-Info", "value": 1},
    {"source": "ILP-Components.MeasuredResultsList", "target": "ILP-Components.maxFreq", "value": 1},
    {"source": "ILP-Components.MeasuredResultsList", "target": "ILP-Components.MeasuredResults", "value": 1},
    {"source": "ILP-Components.GANSSPositionMethods", "target": "ILP-Components.GANSSPositionMethod", "value": 1},
    {"source": "ILP-PINIT.GanssReqGenericData", "target": "ILP-PINIT.GanssNavigationModelData", "value": 1},
    {"source": "ILP-PINIT.GanssReqGenericData", "target": "ILP-PINIT.GanssDataBits", "value": 1},
    {"source": "ILP-PINIT.GanssReqGenericData", "target": "ILP-PINIT.GanssExtendedEphCheck", "value": 1},
    {"source": "ILP-PINIT.GanssReqGenericData", "target": "ILP-PINIT.DGANSS-Sig-Id-Req", "value": 1},
    {"source": "ILP-PINIT.GanssReqGenericData", "target": "ILP-PINIT.GanssAdditionalDataChoices", "value": 1},
    {"source": "ILP-PINIT.GanssReqGenericData", "target": "ILP-PINIT.ExtendedEphemeris", "value": 1},
    {"source": "ILP-Components.PosProtocolVersion3GPP2", "target": "ILP-Components.Supported3GPP2PosProtocolVersion", "value": 1},
    {"source": "ILP-PINIT.GanssDataBits", "target": "ILP-PINIT.ReqDataBitAssistanceList", "value": 1},
    {"source": "ILP-PALIVE.PALIVE", "target": "ILP-Components.SPCStatusCode", "value": 1},
    {"source": "ILP-PINIT.RequestedAssistData", "target": "ILP-PINIT.GanssRequestedCommonAssistanceDataList", "value": 1},
    {"source": "ILP-PINIT.RequestedAssistData", "target": "ILP-PINIT.GanssRequestedGenericAssistanceDataList", "value": 1},
    {"source": "ILP-PINIT.RequestedAssistData", "target": "ILP-PINIT.NavigationModel", "value": 1},
    {"source": "ILP-PINIT.RequestedAssistData", "target": "ILP-PINIT.ExtendedEphCheck", "value": 1},
    {"source": "ILP-PINIT.RequestedAssistData", "target": "ILP-PINIT.ExtendedEphemeris", "value": 1},
    {"source": "ILP-Components.WlanAPInformation", "target": "ILP-Components.ReportedLocation", "value": 1},
    {"source": "ILP-Components.WlanAPInformation", "target": "ILP-Components.RTD", "value": 1},
    {"source": "ILP-Components.FrequencyInfoFDD", "target": "ILP-Components.UARFCN", "value": 1},
    {"source": "ILP-Components.UTRAN-GPSReferenceTime", "target": "ILP-Components.CellParametersID", "value": 1},
    {"source": "ILP-Components.UTRAN-GPSReferenceTime", "target": "ILP-Components.PrimaryCPICH-Info", "value": 1},
    {"source": "ILP-Components.SETId", "target": "ILP-Components.IPAddress", "value": 1},
    {"source": "ILP-Components.UTRAN-GANSSReferenceTime", "target": "ILP-Components.CellParametersID", "value": 1},
    {"source": "ILP-Components.UTRAN-GANSSReferenceTime", "target": "ILP-Components.PrimaryCPICH-Info", "value": 1},
    {"source": "ILP-Components.PosPayLoad", "target": "ILP-Components.MultiPosPayLoad", "value": 1},
    {"source": "ILP-Components.MeasuredResults", "target": "ILP-Components.UTRA-CarrierRSSI", "value": 1},
    {"source": "ILP-Components.MeasuredResults", "target": "ILP-Components.FrequencyInfo", "value": 1},
    {"source": "ILP-Components.MeasuredResults", "target": "ILP-Components.CellMeasuredResultsList", "value": 1},
    {"source": "ILP-Components.MeasResultListEUTRA", "target": "ILP-Components.maxCellReport", "value": 1},
    {"source": "ILP-Components.MeasResultListEUTRA", "target": "ILP-Components.MeasResultEUTRA", "value": 1},
    {"source": "ILP-Components.NodeAddress", "target": "ILP-Components.IPAddress", "value": 1},
    {"source": "ILP-Components.NodeAddress", "target": "ILP-Components.FQDN", "value": 1},
    {"source": "ILP-PLRES.PLRES", "target": "ILP-PLRES.PositionResults", "value": 1},
    {"source": "ILP.ILP-PDU", "target": "ILP.IlpMessage", "value": 1},
    {"source": "ILP.ILP-PDU", "target": "ILP-Components.SessionID2", "value": 1},
    {"source": "ILP.ILP-PDU", "target": "ILP-Components.Version", "value": 1},
    {"source": "ILP-Components.WimaxNMRList", "target": "ILP-Components.WimaxNMR", "value": 1},
    {"source": "ILP-Components.WimaxNMRList", "target": "ILP-Components.maxWimaxBSMeas", "value": 1},
    {"source": "ILP-Components.LocationIdData", "target": "ILP-Components.RelativeTime", "value": 1},
    {"source": "ILP-Components.LocationIdData", "target": "ILP-Components.LocationId", "value": 1},
    {"source": "ILP-Components.PosProtocol", "target": "ILP-Components.PosProtocolVersion3GPP", "value": 1},
    {"source": "ILP-Components.PosProtocol", "target": "ILP-Components.PosProtocolVersion3GPP2", "value": 1},
    {"source": "ILP-Components.SessionID2", "target": "ILP-Components.SetSessionID", "value": 1},
    {"source": "ILP-Components.SessionID2", "target": "ILP-Components.SlcSessionID", "value": 1},
    {"source": "ILP-Components.SessionID2", "target": "ILP-Components.SpcSessionID", "value": 1},
    {"source": "ILP-Components.SlcSessionID", "target": "ILP-Components.NodeAddress", "value": 1},
    {"source": "ILP-PINIT.PINIT", "target": "ILP-Components.PosPayLoad", "value": 1},
    {"source": "ILP-PINIT.PINIT", "target": "ILP-Components.LocationId", "value": 1},
    {"source": "ILP-PINIT.PINIT", "target": "ILP-Components.Position", "value": 1},
    {"source": "ILP-PINIT.PINIT", "target": "ILP-Components.MultipleLocationIds", "value": 1},
    {"source": "ILP-PINIT.PINIT", "target": "ILP-Components.SETCapabilities", "value": 1},
    {"source": "ILP-PINIT.PINIT", "target": "ILP-Components.UTRAN-GANSSReferenceTimeResult", "value": 1},
    {"source": "ILP-PINIT.PINIT", "target": "ILP-Components.GNSSPosTechnology", "value": 1},
    {"source": "ILP-PINIT.PINIT", "target": "ILP-Components.PosMethod", "value": 1},
    {"source": "ILP-PINIT.PINIT", "target": "ILP-Components.UTRAN-GPSReferenceTimeResult", "value": 1},
    {"source": "ILP-PINIT.PINIT", "target": "ILP-PINIT.RequestedAssistData", "value": 1},
    {"source": "ILP-Components.GsmCellInformation", "target": "ILP-Components.NMR", "value": 1},
    {"source": "ILP-Components.FrequencyInfo", "target": "ILP-Components.FrequencyInfoTDD", "value": 1},
    {"source": "ILP-Components.FrequencyInfo", "target": "ILP-Components.FrequencyInfoFDD", "value": 1},
    {"source": "ILP-PLRES.PositionResults", "target": "ILP-PLRES.PositionResult", "value": 1},
    {"source": "ILP-PLRES.PositionResults", "target": "ILP-Components.maxPosSize", "value": 1},
    {"source": "ILP.IlpMessage", "target": "ILP-PRES.PRES", "value": 1},
    {"source": "ILP.IlpMessage", "target": "ILP-PLREQ.PLREQ", "value": 1},
    {"source": "ILP.IlpMessage", "target": "ILP-PRPT.PRPT", "value": 1},
    {"source": "ILP.IlpMessage", "target": "ILP-PMESS.PMESS", "value": 1},
    {"source": "ILP.IlpMessage", "target": "ILP-PINIT.PINIT", "value": 1},
    {"source": "ILP.IlpMessage", "target": "ILP-PLRES.PLRES", "value": 1},
    {"source": "ILP.IlpMessage", "target": "ILP-PREQ.PREQ", "value": 1},
    {"source": "ILP.IlpMessage", "target": "ILP-PAUTH.PAUTH", "value": 1},
    {"source": "ILP.IlpMessage", "target": "ILP-PEND.PEND", "value": 1},
    {"source": "ILP.IlpMessage", "target": "ILP-PALIVE.PALIVE", "value": 1},
    {"source": "ILP-Components.UTRAN-GPSReferenceTimeAssistance", "target": "ILP-Components.UTRANGPSDriftRate", "value": 1},
    {"source": "ILP-Components.UTRAN-GPSReferenceTimeAssistance", "target": "ILP-Components.UTRAN-GPSReferenceTime", "value": 1},
    {"source": "ILP-Components.PLMN-Identity", "target": "ILP-Components.MCC", "value": 1},
    {"source": "ILP-Components.PLMN-Identity", "target": "ILP-Components.MNC", "value": 1},
    {"source": "ILP-Components.UTRAN-GANSSReferenceTimeAssistance", "target": "ILP-Components.UTRANGANSSDriftRate", "value": 1},
    {"source": "ILP-Components.UTRAN-GANSSReferenceTimeAssistance", "target": "ILP-Components.UTRAN-GANSSReferenceTime", "value": 1},
    {"source": "ILP-Components.MultipleLocationIds", "target": "ILP-Components.maxLidSize", "value": 1},
    {"source": "ILP-Components.MultipleLocationIds", "target": "ILP-Components.LocationIdData", "value": 1},
    {"source": "ILP-Components.CellInfo", "target": "ILP-Components.LteCellInformation", "value": 1},
    {"source": "ILP-Components.CellInfo", "target": "ILP-Components.UmbCellInformation", "value": 1},
    {"source": "ILP-Components.CellInfo", "target": "ILP-Components.GsmCellInformation", "value": 1},
    {"source": "ILP-Components.CellInfo", "target": "ILP-Components.WlanAPInformation", "value": 1},
    {"source": "ILP-Components.CellInfo", "target": "ILP-Components.HrpdCellInformation", "value": 1},
    {"source": "ILP-Components.CellInfo", "target": "ILP-Components.CdmaCellInformation", "value": 1},
    {"source": "ILP-Components.CellInfo", "target": "ILP-Components.WimaxBSInformation", "value": 1},
    {"source": "ILP-Components.CellInfo", "target": "ILP-Components.WcdmaCellInformation", "value": 1},
    {"source": "ILP-PEND.PEND", "target": "ILP-Components.StatusCode", "value": 1},
    {"source": "ILP-PEND.PEND", "target": "ILP-Components.Position", "value": 1},
    {"source": "ILP-PINIT.ExtendedEphCheck", "target": "ILP-PINIT.GPSTime", "value": 1},
    {"source": "ILP-Components.SetSessionID", "target": "ILP-Components.SETId", "value": 1},
    {"source": "ILP-Components.TimeslotISCP-List", "target": "ILP-Components.TimeslotISCP", "value": 1},
    {"source": "ILP-Components.TimeslotISCP-List", "target": "ILP-Components.maxTS", "value": 1},
    {"source": "ILP-Components.WimaxBSInformation", "target": "ILP-Components.WimaxNMRList", "value": 1},
    {"source": "ILP-Components.WimaxBSInformation", "target": "ILP-Components.WimaxRTD", "value": 1},
    {"source": "ILP-Components.WimaxBSInformation", "target": "ILP-Components.WimaxBsID", "value": 1},
    {"source": "ILP-Components.WcdmaCellInformation", "target": "ILP-Components.FrequencyInfo", "value": 1},
    {"source": "ILP-Components.WcdmaCellInformation", "target": "ILP-Components.MeasuredResultsList", "value": 1},
    {"source": "ILP-Components.WcdmaCellInformation", "target": "ILP-Components.TimingAdvance", "value": 1},
    {"source": "ILP-Components.PositionEstimate", "target": "ILP-Components.AltitudeInfo", "value": 1},
    {"source": "ILP-Components.WimaxNMR", "target": "ILP-Components.ReportedLocation", "value": 1},
    {"source": "ILP-Components.WimaxNMR", "target": "ILP-Components.WimaxBsID", "value": 1},
    {"source": "ILP-Components.LocationId", "target": "ILP-Components.Status", "value": 1},
    {"source": "ILP-Components.LocationId", "target": "ILP-Components.CellInfo", "value": 1}
  ]
}
