{
  "_comment": "code automatically generated by pycrate_asn1c",
  "nodes": [
    {"id": "KerberosV5Spec2.id-krb5", "group": 2},
    {"id": "KerberosV5Spec2.Int32", "group": 2},
    {"id": "KerberosV5Spec2.UInt32", "group": 2},
    {"id": "KerberosV5Spec2.Microseconds", "group": 2},
    {"id": "KerberosV5Spec2.KerberosString", "group": 2},
    {"id": "KerberosV5Spec2.Realm", "group": 2},
    {"id": "KerberosV5Spec2.PrincipalName", "group": 2},
    {"id": "KerberosV5Spec2.KerberosTime", "group": 2},
    {"id": "KerberosV5Spec2.HostAddress", "group": 2},
    {"id": "KerberosV5Spec2.HostAddresses", "group": 2},
    {"id": "KerberosV5Spec2.AuthorizationData", "group": 2},
    {"id": "KerberosV5Spec2.PA-DATA", "group": 2},
    {"id": "KerberosV5Spec2.KerberosFlags", "group": 2},
    {"id": "KerberosV5Spec2.EncryptedData", "group": 2},
    {"id": "KerberosV5Spec2.EncryptionKey", "group": 2},
    {"id": "KerberosV5Spec2.Checksum", "group": 2},
    {"id": "KerberosV5Spec2.Ticket", "group": 2},
    {"id": "KerberosV5Spec2.EncTicketPart", "group": 2},
    {"id": "KerberosV5Spec2.TransitedEncoding", "group": 2},
    {"id": "KerberosV5Spec2.TicketFlags", "group": 2},
    {"id": "KerberosV5Spec2.AS-REQ", "group": 2},
    {"id": "KerberosV5Spec2.TGS-REQ", "group": 2},
    {"id": "KerberosV5Spec2.KDC-REQ", "group": 2},
    {"id": "KerberosV5Spec2.KDC-REQ-BODY", "group": 2},
    {"id": "KerberosV5Spec2.KDCOptions", "group": 2},
    {"id": "KerberosV5Spec2.AS-REP", "group": 2},
    {"id": "KerberosV5Spec2.TGS-REP", "group": 2},
    {"id": "KerberosV5Spec2.KDC-REP", "group": 2},
    {"id": "KerberosV5Spec2.EncASRepPart", "group": 2},
    {"id": "KerberosV5Spec2.EncTGSRepPart", "group": 2},
    {"id": "KerberosV5Spec2.EncKDCRepPart", "group": 2},
    {"id": "KerberosV5Spec2.LastReq", "group": 2},
    {"id": "KerberosV5Spec2.AP-REQ", "group": 2},
    {"id": "KerberosV5Spec2.APOptions", "group": 2},
    {"id": "KerberosV5Spec2.Authenticator", "group": 2},
    {"id": "KerberosV5Spec2.AP-REP", "group": 2},
    {"id": "KerberosV5Spec2.EncAPRepPart", "group": 2},
    {"id": "KerberosV5Spec2.KRB-SAFE", "group": 2},
    {"id": "KerberosV5Spec2.KRB-SAFE-BODY", "group": 2},
    {"id": "KerberosV5Spec2.KRB-PRIV", "group": 2},
    {"id": "KerberosV5Spec2.EncKrbPrivPart", "group": 2},
    {"id": "KerberosV5Spec2.KRB-CRED", "group": 2},
    {"id": "KerberosV5Spec2.EncKrbCredPart", "group": 2},
    {"id": "KerberosV5Spec2.KrbCredInfo", "group": 2},
    {"id": "KerberosV5Spec2.KRB-ERROR", "group": 2},
    {"id": "KerberosV5Spec2.METHOD-DATA", "group": 2},
    {"id": "KerberosV5Spec2.TYPED-DATA", "group": 2},
    {"id": "KerberosV5Spec2.PA-ENC-TIMESTAMP", "group": 2},
    {"id": "KerberosV5Spec2.PA-ENC-TS-ENC", "group": 2},
    {"id": "KerberosV5Spec2.ETYPE-INFO-ENTRY", "group": 2},
    {"id": "KerberosV5Spec2.ETYPE-INFO", "group": 2},
    {"id": "KerberosV5Spec2.ETYPE-INFO2-ENTRY", "group": 2},
    {"id": "KerberosV5Spec2.ETYPE-INFO2", "group": 2},
    {"id": "KerberosV5Spec2.AD-IF-RELEVANT", "group": 2},
    {"id": "KerberosV5Spec2.AD-KDCIssued", "group": 2},
    {"id": "KerberosV5Spec2.AD-AND-OR", "group": 2}
  ],
  "links": [
    {"source": "KerberosV5Spec2.EncKrbCredPart", "target": "KerberosV5Spec2.UInt32", "value": 1},
    {"source": "KerberosV5Spec2.EncKrbCredPart", "target": "KerberosV5Spec2.KerberosTime", "value": 1},
    {"source": "KerberosV5Spec2.EncKrbCredPart", "target": "KerberosV5Spec2.HostAddress", "value": 1},
    {"source": "KerberosV5Spec2.EncKrbCredPart", "target": "KerberosV5Spec2.KrbCredInfo", "value": 1},
    {"source": "KerberosV5Spec2.EncKrbCredPart", "target": "KerberosV5Spec2.Microseconds", "value": 1},
    {"source": "KerberosV5Spec2.HostAddresses", "target": "KerberosV5Spec2.HostAddress", "value": 1},
    {"source": "KerberosV5Spec2.AS-REP", "target": "KerberosV5Spec2.KDC-REP", "value": 1},
    {"source": "KerberosV5Spec2.EncryptionKey", "target": "KerberosV5Spec2.Int32", "value": 1},
    {"source": "KerberosV5Spec2.TYPED-DATA", "target": "KerberosV5Spec2.Int32", "value": 1},
    {"source": "KerberosV5Spec2.ETYPE-INFO-ENTRY", "target": "KerberosV5Spec2.Int32", "value": 1},
    {"source": "KerberosV5Spec2.EncASRepPart", "target": "KerberosV5Spec2.EncKDCRepPart", "value": 1},
    {"source": "KerberosV5Spec2.KDCOptions", "target": "KerberosV5Spec2.KerberosFlags", "value": 1},
    {"source": "KerberosV5Spec2.AuthorizationData", "target": "KerberosV5Spec2.Int32", "value": 1},
    {"source": "KerberosV5Spec2.EncAPRepPart", "target": "KerberosV5Spec2.EncryptionKey", "value": 1},
    {"source": "KerberosV5Spec2.EncAPRepPart", "target": "KerberosV5Spec2.UInt32", "value": 1},
    {"source": "KerberosV5Spec2.EncAPRepPart", "target": "KerberosV5Spec2.KerberosTime", "value": 1},
    {"source": "KerberosV5Spec2.EncAPRepPart", "target": "KerberosV5Spec2.Microseconds", "value": 1},
    {"source": "KerberosV5Spec2.KRB-CRED", "target": "KerberosV5Spec2.EncryptedData", "value": 1},
    {"source": "KerberosV5Spec2.KRB-CRED", "target": "KerberosV5Spec2.Ticket", "value": 1},
    {"source": "KerberosV5Spec2.Ticket", "target": "KerberosV5Spec2.EncryptedData", "value": 1},
    {"source": "KerberosV5Spec2.Ticket", "target": "KerberosV5Spec2.PrincipalName", "value": 1},
    {"source": "KerberosV5Spec2.Ticket", "target": "KerberosV5Spec2.Realm", "value": 1},
    {"source": "KerberosV5Spec2.PrincipalName", "target": "KerberosV5Spec2.Int32", "value": 1},
    {"source": "KerberosV5Spec2.PrincipalName", "target": "KerberosV5Spec2.KerberosString", "value": 1},
    {"source": "KerberosV5Spec2.AD-KDCIssued", "target": "KerberosV5Spec2.PrincipalName", "value": 1},
    {"source": "KerberosV5Spec2.AD-KDCIssued", "target": "KerberosV5Spec2.Realm", "value": 1},
    {"source": "KerberosV5Spec2.AD-KDCIssued", "target": "KerberosV5Spec2.Checksum", "value": 1},
    {"source": "KerberosV5Spec2.AD-KDCIssued", "target": "KerberosV5Spec2.AuthorizationData", "value": 1},
    {"source": "KerberosV5Spec2.AS-REQ", "target": "KerberosV5Spec2.KDC-REQ", "value": 1},
    {"source": "KerberosV5Spec2.PA-ENC-TIMESTAMP", "target": "KerberosV5Spec2.EncryptedData", "value": 1},
    {"source": "KerberosV5Spec2.ETYPE-INFO2-ENTRY", "target": "KerberosV5Spec2.Int32", "value": 1},
    {"source": "KerberosV5Spec2.ETYPE-INFO2-ENTRY", "target": "KerberosV5Spec2.KerberosString", "value": 1},
    {"source": "KerberosV5Spec2.TGS-REP", "target": "KerberosV5Spec2.KDC-REP", "value": 1},
    {"source": "KerberosV5Spec2.AD-AND-OR", "target": "KerberosV5Spec2.Int32", "value": 1},
    {"source": "KerberosV5Spec2.AD-AND-OR", "target": "KerberosV5Spec2.AuthorizationData", "value": 1},
    {"source": "KerberosV5Spec2.EncTGSRepPart", "target": "KerberosV5Spec2.EncKDCRepPart", "value": 1},
    {"source": "KerberosV5Spec2.AP-REP", "target": "KerberosV5Spec2.EncryptedData", "value": 1},
    {"source": "KerberosV5Spec2.PA-ENC-TS-ENC", "target": "KerberosV5Spec2.KerberosTime", "value": 1},
    {"source": "KerberosV5Spec2.PA-ENC-TS-ENC", "target": "KerberosV5Spec2.Microseconds", "value": 1},
    {"source": "KerberosV5Spec2.KRB-ERROR", "target": "KerberosV5Spec2.KerberosTime", "value": 1},
    {"source": "KerberosV5Spec2.KRB-ERROR", "target": "KerberosV5Spec2.Int32", "value": 1},
    {"source": "KerberosV5Spec2.KRB-ERROR", "target": "KerberosV5Spec2.PrincipalName", "value": 1},
    {"source": "KerberosV5Spec2.KRB-ERROR", "target": "KerberosV5Spec2.Realm", "value": 1},
    {"source": "KerberosV5Spec2.KRB-ERROR", "target": "KerberosV5Spec2.KerberosString", "value": 1},
    {"source": "KerberosV5Spec2.KRB-ERROR", "target": "KerberosV5Spec2.Microseconds", "value": 1},
    {"source": "KerberosV5Spec2.ETYPE-INFO", "target": "KerberosV5Spec2.ETYPE-INFO-ENTRY", "value": 1},
    {"source": "KerberosV5Spec2.KDC-REQ-BODY", "target": "KerberosV5Spec2.UInt32", "value": 1},
    {"source": "KerberosV5Spec2.KDC-REQ-BODY", "target": "KerberosV5Spec2.KerberosTime", "value": 1},
    {"source": "KerberosV5Spec2.KDC-REQ-BODY", "target": "KerberosV5Spec2.Int32", "value": 1},
    {"source": "KerberosV5Spec2.KDC-REQ-BODY", "target": "KerberosV5Spec2.Ticket", "value": 1},
    {"source": "KerberosV5Spec2.KDC-REQ-BODY", "target": "KerberosV5Spec2.EncryptedData", "value": 1},
    {"source": "KerberosV5Spec2.KDC-REQ-BODY", "target": "KerberosV5Spec2.KDCOptions", "value": 1},
    {"source": "KerberosV5Spec2.KDC-REQ-BODY", "target": "KerberosV5Spec2.PrincipalName", "value": 1},
    {"source": "KerberosV5Spec2.KDC-REQ-BODY", "target": "KerberosV5Spec2.HostAddresses", "value": 1},
    {"source": "KerberosV5Spec2.KDC-REQ-BODY", "target": "KerberosV5Spec2.Realm", "value": 1},
    {"source": "KerberosV5Spec2.KRB-SAFE", "target": "KerberosV5Spec2.KRB-SAFE-BODY", "value": 1},
    {"source": "KerberosV5Spec2.KRB-SAFE", "target": "KerberosV5Spec2.Checksum", "value": 1},
    {"source": "KerberosV5Spec2.KrbCredInfo", "target": "KerberosV5Spec2.EncryptionKey", "value": 1},
    {"source": "KerberosV5Spec2.KrbCredInfo", "target": "KerberosV5Spec2.TicketFlags", "value": 1},
    {"source": "KerberosV5Spec2.KrbCredInfo", "target": "KerberosV5Spec2.KerberosTime", "value": 1},
    {"source": "KerberosV5Spec2.KrbCredInfo", "target": "KerberosV5Spec2.PrincipalName", "value": 1},
    {"source": "KerberosV5Spec2.KrbCredInfo", "target": "KerberosV5Spec2.HostAddresses", "value": 1},
    {"source": "KerberosV5Spec2.KrbCredInfo", "target": "KerberosV5Spec2.Realm", "value": 1},
    {"source": "KerberosV5Spec2.PA-DATA", "target": "KerberosV5Spec2.Int32", "value": 1},
    {"source": "KerberosV5Spec2.APOptions", "target": "KerberosV5Spec2.KerberosFlags", "value": 1},
    {"source": "KerberosV5Spec2.EncKDCRepPart", "target": "KerberosV5Spec2.EncryptionKey", "value": 1},
    {"source": "KerberosV5Spec2.EncKDCRepPart", "target": "KerberosV5Spec2.TicketFlags", "value": 1},
    {"source": "KerberosV5Spec2.EncKDCRepPart", "target": "KerberosV5Spec2.HostAddresses", "value": 1},
    {"source": "KerberosV5Spec2.EncKDCRepPart", "target": "KerberosV5Spec2.KerberosTime", "value": 1},
    {"source": "KerberosV5Spec2.EncKDCRepPart", "target": "KerberosV5Spec2.UInt32", "value": 1},
    {"source": "KerberosV5Spec2.EncKDCRepPart", "target": "KerberosV5Spec2.PrincipalName", "value": 1},
    {"source": "KerberosV5Spec2.EncKDCRepPart", "target": "KerberosV5Spec2.LastReq", "value": 1},
    {"source": "KerberosV5Spec2.EncKDCRepPart", "target": "KerberosV5Spec2.Realm", "value": 1},
    {"source": "KerberosV5Spec2.TransitedEncoding", "target": "KerberosV5Spec2.Int32", "value": 1},
    {"source": "KerberosV5Spec2.AP-REQ", "target": "KerberosV5Spec2.EncryptedData", "value": 1},
    {"source": "KerberosV5Spec2.AP-REQ", "target": "KerberosV5Spec2.Ticket", "value": 1},
    {"source": "KerberosV5Spec2.AP-REQ", "target": "KerberosV5Spec2.APOptions", "value": 1},
    {"source": "KerberosV5Spec2.METHOD-DATA", "target": "KerberosV5Spec2.PA-DATA", "value": 1},
    {"source": "KerberosV5Spec2.Realm", "target": "KerberosV5Spec2.KerberosString", "value": 1},
    {"source": "KerberosV5Spec2.KRB-SAFE-BODY", "target": "KerberosV5Spec2.UInt32", "value": 1},
    {"source": "KerberosV5Spec2.KRB-SAFE-BODY", "target": "KerberosV5Spec2.HostAddress", "value": 1},
    {"source": "KerberosV5Spec2.KRB-SAFE-BODY", "target": "KerberosV5Spec2.KerberosTime", "value": 1},
    {"source": "KerberosV5Spec2.KRB-SAFE-BODY", "target": "KerberosV5Spec2.Microseconds", "value": 1},
    {"source": "KerberosV5Spec2.EncTicketPart", "target": "KerberosV5Spec2.EncryptionKey", "value": 1},
    {"source": "KerberosV5Spec2.EncTicketPart", "target": "KerberosV5Spec2.TicketFlags", "value": 1},
    {"source": "KerberosV5Spec2.EncTicketPart", "target": "KerberosV5Spec2.TransitedEncoding", "value": 1},
    {"source": "KerberosV5Spec2.EncTicketPart", "target": "KerberosV5Spec2.KerberosTime", "value": 1},
    {"source": "KerberosV5Spec2.EncTicketPart", "target": "KerberosV5Spec2.PrincipalName", "value": 1},
    {"source": "KerberosV5Spec2.EncTicketPart", "target": "KerberosV5Spec2.HostAddresses", "value": 1},
    {"source": "KerberosV5Spec2.EncTicketPart", "target": "KerberosV5Spec2.Realm", "value": 1},
    {"source": "KerberosV5Spec2.EncTicketPart", "target": "KerberosV5Spec2.AuthorizationData", "value": 1},
    {"source": "KerberosV5Spec2.KDC-REQ", "target": "KerberosV5Spec2.KDC-REQ-BODY", "value": 1},
    {"source": "KerberosV5Spec2.KDC-REQ", "target": "KerberosV5Spec2.PA-DATA", "value": 1},
    {"source": "KerberosV5Spec2.EncKrbPrivPart", "target": "KerberosV5Spec2.UInt32", "value": 1},
    {"source": "KerberosV5Spec2.EncKrbPrivPart", "target": "KerberosV5Spec2.HostAddress", "value": 1},
    {"source": "KerberosV5Spec2.EncKrbPrivPart", "target": "KerberosV5Spec2.KerberosTime", "value": 1},
    {"source": "KerberosV5Spec2.EncKrbPrivPart", "target": "KerberosV5Spec2.Microseconds", "value": 1},
    {"source": "KerberosV5Spec2.LastReq", "target": "KerberosV5Spec2.KerberosTime", "value": 1},
    {"source": "KerberosV5Spec2.LastReq", "target": "KerberosV5Spec2.Int32", "value": 1},
    {"source": "KerberosV5Spec2.HostAddress", "target": "KerberosV5Spec2.Int32", "value": 1},
    {"source": "KerberosV5Spec2.EncryptedData", "target": "KerberosV5Spec2.UInt32", "value": 1},
    {"source": "KerberosV5Spec2.EncryptedData", "target": "KerberosV5Spec2.Int32", "value": 1},
    {"source": "KerberosV5Spec2.ETYPE-INFO2", "target": "KerberosV5Spec2.ETYPE-INFO2-ENTRY", "value": 1},
    {"source": "KerberosV5Spec2.TGS-REQ", "target": "KerberosV5Spec2.KDC-REQ", "value": 1},
    {"source": "KerberosV5Spec2.AD-MANDATORY-FOR-KDC", "target": "KerberosV5Spec2.AuthorizationData", "value": 1},
    {"source": "KerberosV5Spec2.AD-IF-RELEVANT", "target": "KerberosV5Spec2.AuthorizationData", "value": 1},
    {"source": "KerberosV5Spec2.Authenticator", "target": "KerberosV5Spec2.EncryptionKey", "value": 1},
    {"source": "KerberosV5Spec2.Authenticator", "target": "KerberosV5Spec2.KerberosTime", "value": 1},
    {"source": "KerberosV5Spec2.Authenticator", "target": "KerberosV5Spec2.UInt32", "value": 1},
    {"source": "KerberosV5Spec2.Authenticator", "target": "KerberosV5Spec2.PrincipalName", "value": 1},
    {"source": "KerberosV5Spec2.Authenticator", "target": "KerberosV5Spec2.Realm", "value": 1},
    {"source": "KerberosV5Spec2.Authenticator", "target": "KerberosV5Spec2.Checksum", "value": 1},
    {"source": "KerberosV5Spec2.Authenticator", "target": "KerberosV5Spec2.AuthorizationData", "value": 1},
    {"source": "KerberosV5Spec2.Authenticator", "target": "KerberosV5Spec2.Microseconds", "value": 1},
    {"source": "KerberosV5Spec2.KRB-PRIV", "target": "KerberosV5Spec2.EncryptedData", "value": 1},
    {"source": "KerberosV5Spec2.Checksum", "target": "KerberosV5Spec2.Int32", "value": 1},
    {"source": "KerberosV5Spec2.KDC-REP", "target": "KerberosV5Spec2.EncryptedData", "value": 1},
    {"source": "KerberosV5Spec2.KDC-REP", "target": "KerberosV5Spec2.PrincipalName", "value": 1},
    {"source": "KerberosV5Spec2.KDC-REP", "target": "KerberosV5Spec2.Realm", "value": 1},
    {"source": "KerberosV5Spec2.KDC-REP", "target": "KerberosV5Spec2.PA-DATA", "value": 1},
    {"source": "KerberosV5Spec2.KDC-REP", "target": "KerberosV5Spec2.Ticket", "value": 1},
    {"source": "KerberosV5Spec2.TicketFlags", "target": "KerberosV5Spec2.KerberosFlags", "value": 1}
  ]
}
