{
  "_comment": "code automatically generated by pycrate_asn1c",
  "nodes": [
    {"id": "Lightweight-Directory-Access-Protocol-V3.maxInt", "group": 2},
    {"id": "Lightweight-Directory-Access-Protocol-V3.LDAPString", "group": 2},
    {"id": "Lightweight-Directory-Access-Protocol-V3.LDAPOID", "group": 2},
    {"id": "Lightweight-Directory-Access-Protocol-V3.LDAPDN", "group": 2},
    {"id": "Lightweight-Directory-Access-Protocol-V3.RelativeLDAPDN", "group": 2},
    {"id": "Lightweight-Directory-Access-Protocol-V3.AttributeDescription", "group": 2},
    {"id": "Lightweight-Directory-Access-Protocol-V3.AttributeValue", "group": 2},
    {"id": "Lightweight-Directory-Access-Protocol-V3.AssertionValue", "group": 2},
    {"id": "Lightweight-Directory-Access-Protocol-V3.PartialAttribute", "group": 2},
    {"id": "Lightweight-Directory-Access-Protocol-V3.Attribute", "group": 2},
    {"id": "Lightweight-Directory-Access-Protocol-V3.MatchingRuleId", "group": 2},
    {"id": "Lightweight-Directory-Access-Protocol-V3.URI", "group": 2},
    {"id": "Lightweight-Directory-Access-Protocol-V3.Control", "group": 2},
    {"id": "Lightweight-Directory-Access-Protocol-V3.SaslCredentials", "group": 2},
    {"id": "Lightweight-Directory-Access-Protocol-V3.UnbindRequest", "group": 2},
    {"id": "Lightweight-Directory-Access-Protocol-V3.AttributeSelection", "group": 2},
    {"id": "Lightweight-Directory-Access-Protocol-V3.SubstringFilter", "group": 2},
    {"id": "Lightweight-Directory-Access-Protocol-V3.MatchingRuleAssertion", "group": 2},
    {"id": "Lightweight-Directory-Access-Protocol-V3.PartialAttributeList", "group": 2},
    {"id": "Lightweight-Directory-Access-Protocol-V3.SearchResultReference", "group": 2},
    {"id": "Lightweight-Directory-Access-Protocol-V3.ModifyRequest", "group": 2},
    {"id": "Lightweight-Directory-Access-Protocol-V3.AttributeList", "group": 2},
    {"id": "Lightweight-Directory-Access-Protocol-V3.DelRequest", "group": 2},
    {"id": "Lightweight-Directory-Access-Protocol-V3.ModifyDNRequest", "group": 2},
    {"id": "Lightweight-Directory-Access-Protocol-V3.ExtendedRequest", "group": 2},
    {"id": "Lightweight-Directory-Access-Protocol-V3.IntermediateResponse", "group": 2},
    {"id": "Lightweight-Directory-Access-Protocol-V3.MessageID", "group": 2},
    {"id": "Lightweight-Directory-Access-Protocol-V3.AttributeValueAssertion", "group": 2},
    {"id": "Lightweight-Directory-Access-Protocol-V3.Referral", "group": 2},
    {"id": "Lightweight-Directory-Access-Protocol-V3.Controls", "group": 2},
    {"id": "Lightweight-Directory-Access-Protocol-V3.AuthenticationChoice", "group": 2},
    {"id": "Lightweight-Directory-Access-Protocol-V3.Filter", "group": 2},
    {"id": "Lightweight-Directory-Access-Protocol-V3.SearchResultEntry", "group": 2},
    {"id": "Lightweight-Directory-Access-Protocol-V3.AddRequest", "group": 2},
    {"id": "Lightweight-Directory-Access-Protocol-V3.CompareRequest", "group": 2},
    {"id": "Lightweight-Directory-Access-Protocol-V3.AbandonRequest", "group": 2},
    {"id": "Lightweight-Directory-Access-Protocol-V3.LDAPResult", "group": 2},
    {"id": "Lightweight-Directory-Access-Protocol-V3.BindRequest", "group": 2},
    {"id": "Lightweight-Directory-Access-Protocol-V3.BindResponse", "group": 2},
    {"id": "Lightweight-Directory-Access-Protocol-V3.SearchRequest", "group": 2},
    {"id": "Lightweight-Directory-Access-Protocol-V3.SearchResultDone", "group": 2},
    {"id": "Lightweight-Directory-Access-Protocol-V3.ModifyResponse", "group": 2},
    {"id": "Lightweight-Directory-Access-Protocol-V3.AddResponse", "group": 2},
    {"id": "Lightweight-Directory-Access-Protocol-V3.DelResponse", "group": 2},
    {"id": "Lightweight-Directory-Access-Protocol-V3.ModifyDNResponse", "group": 2},
    {"id": "Lightweight-Directory-Access-Protocol-V3.CompareResponse", "group": 2},
    {"id": "Lightweight-Directory-Access-Protocol-V3.ExtendedResponse", "group": 2}
  ],
  "links": [
    {"source": "Lightweight-Directory-Access-Protocol-V3.LDAPDN", "target": "Lightweight-Directory-Access-Protocol-V3.LDAPString", "value": 1},
    {"source": "Lightweight-Directory-Access-Protocol-V3.RelativeLDAPDN", "target": "Lightweight-Directory-Access-Protocol-V3.LDAPString", "value": 1},
    {"source": "Lightweight-Directory-Access-Protocol-V3.ModifyResponse", "target": "Lightweight-Directory-Access-Protocol-V3.LDAPResult", "value": 1},
    {"source": "Lightweight-Directory-Access-Protocol-V3.DelResponse", "target": "Lightweight-Directory-Access-Protocol-V3.LDAPResult", "value": 1},
    {"source": "Lightweight-Directory-Access-Protocol-V3.SearchRequest", "target": "Lightweight-Directory-Access-Protocol-V3.AttributeSelection", "value": 1},
    {"source": "Lightweight-Directory-Access-Protocol-V3.SearchRequest", "target": "Lightweight-Directory-Access-Protocol-V3.LDAPDN", "value": 1},
    {"source": "Lightweight-Directory-Access-Protocol-V3.SearchRequest", "target": "Lightweight-Directory-Access-Protocol-V3.Filter", "value": 1},
    {"source": "Lightweight-Directory-Access-Protocol-V3.SearchRequest", "target": "Lightweight-Directory-Access-Protocol-V3.maxInt", "value": 1},
    {"source": "Lightweight-Directory-Access-Protocol-V3.IntermediateResponse", "target": "Lightweight-Directory-Access-Protocol-V3.LDAPOID", "value": 1},
    {"source": "Lightweight-Directory-Access-Protocol-V3.BindRequest", "target": "Lightweight-Directory-Access-Protocol-V3.AuthenticationChoice", "value": 1},
    {"source": "Lightweight-Directory-Access-Protocol-V3.BindRequest", "target": "Lightweight-Directory-Access-Protocol-V3.LDAPDN", "value": 1},
    {"source": "Lightweight-Directory-Access-Protocol-V3.AttributeList", "target": "Lightweight-Directory-Access-Protocol-V3.Attribute", "value": 1},
    {"source": "Lightweight-Directory-Access-Protocol-V3.AttributeSelection", "target": "Lightweight-Directory-Access-Protocol-V3.LDAPString", "value": 1},
    {"source": "Lightweight-Directory-Access-Protocol-V3.SearchResultDone", "target": "Lightweight-Directory-Access-Protocol-V3.LDAPResult", "value": 1},
    {"source": "Lightweight-Directory-Access-Protocol-V3.AuthenticationChoice", "target": "Lightweight-Directory-Access-Protocol-V3.SaslCredentials", "value": 1},
    {"source": "Lightweight-Directory-Access-Protocol-V3.AttributeDescription", "target": "Lightweight-Directory-Access-Protocol-V3.LDAPString", "value": 1},
    {"source": "Lightweight-Directory-Access-Protocol-V3.SearchResultEntry", "target": "Lightweight-Directory-Access-Protocol-V3.LDAPDN", "value": 1},
    {"source": "Lightweight-Directory-Access-Protocol-V3.SearchResultEntry", "target": "Lightweight-Directory-Access-Protocol-V3.PartialAttributeList", "value": 1},
    {"source": "Lightweight-Directory-Access-Protocol-V3.ModifyRequest", "target": "Lightweight-Directory-Access-Protocol-V3.PartialAttribute", "value": 1},
    {"source": "Lightweight-Directory-Access-Protocol-V3.ModifyRequest", "target": "Lightweight-Directory-Access-Protocol-V3.LDAPDN", "value": 1},
    {"source": "Lightweight-Directory-Access-Protocol-V3.AddRequest", "target": "Lightweight-Directory-Access-Protocol-V3.LDAPDN", "value": 1},
    {"source": "Lightweight-Directory-Access-Protocol-V3.AddRequest", "target": "Lightweight-Directory-Access-Protocol-V3.AttributeList", "value": 1},
    {"source": "Lightweight-Directory-Access-Protocol-V3.BindResponse", "target": "Lightweight-Directory-Access-Protocol-V3.LDAPDN", "value": 1},
    {"source": "Lightweight-Directory-Access-Protocol-V3.BindResponse", "target": "Lightweight-Directory-Access-Protocol-V3.LDAPString", "value": 1},
    {"source": "Lightweight-Directory-Access-Protocol-V3.BindResponse", "target": "Lightweight-Directory-Access-Protocol-V3.Referral", "value": 1},
    {"source": "Lightweight-Directory-Access-Protocol-V3.PartialAttributeList", "target": "Lightweight-Directory-Access-Protocol-V3.PartialAttribute", "value": 1},
    {"source": "Lightweight-Directory-Access-Protocol-V3.CompareRequest", "target": "Lightweight-Directory-Access-Protocol-V3.LDAPDN", "value": 1},
    {"source": "Lightweight-Directory-Access-Protocol-V3.CompareRequest", "target": "Lightweight-Directory-Access-Protocol-V3.AttributeValueAssertion", "value": 1},
    {"source": "Lightweight-Directory-Access-Protocol-V3.SaslCredentials", "target": "Lightweight-Directory-Access-Protocol-V3.LDAPString", "value": 1},
    {"source": "Lightweight-Directory-Access-Protocol-V3.Controls", "target": "Lightweight-Directory-Access-Protocol-V3.Control", "value": 1},
    {"source": "Lightweight-Directory-Access-Protocol-V3.Referral", "target": "Lightweight-Directory-Access-Protocol-V3.URI", "value": 1},
    {"source": "Lightweight-Directory-Access-Protocol-V3.PartialAttribute", "target": "Lightweight-Directory-Access-Protocol-V3.AttributeDescription", "value": 1},
    {"source": "Lightweight-Directory-Access-Protocol-V3.PartialAttribute", "target": "Lightweight-Directory-Access-Protocol-V3.AttributeValue", "value": 1},
    {"source": "Lightweight-Directory-Access-Protocol-V3.MessageID", "target": "Lightweight-Directory-Access-Protocol-V3.maxInt", "value": 1},
    {"source": "Lightweight-Directory-Access-Protocol-V3.DelRequest", "target": "Lightweight-Directory-Access-Protocol-V3.LDAPDN", "value": 1},
    {"source": "Lightweight-Directory-Access-Protocol-V3.ExtendedResponse", "target": "Lightweight-Directory-Access-Protocol-V3.LDAPOID", "value": 1},
    {"source": "Lightweight-Directory-Access-Protocol-V3.ExtendedResponse", "target": "Lightweight-Directory-Access-Protocol-V3.LDAPDN", "value": 1},
    {"source": "Lightweight-Directory-Access-Protocol-V3.ExtendedResponse", "target": "Lightweight-Directory-Access-Protocol-V3.LDAPString", "value": 1},
    {"source": "Lightweight-Directory-Access-Protocol-V3.ExtendedResponse", "target": "Lightweight-Directory-Access-Protocol-V3.Referral", "value": 1},
    {"source": "Lightweight-Directory-Access-Protocol-V3.LDAPMessage", "target": "Lightweight-Directory-Access-Protocol-V3.SearchRequest", "value": 1},
    {"source": "Lightweight-Directory-Access-Protocol-V3.LDAPMessage", "target": "Lightweight-Directory-Access-Protocol-V3.SearchResultDone", "value": 1},
    {"source": "Lightweight-Directory-Access-Protocol-V3.LDAPMessage", "target": "Lightweight-Directory-Access-Protocol-V3.DelResponse", "value": 1},
    {"source": "Lightweight-Directory-Access-Protocol-V3.LDAPMessage", "target": "Lightweight-Directory-Access-Protocol-V3.AbandonRequest", "value": 1},
    {"source": "Lightweight-Directory-Access-Protocol-V3.LDAPMessage", "target": "Lightweight-Directory-Access-Protocol-V3.ModifyRequest", "value": 1},
    {"source": "Lightweight-Directory-Access-Protocol-V3.LDAPMessage", "target": "Lightweight-Directory-Access-Protocol-V3.ModifyDNResponse", "value": 1},
    {"source": "Lightweight-Directory-Access-Protocol-V3.LDAPMessage", "target": "Lightweight-Directory-Access-Protocol-V3.AddRequest", "value": 1},
    {"source": "Lightweight-Directory-Access-Protocol-V3.LDAPMessage", "target": "Lightweight-Directory-Access-Protocol-V3.ModifyDNRequest", "value": 1},
    {"source": "Lightweight-Directory-Access-Protocol-V3.LDAPMessage", "target": "Lightweight-Directory-Access-Protocol-V3.BindResponse", "value": 1},
    {"source": "Lightweight-Directory-Access-Protocol-V3.LDAPMessage", "target": "Lightweight-Directory-Access-Protocol-V3.ExtendedRequest", "value": 1},
    {"source": "Lightweight-Directory-Access-Protocol-V3.LDAPMessage", "target": "Lightweight-Directory-Access-Protocol-V3.SearchResultEntry", "value": 1},
    {"source": "Lightweight-Directory-Access-Protocol-V3.LDAPMessage", "target": "Lightweight-Directory-Access-Protocol-V3.Controls", "value": 1},
    {"source": "Lightweight-Directory-Access-Protocol-V3.LDAPMessage", "target": "Lightweight-Directory-Access-Protocol-V3.CompareRequest", "value": 1},
    {"source": "Lightweight-Directory-Access-Protocol-V3.LDAPMessage", "target": "Lightweight-Directory-Access-Protocol-V3.CompareResponse", "value": 1},
    {"source": "Lightweight-Directory-Access-Protocol-V3.LDAPMessage", "target": "Lightweight-Directory-Access-Protocol-V3.MessageID", "value": 1},
    {"source": "Lightweight-Directory-Access-Protocol-V3.LDAPMessage", "target": "Lightweight-Directory-Access-Protocol-V3.IntermediateResponse", "value": 1},
    {"source": "Lightweight-Directory-Access-Protocol-V3.LDAPMessage", "target": "Lightweight-Directory-Access-Protocol-V3.DelRequest", "value": 1},
    {"source": "Lightweight-Directory-Access-Protocol-V3.LDAPMessage", "target": "Lightweight-Directory-Access-Protocol-V3.ModifyResponse", "value": 1},
    {"source": "Lightweight-Directory-Access-Protocol-V3.LDAPMessage", "target": "Lightweight-Directory-Access-Protocol-V3.ExtendedResponse", "value": 1},
    {"source": "Lightweight-Directory-Access-Protocol-V3.LDAPMessage", "target": "Lightweight-Directory-Access-Protocol-V3.AddResponse", "value": 1},
    {"source": "Lightweight-Directory-Access-Protocol-V3.LDAPMessage", "target": "Lightweight-Directory-Access-Protocol-V3.UnbindRequest", "value": 1},
    {"source": "Lightweight-Directory-Access-Protocol-V3.LDAPMessage", "target": "Lightweight-Directory-Access-Protocol-V3.SearchResultReference", "value": 1},
    {"source": "Lightweight-Directory-Access-Protocol-V3.LDAPMessage", "target": "Lightweight-Directory-Access-Protocol-V3.BindRequest", "value": 1},
    {"source": "Lightweight-Directory-Access-Protocol-V3.MatchingRuleAssertion", "target": "Lightweight-Directory-Access-Protocol-V3.AssertionValue", "value": 1},
    {"source": "Lightweight-Directory-Access-Protocol-V3.MatchingRuleAssertion", "target": "Lightweight-Directory-Access-Protocol-V3.MatchingRuleId", "value": 1},
    {"source": "Lightweight-Directory-Access-Protocol-V3.MatchingRuleAssertion", "target": "Lightweight-Directory-Access-Protocol-V3.AttributeDescription", "value": 1},
    {"source": "Lightweight-Directory-Access-Protocol-V3.AddResponse", "target": "Lightweight-Directory-Access-Protocol-V3.LDAPResult", "value": 1},
    {"source": "Lightweight-Directory-Access-Protocol-V3.URI", "target": "Lightweight-Directory-Access-Protocol-V3.LDAPString", "value": 1},
    {"source": "Lightweight-Directory-Access-Protocol-V3.AttributeValueAssertion", "target": "Lightweight-Directory-Access-Protocol-V3.AssertionValue", "value": 1},
    {"source": "Lightweight-Directory-Access-Protocol-V3.AttributeValueAssertion", "target": "Lightweight-Directory-Access-Protocol-V3.AttributeDescription", "value": 1},
    {"source": "Lightweight-Directory-Access-Protocol-V3.MatchingRuleId", "target": "Lightweight-Directory-Access-Protocol-V3.LDAPString", "value": 1},
    {"source": "Lightweight-Directory-Access-Protocol-V3.SubstringFilter", "target": "Lightweight-Directory-Access-Protocol-V3.AssertionValue", "value": 1},
    {"source": "Lightweight-Directory-Access-Protocol-V3.SubstringFilter", "target": "Lightweight-Directory-Access-Protocol-V3.AttributeDescription", "value": 1},
    {"source": "Lightweight-Directory-Access-Protocol-V3.SearchResultReference", "target": "Lightweight-Directory-Access-Protocol-V3.URI", "value": 1},
    {"source": "Lightweight-Directory-Access-Protocol-V3.Control", "target": "Lightweight-Directory-Access-Protocol-V3.LDAPOID", "value": 1},
    {"source": "Lightweight-Directory-Access-Protocol-V3.Attribute", "target": "Lightweight-Directory-Access-Protocol-V3.PartialAttribute", "value": 1},
    {"source": "Lightweight-Directory-Access-Protocol-V3.LDAPResult", "target": "Lightweight-Directory-Access-Protocol-V3.LDAPDN", "value": 1},
    {"source": "Lightweight-Directory-Access-Protocol-V3.LDAPResult", "target": "Lightweight-Directory-Access-Protocol-V3.LDAPString", "value": 1},
    {"source": "Lightweight-Directory-Access-Protocol-V3.LDAPResult", "target": "Lightweight-Directory-Access-Protocol-V3.Referral", "value": 1},
    {"source": "Lightweight-Directory-Access-Protocol-V3.ModifyDNResponse", "target": "Lightweight-Directory-Access-Protocol-V3.LDAPResult", "value": 1},
    {"source": "Lightweight-Directory-Access-Protocol-V3.ModifyDNRequest", "target": "Lightweight-Directory-Access-Protocol-V3.LDAPDN", "value": 1},
    {"source": "Lightweight-Directory-Access-Protocol-V3.ModifyDNRequest", "target": "Lightweight-Directory-Access-Protocol-V3.RelativeLDAPDN", "value": 1},
    {"source": "Lightweight-Directory-Access-Protocol-V3.Filter", "target": "Lightweight-Directory-Access-Protocol-V3.MatchingRuleAssertion", "value": 1},
    {"source": "Lightweight-Directory-Access-Protocol-V3.Filter", "target": "Lightweight-Directory-Access-Protocol-V3.SubstringFilter", "value": 1},
    {"source": "Lightweight-Directory-Access-Protocol-V3.Filter", "target": "Lightweight-Directory-Access-Protocol-V3.AttributeDescription", "value": 1},
    {"source": "Lightweight-Directory-Access-Protocol-V3.Filter", "target": "Lightweight-Directory-Access-Protocol-V3.Filter", "value": 1},
    {"source": "Lightweight-Directory-Access-Protocol-V3.Filter", "target": "Lightweight-Directory-Access-Protocol-V3.AttributeValueAssertion", "value": 1},
    {"source": "Lightweight-Directory-Access-Protocol-V3.AbandonRequest", "target": "Lightweight-Directory-Access-Protocol-V3.MessageID", "value": 1},
    {"source": "Lightweight-Directory-Access-Protocol-V3.CompareResponse", "target": "Lightweight-Directory-Access-Protocol-V3.LDAPResult", "value": 1},
    {"source": "Lightweight-Directory-Access-Protocol-V3.ExtendedRequest", "target": "Lightweight-Directory-Access-Protocol-V3.LDAPOID", "value": 1}
  ]
}
