{
  "_comment": "code automatically generated by pycrate_asn1c",
  "nodes": [
    {"id": "M3AP-CommonDataTypes.maxPrivateIEs", "group": 2},
    {"id": "M3AP-CommonDataTypes.maxProtocolExtensions", "group": 2},
    {"id": "M3AP-CommonDataTypes.maxProtocolIEs", "group": 2},
    {"id": "M3AP-CommonDataTypes.Criticality", "group": 2},
    {"id": "M3AP-CommonDataTypes.Presence", "group": 2},
    {"id": "M3AP-CommonDataTypes.PrivateIE-ID", "group": 2},
    {"id": "M3AP-CommonDataTypes.ProcedureCode", "group": 2},
    {"id": "M3AP-CommonDataTypes.ProtocolIE-ID", "group": 2},
    {"id": "M3AP-CommonDataTypes.TriggeringMessage", "group": 2},
    {"id": "M3AP-Constants.id-mBMSsessionStart", "group": 3},
    {"id": "M3AP-Constants.id-mBMSsessionStop", "group": 3},
    {"id": "M3AP-Constants.id-errorIndication", "group": 3},
    {"id": "M3AP-Constants.id-privateMessage", "group": 3},
    {"id": "M3AP-Constants.id-Reset", "group": 3},
    {"id": "M3AP-Constants.id-mBMSsessionUpdate", "group": 3},
    {"id": "M3AP-Constants.id-mCEConfigurationUpdate", "group": 3},
    {"id": "M3AP-Constants.id-m3Setup", "group": 3},
    {"id": "M3AP-Constants.maxnoofMBMSServiceAreaIdentitiesPerMCE", "group": 3},
    {"id": "M3AP-Constants.maxnooferrors", "group": 3},
    {"id": "M3AP-Constants.maxNrOfIndividualM3ConnectionsToReset", "group": 3},
    {"id": "M3AP-Constants.maxnoofCellsforMBMS", "group": 3},
    {"id": "M3AP-Constants.id-MME-MBMS-M3AP-ID", "group": 3},
    {"id": "M3AP-Constants.id-MCE-MBMS-M3AP-ID", "group": 3},
    {"id": "M3AP-Constants.id-TMGI", "group": 3},
    {"id": "M3AP-Constants.id-MBMS-Session-ID", "group": 3},
    {"id": "M3AP-Constants.id-MBMS-E-RAB-QoS-Parameters", "group": 3},
    {"id": "M3AP-Constants.id-MBMS-Session-Duration", "group": 3},
    {"id": "M3AP-Constants.id-MBMS-Service-Area", "group": 3},
    {"id": "M3AP-Constants.id-TNL-Information", "group": 3},
    {"id": "M3AP-Constants.id-CriticalityDiagnostics", "group": 3},
    {"id": "M3AP-Constants.id-Cause", "group": 3},
    {"id": "M3AP-Constants.id-MBMS-Service-Area-List", "group": 3},
    {"id": "M3AP-Constants.id-MBMS-Service-Area-List-Item", "group": 3},
    {"id": "M3AP-Constants.id-TimeToWait", "group": 3},
    {"id": "M3AP-Constants.id-ResetType", "group": 3},
    {"id": "M3AP-Constants.id-MBMS-Service-associatedLogicalM3-ConnectionItem", "group": 3},
    {"id": "M3AP-Constants.id-MBMS-Service-associatedLogicalM3-ConnectionListResAck", "group": 3},
    {"id": "M3AP-Constants.id-MinimumTimeToMBMSDataTransfer", "group": 3},
    {"id": "M3AP-Constants.id-AllocationAndRetentionPriority", "group": 3},
    {"id": "M3AP-Constants.id-Global-MCE-ID", "group": 3},
    {"id": "M3AP-Constants.id-MCEname", "group": 3},
    {"id": "M3AP-Constants.id-MBMSServiceAreaList", "group": 3},
    {"id": "M3AP-Constants.id-Time-ofMBMS-DataTransfer", "group": 3},
    {"id": "M3AP-Constants.id-Time-ofMBMS-DataStop", "group": 3},
    {"id": "M3AP-Constants.id-Reestablishment", "group": 3},
    {"id": "M3AP-Constants.id-Alternative-TNL-Information", "group": 3},
    {"id": "M3AP-Constants.id-MBMS-Cell-List", "group": 3},
    {"id": "M3AP-Containers.M3AP-PROTOCOL-IES", "group": 4},
    {"id": "M3AP-Containers.M3AP-PROTOCOL-IES-PAIR", "group": 4},
    {"id": "M3AP-Containers.M3AP-PROTOCOL-EXTENSION", "group": 4},
    {"id": "M3AP-Containers.M3AP-PRIVATE-IES", "group": 4},
    {"id": "M3AP-Containers.ProtocolIE-Field", "group": 4},
    {"id": "M3AP-Containers.ProtocolIE-FieldPair", "group": 4},
    {"id": "M3AP-Containers.ProtocolExtensionField", "group": 4},
    {"id": "M3AP-Containers.PrivateIE-Field", "group": 4},
    {"id": "M3AP-IEs.Absolute-Time-ofMBMS-Data", "group": 5},
    {"id": "M3AP-IEs.AllocationAndRetentionPriority-ExtIEs", "group": 5},
    {"id": "M3AP-IEs.BitRate", "group": 5},
    {"id": "M3AP-IEs.Cause", "group": 5},
    {"id": "M3AP-IEs.CauseMisc", "group": 5},
    {"id": "M3AP-IEs.CauseNAS", "group": 5},
    {"id": "M3AP-IEs.CauseProtocol", "group": 5},
    {"id": "M3AP-IEs.CauseRadioNetwork", "group": 5},
    {"id": "M3AP-IEs.CauseTransport", "group": 5},
    {"id": "M3AP-IEs.CriticalityDiagnostics-ExtIEs", "group": 5},
    {"id": "M3AP-IEs.CriticalityDiagnostics-IE-List-ExtIEs", "group": 5},
    {"id": "M3AP-IEs.ECGI-ExtIEs", "group": 5},
    {"id": "M3AP-IEs.EUTRANCellIdentifier", "group": 5},
    {"id": "M3AP-IEs.ExtendedMCE-ID", "group": 5},
    {"id": "M3AP-IEs.GlobalMCE-ID-ExtIEs", "group": 5},
    {"id": "M3AP-IEs.GBR-QosInformation-ExtIEs", "group": 5},
    {"id": "M3AP-IEs.GTP-TEID", "group": 5},
    {"id": "M3AP-IEs.IPAddress", "group": 5},
    {"id": "M3AP-IEs.MBMS-Cell-List", "group": 5},
    {"id": "M3AP-IEs.MBMS-E-RAB-QoS-Parameters-ExtIEs", "group": 5},
    {"id": "M3AP-IEs.MBMS-Service-associatedLogicalM3-ConnectionItemExtIEs", "group": 5},
    {"id": "M3AP-IEs.MBMSServiceArea1", "group": 5},
    {"id": "M3AP-IEs.MBMS-Service-Area", "group": 5},
    {"id": "M3AP-IEs.MBMS-Session-Duration", "group": 5},
    {"id": "M3AP-IEs.MBMS-Session-ID", "group": 5},
    {"id": "M3AP-IEs.MCE-MBMS-M3AP-ID", "group": 5},
    {"id": "M3AP-IEs.MCE-ID", "group": 5},
    {"id": "M3AP-IEs.MCEname", "group": 5},
    {"id": "M3AP-IEs.MinimumTimeToMBMSDataTransfer", "group": 5},
    {"id": "M3AP-IEs.MME-MBMS-M3AP-ID", "group": 5},
    {"id": "M3AP-IEs.Pre-emptionCapability", "group": 5},
    {"id": "M3AP-IEs.Pre-emptionVulnerability", "group": 5},
    {"id": "M3AP-IEs.PriorityLevel", "group": 5},
    {"id": "M3AP-IEs.PLMN-Identity", "group": 5},
    {"id": "M3AP-IEs.QCI", "group": 5},
    {"id": "M3AP-IEs.Reestablishment", "group": 5},
    {"id": "M3AP-IEs.TimeToWait", "group": 5},
    {"id": "M3AP-IEs.TMGI-ExtIEs", "group": 5},
    {"id": "M3AP-IEs.TNL-Information-ExtIEs", "group": 5},
    {"id": "M3AP-IEs.TypeOfError", "group": 5},
    {"id": "M3AP-PDU-Contents.MBMSSessionStartRequest-IEs", "group": 6},
    {"id": "M3AP-PDU-Contents.MBMSSessionStartResponse-IEs", "group": 6},
    {"id": "M3AP-PDU-Contents.MBMSSessionStartFailure-IEs", "group": 6},
    {"id": "M3AP-PDU-Contents.MBMSSessionStopRequest-IEs", "group": 6},
    {"id": "M3AP-PDU-Contents.MBMSSessionStopResponse-IEs", "group": 6},
    {"id": "M3AP-PDU-Contents.MBMSSessionUpdateRequest-IEs", "group": 6},
    {"id": "M3AP-PDU-Contents.MBMSSessionUpdateResponse-IEs", "group": 6},
    {"id": "M3AP-PDU-Contents.MBMSSessionUpdateFailure-IEs", "group": 6},
    {"id": "M3AP-PDU-Contents.ErrorIndication-IEs", "group": 6},
    {"id": "M3AP-PDU-Contents.ResetIEs", "group": 6},
    {"id": "M3AP-PDU-Contents.ResetType", "group": 6},
    {"id": "M3AP-PDU-Contents.ResetAll", "group": 6},
    {"id": "M3AP-PDU-Contents.MBMS-Service-associatedLogicalM3-ConnectionItemRes", "group": 6},
    {"id": "M3AP-PDU-Contents.ResetAcknowledgeIEs", "group": 6},
    {"id": "M3AP-PDU-Contents.MBMS-Service-associatedLogicalM3-ConnectionItemResAck", "group": 6},
    {"id": "M3AP-PDU-Contents.PrivateMessage-IEs", "group": 6},
    {"id": "M3AP-PDU-Contents.M3SetupRequestIEs", "group": 6},
    {"id": "M3AP-PDU-Contents.MBMSServiceAreaListItem", "group": 6},
    {"id": "M3AP-PDU-Contents.M3SetupResponseIEs", "group": 6},
    {"id": "M3AP-PDU-Contents.M3SetupFailureIEs", "group": 6},
    {"id": "M3AP-PDU-Contents.MCEConfigurationUpdateIEs", "group": 6},
    {"id": "M3AP-PDU-Contents.MCEConfigurationUpdateAcknowledgeIEs", "group": 6},
    {"id": "M3AP-PDU-Contents.MCEConfigurationUpdateFailureIEs", "group": 6},
    {"id": "M3AP-PDU-Descriptions.M3AP-ELEMENTARY-PROCEDURE", "group": 7},
    {"id": "M3AP-PDU-Descriptions.M3AP-PDU", "group": 7},
    {"id": "M3AP-PDU-Descriptions.mBMSsessionStart", "group": 7},
    {"id": "M3AP-PDU-Descriptions.mBMSsessionStop", "group": 7},
    {"id": "M3AP-PDU-Descriptions.mBMSsessionUpdate", "group": 7},
    {"id": "M3AP-PDU-Descriptions.errorIndication", "group": 7},
    {"id": "M3AP-PDU-Descriptions.reset", "group": 7},
    {"id": "M3AP-PDU-Descriptions.privateMessage", "group": 7},
    {"id": "M3AP-PDU-Descriptions.mCEConfigurationUpdate", "group": 7},
    {"id": "M3AP-PDU-Descriptions.m3Setup", "group": 7},
    {"id": "M3AP-Containers.ProtocolIE-Container", "group": 4},
    {"id": "M3AP-Containers.ProtocolIE-Single-Container", "group": 4},
    {"id": "M3AP-Containers.ProtocolIE-ContainerPair", "group": 4},
    {"id": "M3AP-Containers.ProtocolIE-ContainerList", "group": 4},
    {"id": "M3AP-Containers.ProtocolIE-ContainerPairList", "group": 4},
    {"id": "M3AP-Containers.ProtocolExtensionContainer", "group": 4},
    {"id": "M3AP-Containers.PrivateIE-Container", "group": 4},
    {"id": "M3AP-IEs.AllocationAndRetentionPriority", "group": 5},
    {"id": "M3AP-IEs.CriticalityDiagnostics", "group": 5},
    {"id": "M3AP-IEs.CriticalityDiagnostics-IE-List", "group": 5},
    {"id": "M3AP-IEs.ECGI", "group": 5},
    {"id": "M3AP-IEs.Global-MCE-ID", "group": 5},
    {"id": "M3AP-IEs.GBR-QosInformation", "group": 5},
    {"id": "M3AP-IEs.MBMS-E-RAB-QoS-Parameters", "group": 5},
    {"id": "M3AP-IEs.MBMS-Service-associatedLogicalM3-ConnectionItem", "group": 5},
    {"id": "M3AP-IEs.TMGI", "group": 5},
    {"id": "M3AP-IEs.TNL-Information", "group": 5},
    {"id": "M3AP-PDU-Contents.MBMSSessionStartRequest", "group": 6},
    {"id": "M3AP-PDU-Contents.MBMSSessionStartResponse", "group": 6},
    {"id": "M3AP-PDU-Contents.MBMSSessionStartFailure", "group": 6},
    {"id": "M3AP-PDU-Contents.MBMSSessionStopRequest", "group": 6},
    {"id": "M3AP-PDU-Contents.MBMSSessionStopResponse", "group": 6},
    {"id": "M3AP-PDU-Contents.MBMSSessionUpdateRequest", "group": 6},
    {"id": "M3AP-PDU-Contents.MBMSSessionUpdateResponse", "group": 6},
    {"id": "M3AP-PDU-Contents.MBMSSessionUpdateFailure", "group": 6},
    {"id": "M3AP-PDU-Contents.ErrorIndication", "group": 6},
    {"id": "M3AP-PDU-Contents.Reset", "group": 6},
    {"id": "M3AP-PDU-Contents.MBMS-Service-associatedLogicalM3-ConnectionListRes", "group": 6},
    {"id": "M3AP-PDU-Contents.ResetAcknowledge", "group": 6},
    {"id": "M3AP-PDU-Contents.MBMS-Service-associatedLogicalM3-ConnectionListResAck", "group": 6},
    {"id": "M3AP-PDU-Contents.PrivateMessage", "group": 6},
    {"id": "M3AP-PDU-Contents.M3SetupRequest", "group": 6},
    {"id": "M3AP-PDU-Contents.M3SetupResponse", "group": 6},
    {"id": "M3AP-PDU-Contents.M3SetupFailure", "group": 6},
    {"id": "M3AP-PDU-Contents.MCEConfigurationUpdate", "group": 6},
    {"id": "M3AP-PDU-Contents.MCEConfigurationUpdateAcknowledge", "group": 6},
    {"id": "M3AP-PDU-Contents.MCEConfigurationUpdateFailure", "group": 6},
    {"id": "M3AP-PDU-Descriptions.M3AP-ELEMENTARY-PROCEDURES-CLASS-1", "group": 7},
    {"id": "M3AP-PDU-Descriptions.M3AP-ELEMENTARY-PROCEDURES-CLASS-2", "group": 7},
    {"id": "M3AP-PDU-Descriptions.M3AP-ELEMENTARY-PROCEDURES", "group": 7},
    {"id": "M3AP-PDU-Descriptions.InitiatingMessage", "group": 7},
    {"id": "M3AP-PDU-Descriptions.SuccessfulOutcome", "group": 7}
  ],
  "links": [
    {"source": "M3AP-Containers.PrivateIE-Container", "target": "M3AP-CommonDataTypes.maxPrivateIEs", "value": 1},
    {"source": "M3AP-Containers.PrivateIE-Container", "target": "M3AP-Containers.M3AP-PRIVATE-IES", "value": 1},
    {"source": "M3AP-Containers.PrivateIE-Container", "target": "M3AP-Containers.PrivateIE-Field", "value": 1},
    {"source": "M3AP-Containers.ProtocolIE-FieldPair", "target": "M3AP-Containers.M3AP-PROTOCOL-IES-PAIR", "value": 1},
    {"source": "M3AP-Containers.ProtocolIE-FieldPair", "target": "M3AP-Containers.M3AP-PROTOCOL-IES-PAIR", "value": 1},
    {"source": "M3AP-Containers.ProtocolIE-FieldPair", "target": "M3AP-Containers.M3AP-PROTOCOL-IES-PAIR", "value": 1},
    {"source": "M3AP-Containers.ProtocolIE-FieldPair", "target": "M3AP-Containers.M3AP-PROTOCOL-IES-PAIR", "value": 1},
    {"source": "M3AP-Containers.ProtocolIE-FieldPair", "target": "M3AP-Containers.M3AP-PROTOCOL-IES-PAIR", "value": 1},
    {"source": "M3AP-Containers.ProtocolIE-FieldPair", "target": "M3AP-Containers.M3AP-PROTOCOL-IES-PAIR", "value": 1},
    {"source": "M3AP-IEs.CriticalityDiagnostics", "target": "M3AP-CommonDataTypes.TriggeringMessage", "value": 1},
    {"source": "M3AP-IEs.CriticalityDiagnostics", "target": "M3AP-Containers.ProtocolExtensionContainer", "value": 1},
    {"source": "M3AP-IEs.CriticalityDiagnostics", "target": "M3AP-CommonDataTypes.Criticality", "value": 1},
    {"source": "M3AP-IEs.CriticalityDiagnostics", "target": "M3AP-CommonDataTypes.ProcedureCode", "value": 1},
    {"source": "M3AP-IEs.CriticalityDiagnostics", "target": "M3AP-IEs.CriticalityDiagnostics-ExtIEs", "value": 1},
    {"source": "M3AP-IEs.CriticalityDiagnostics", "target": "M3AP-IEs.CriticalityDiagnostics-IE-List", "value": 1},
    {"source": "M3AP-PDU-Descriptions.errorIndication", "target": "M3AP-PDU-Contents.ErrorIndication", "value": 1},
    {"source": "M3AP-PDU-Descriptions.errorIndication", "target": "M3AP-PDU-Descriptions.M3AP-ELEMENTARY-PROCEDURE", "value": 1},
    {"source": "M3AP-PDU-Contents.MBMSSessionStopRequest", "target": "M3AP-Containers.ProtocolIE-Container", "value": 1},
    {"source": "M3AP-PDU-Contents.MBMSSessionStopRequest", "target": "M3AP-PDU-Contents.MBMSSessionStopRequest-IEs", "value": 1},
    {"source": "M3AP-Containers.M3AP-PROTOCOL-IES-PAIR", "target": "M3AP-CommonDataTypes.Criticality", "value": 1},
    {"source": "M3AP-Containers.M3AP-PROTOCOL-IES-PAIR", "target": "M3AP-CommonDataTypes.ProtocolIE-ID", "value": 1},
    {"source": "M3AP-Containers.M3AP-PROTOCOL-IES-PAIR", "target": "M3AP-CommonDataTypes.Presence", "value": 1},
    {"source": "M3AP-PDU-Contents.MCEConfigurationUpdateIEs", "target": "M3AP-Containers.M3AP-PROTOCOL-IES", "value": 1},
    {"source": "M3AP-PDU-Contents.MCEConfigurationUpdateIEs", "target": "M3AP-IEs.MCEname", "value": 1},
    {"source": "M3AP-PDU-Contents.MCEConfigurationUpdateIEs", "target": "M3AP-PDU-Contents.MBMSServiceAreaListItem", "value": 1},
    {"source": "M3AP-PDU-Contents.MCEConfigurationUpdateIEs", "target": "M3AP-IEs.Global-MCE-ID", "value": 1},
    {"source": "M3AP-Constants.id-MBMS-Service-Area", "target": "M3AP-CommonDataTypes.ProtocolIE-ID", "value": 1},
    {"source": "M3AP-PDU-Contents.PrivateMessage-IEs", "target": "M3AP-Containers.M3AP-PRIVATE-IES", "value": 1},
    {"source": "M3AP-PDU-Contents.MBMSSessionUpdateResponse-IEs", "target": "M3AP-Containers.M3AP-PROTOCOL-IES", "value": 1},
    {"source": "M3AP-PDU-Contents.MBMSSessionUpdateResponse-IEs", "target": "M3AP-IEs.CriticalityDiagnostics", "value": 1},
    {"source": "M3AP-PDU-Contents.MBMSSessionUpdateResponse-IEs", "target": "M3AP-IEs.MME-MBMS-M3AP-ID", "value": 1},
    {"source": "M3AP-PDU-Contents.MBMSSessionUpdateResponse-IEs", "target": "M3AP-IEs.MCE-MBMS-M3AP-ID", "value": 1},
    {"source": "M3AP-PDU-Contents.ResetAcknowledgeIEs", "target": "M3AP-Containers.M3AP-PROTOCOL-IES", "value": 1},
    {"source": "M3AP-PDU-Contents.ResetAcknowledgeIEs", "target": "M3AP-IEs.CriticalityDiagnostics", "value": 1},
    {"source": "M3AP-PDU-Contents.ResetAcknowledgeIEs", "target": "M3AP-PDU-Contents.MBMS-Service-associatedLogicalM3-ConnectionListResAck", "value": 1},
    {"source": "M3AP-PDU-Contents.MBMSSessionStartRequest-IEs", "target": "M3AP-IEs.MBMS-Cell-List", "value": 1},
    {"source": "M3AP-PDU-Contents.MBMSSessionStartRequest-IEs", "target": "M3AP-IEs.MBMS-Session-Duration", "value": 1},
    {"source": "M3AP-PDU-Contents.MBMSSessionStartRequest-IEs", "target": "M3AP-IEs.TMGI", "value": 1},
    {"source": "M3AP-PDU-Contents.MBMSSessionStartRequest-IEs", "target": "M3AP-IEs.MME-MBMS-M3AP-ID", "value": 1},
    {"source": "M3AP-PDU-Contents.MBMSSessionStartRequest-IEs", "target": "M3AP-IEs.MinimumTimeToMBMSDataTransfer", "value": 1},
    {"source": "M3AP-PDU-Contents.MBMSSessionStartRequest-IEs", "target": "M3AP-IEs.Reestablishment", "value": 1},
    {"source": "M3AP-PDU-Contents.MBMSSessionStartRequest-IEs", "target": "M3AP-IEs.TNL-Information", "value": 1},
    {"source": "M3AP-PDU-Contents.MBMSSessionStartRequest-IEs", "target": "M3AP-IEs.Absolute-Time-ofMBMS-Data", "value": 1},
    {"source": "M3AP-PDU-Contents.MBMSSessionStartRequest-IEs", "target": "M3AP-Containers.M3AP-PROTOCOL-IES", "value": 1},
    {"source": "M3AP-PDU-Contents.MBMSSessionStartRequest-IEs", "target": "M3AP-IEs.MBMS-E-RAB-QoS-Parameters", "value": 1},
    {"source": "M3AP-PDU-Contents.MBMSSessionStartRequest-IEs", "target": "M3AP-IEs.MBMS-Session-ID", "value": 1},
    {"source": "M3AP-PDU-Contents.MBMSSessionStartRequest-IEs", "target": "M3AP-IEs.MBMS-Service-Area", "value": 1},
    {"source": "M3AP-PDU-Descriptions.mBMSsessionUpdate", "target": "M3AP-PDU-Contents.MBMSSessionUpdateResponse", "value": 1},
    {"source": "M3AP-PDU-Descriptions.mBMSsessionUpdate", "target": "M3AP-PDU-Descriptions.M3AP-ELEMENTARY-PROCEDURE", "value": 1},
    {"source": "M3AP-PDU-Descriptions.mBMSsessionUpdate", "target": "M3AP-PDU-Contents.MBMSSessionUpdateRequest", "value": 1},
    {"source": "M3AP-PDU-Descriptions.mBMSsessionUpdate", "target": "M3AP-PDU-Contents.MBMSSessionUpdateFailure", "value": 1},
    {"source": "M3AP-PDU-Contents.M3SetupRequestIEs", "target": "M3AP-Containers.M3AP-PROTOCOL-IES", "value": 1},
    {"source": "M3AP-PDU-Contents.M3SetupRequestIEs", "target": "M3AP-IEs.MCEname", "value": 1},
    {"source": "M3AP-PDU-Contents.M3SetupRequestIEs", "target": "M3AP-PDU-Contents.MBMSServiceAreaListItem", "value": 1},
    {"source": "M3AP-PDU-Contents.M3SetupRequestIEs", "target": "M3AP-IEs.Global-MCE-ID", "value": 1},
    {"source": "M3AP-Constants.id-mBMSsessionStart", "target": "M3AP-CommonDataTypes.ProcedureCode", "value": 1},
    {"source": "M3AP-PDU-Contents.MBMSSessionStartFailure-IEs", "target": "M3AP-Containers.M3AP-PROTOCOL-IES", "value": 1},
    {"source": "M3AP-PDU-Contents.MBMSSessionStartFailure-IEs", "target": "M3AP-IEs.Cause", "value": 1},
    {"source": "M3AP-PDU-Contents.MBMSSessionStartFailure-IEs", "target": "M3AP-IEs.CriticalityDiagnostics", "value": 1},
    {"source": "M3AP-PDU-Contents.MBMSSessionStartFailure-IEs", "target": "M3AP-IEs.MME-MBMS-M3AP-ID", "value": 1},
    {"source": "M3AP-Constants.id-mCEConfigurationUpdate", "target": "M3AP-CommonDataTypes.ProcedureCode", "value": 1},
    {"source": "M3AP-Constants.id-MBMS-Session-ID", "target": "M3AP-CommonDataTypes.ProtocolIE-ID", "value": 1},
    {"source": "M3AP-IEs.MBMS-E-RAB-QoS-Parameters-ExtIEs", "target": "M3AP-Containers.M3AP-PROTOCOL-EXTENSION", "value": 1},
    {"source": "M3AP-IEs.MBMS-E-RAB-QoS-Parameters-ExtIEs", "target": "M3AP-IEs.AllocationAndRetentionPriority", "value": 1},
    {"source": "M3AP-Containers.M3AP-PROTOCOL-EXTENSION", "target": "M3AP-CommonDataTypes.Criticality", "value": 1},
    {"source": "M3AP-Containers.M3AP-PROTOCOL-EXTENSION", "target": "M3AP-CommonDataTypes.ProtocolIE-ID", "value": 1},
    {"source": "M3AP-Containers.M3AP-PROTOCOL-EXTENSION", "target": "M3AP-CommonDataTypes.Presence", "value": 1},
    {"source": "M3AP-IEs.ECGI-ExtIEs", "target": "M3AP-Containers.M3AP-PROTOCOL-EXTENSION", "value": 1},
    {"source": "M3AP-Containers.ProtocolIE-Field", "target": "M3AP-Containers.M3AP-PROTOCOL-IES", "value": 1},
    {"source": "M3AP-Containers.ProtocolIE-Field", "target": "M3AP-Containers.M3AP-PROTOCOL-IES", "value": 1},
    {"source": "M3AP-Containers.ProtocolIE-Field", "target": "M3AP-Containers.M3AP-PROTOCOL-IES", "value": 1},
    {"source": "M3AP-Containers.ProtocolIE-Field", "target": "M3AP-Containers.M3AP-PROTOCOL-IES", "value": 1},
    {"source": "M3AP-PDU-Contents.ErrorIndication", "target": "M3AP-Containers.ProtocolIE-Container", "value": 1},
    {"source": "M3AP-PDU-Contents.ErrorIndication", "target": "M3AP-PDU-Contents.ErrorIndication-IEs", "value": 1},
    {"source": "M3AP-Constants.id-Reestablishment", "target": "M3AP-CommonDataTypes.ProtocolIE-ID", "value": 1},
    {"source": "M3AP-Constants.id-ResetType", "target": "M3AP-CommonDataTypes.ProtocolIE-ID", "value": 1},
    {"source": "M3AP-IEs.TMGI-ExtIEs", "target": "M3AP-Containers.M3AP-PROTOCOL-EXTENSION", "value": 1},
    {"source": "M3AP-Constants.id-CriticalityDiagnostics", "target": "M3AP-CommonDataTypes.ProtocolIE-ID", "value": 1},
    {"source": "M3AP-PDU-Contents.M3SetupResponse", "target": "M3AP-Containers.ProtocolIE-Container", "value": 1},
    {"source": "M3AP-PDU-Contents.M3SetupResponse", "target": "M3AP-PDU-Contents.M3SetupResponseIEs", "value": 1},
    {"source": "M3AP-Constants.id-MBMS-Session-Duration", "target": "M3AP-CommonDataTypes.ProtocolIE-ID", "value": 1},
    {"source": "M3AP-Containers.ProtocolIE-ContainerPair", "target": "M3AP-CommonDataTypes.maxProtocolIEs", "value": 1},
    {"source": "M3AP-Containers.ProtocolIE-ContainerPair", "target": "M3AP-Containers.ProtocolIE-FieldPair", "value": 1},
    {"source": "M3AP-Containers.ProtocolIE-ContainerPair", "target": "M3AP-Containers.M3AP-PROTOCOL-IES-PAIR", "value": 1},
    {"source": "M3AP-PDU-Contents.MBMSSessionStartFailure", "target": "M3AP-PDU-Contents.MBMSSessionStartFailure-IEs", "value": 1},
    {"source": "M3AP-PDU-Contents.MBMSSessionStartFailure", "target": "M3AP-Containers.ProtocolIE-Container", "value": 1},
    {"source": "M3AP-PDU-Contents.M3SetupFailure", "target": "M3AP-PDU-Contents.M3SetupFailureIEs", "value": 1},
    {"source": "M3AP-PDU-Contents.M3SetupFailure", "target": "M3AP-Containers.ProtocolIE-Container", "value": 1},
    {"source": "M3AP-PDU-Contents.MCEConfigurationUpdateAcknowledge", "target": "M3AP-Containers.ProtocolIE-Container", "value": 1},
    {"source": "M3AP-PDU-Contents.MCEConfigurationUpdateAcknowledge", "target": "M3AP-PDU-Contents.MCEConfigurationUpdateAcknowledgeIEs", "value": 1},
    {"source": "M3AP-Constants.id-MBMS-Service-Area-List-Item", "target": "M3AP-CommonDataTypes.ProtocolIE-ID", "value": 1},
    {"source": "M3AP-PDU-Contents.MCEConfigurationUpdateAcknowledgeIEs", "target": "M3AP-Containers.M3AP-PROTOCOL-IES", "value": 1},
    {"source": "M3AP-PDU-Contents.MCEConfigurationUpdateAcknowledgeIEs", "target": "M3AP-IEs.CriticalityDiagnostics", "value": 1},
    {"source": "M3AP-Containers.M3AP-PROTOCOL-IES", "target": "M3AP-CommonDataTypes.Criticality", "value": 1},
    {"source": "M3AP-Containers.M3AP-PROTOCOL-IES", "target": "M3AP-CommonDataTypes.ProtocolIE-ID", "value": 1},
    {"source": "M3AP-Containers.M3AP-PROTOCOL-IES", "target": "M3AP-CommonDataTypes.Presence", "value": 1},
    {"source": "M3AP-IEs.TNL-Information-ExtIEs", "target": "M3AP-Containers.M3AP-PROTOCOL-EXTENSION", "value": 1},
    {"source": "M3AP-PDU-Contents.M3SetupRequest", "target": "M3AP-Containers.ProtocolIE-Container", "value": 1},
    {"source": "M3AP-PDU-Contents.M3SetupRequest", "target": "M3AP-PDU-Contents.M3SetupRequestIEs", "value": 1},
    {"source": "M3AP-IEs.GBR-QosInformation", "target": "M3AP-IEs.BitRate", "value": 1},
    {"source": "M3AP-IEs.GBR-QosInformation", "target": "M3AP-IEs.GBR-QosInformation-ExtIEs", "value": 1},
    {"source": "M3AP-IEs.GBR-QosInformation", "target": "M3AP-Containers.ProtocolExtensionContainer", "value": 1},
    {"source": "M3AP-IEs.GBR-QosInformation-ExtIEs", "target": "M3AP-Containers.M3AP-PROTOCOL-EXTENSION", "value": 1},
    {"source": "M3AP-PDU-Descriptions.M3AP-ELEMENTARY-PROCEDURES", "target": "M3AP-PDU-Descriptions.M3AP-ELEMENTARY-PROCEDURE", "value": 1},
    {"source": "M3AP-PDU-Descriptions.M3AP-ELEMENTARY-PROCEDURES", "target": "M3AP-PDU-Descriptions.M3AP-ELEMENTARY-PROCEDURES-CLASS-2", "value": 1},
    {"source": "M3AP-PDU-Descriptions.M3AP-ELEMENTARY-PROCEDURES", "target": "M3AP-PDU-Descriptions.M3AP-ELEMENTARY-PROCEDURES-CLASS-1", "value": 1},
    {"source": "M3AP-IEs.CriticalityDiagnostics-IE-List", "target": "M3AP-Containers.ProtocolExtensionContainer", "value": 1},
    {"source": "M3AP-IEs.CriticalityDiagnostics-IE-List", "target": "M3AP-CommonDataTypes.Criticality", "value": 1},
    {"source": "M3AP-IEs.CriticalityDiagnostics-IE-List", "target": "M3AP-Constants.maxnooferrors", "value": 1},
    {"source": "M3AP-IEs.CriticalityDiagnostics-IE-List", "target": "M3AP-IEs.TypeOfError", "value": 1},
    {"source": "M3AP-IEs.CriticalityDiagnostics-IE-List", "target": "M3AP-IEs.CriticalityDiagnostics-IE-List-ExtIEs", "value": 1},
    {"source": "M3AP-IEs.CriticalityDiagnostics-IE-List", "target": "M3AP-CommonDataTypes.ProtocolIE-ID", "value": 1},
    {"source": "M3AP-PDU-Contents.Reset", "target": "M3AP-Containers.ProtocolIE-Container", "value": 1},
    {"source": "M3AP-PDU-Contents.Reset", "target": "M3AP-PDU-Contents.ResetIEs", "value": 1},
    {"source": "M3AP-PDU-Contents.MBMSServiceAreaListItem", "target": "M3AP-Constants.maxnoofMBMSServiceAreaIdentitiesPerMCE", "value": 1},
    {"source": "M3AP-PDU-Contents.MBMSServiceAreaListItem", "target": "M3AP-IEs.MBMSServiceArea1", "value": 1},
    {"source": "M3AP-PDU-Descriptions.M3AP-ELEMENTARY-PROCEDURES-CLASS-2", "target": "M3AP-PDU-Descriptions.privateMessage", "value": 1},
    {"source": "M3AP-PDU-Descriptions.M3AP-ELEMENTARY-PROCEDURES-CLASS-2", "target": "M3AP-PDU-Descriptions.M3AP-ELEMENTARY-PROCEDURE", "value": 1},
    {"source": "M3AP-PDU-Descriptions.M3AP-ELEMENTARY-PROCEDURES-CLASS-2", "target": "M3AP-PDU-Descriptions.errorIndication", "value": 1},
    {"source": "M3AP-Containers.ProtocolIE-ContainerList", "target": "M3AP-Containers.M3AP-PROTOCOL-IES", "value": 1},
    {"source": "M3AP-Containers.ProtocolIE-ContainerList", "target": "M3AP-Containers.ProtocolIE-Container", "value": 1},
    {"source": "M3AP-PDU-Contents.MBMSSessionUpdateFailure", "target": "M3AP-PDU-Contents.MBMSSessionUpdateFailure-IEs", "value": 1},
    {"source": "M3AP-PDU-Contents.MBMSSessionUpdateFailure", "target": "M3AP-Containers.ProtocolIE-Container", "value": 1},
    {"source": "M3AP-IEs.MBMS-E-RAB-QoS-Parameters", "target": "M3AP-Containers.ProtocolExtensionContainer", "value": 1},
    {"source": "M3AP-IEs.MBMS-E-RAB-QoS-Parameters", "target": "M3AP-IEs.MBMS-E-RAB-QoS-Parameters-ExtIEs", "value": 1},
    {"source": "M3AP-IEs.MBMS-E-RAB-QoS-Parameters", "target": "M3AP-IEs.QCI", "value": 1},
    {"source": "M3AP-IEs.MBMS-E-RAB-QoS-Parameters", "target": "M3AP-IEs.GBR-QosInformation", "value": 1},
    {"source": "M3AP-Constants.id-AllocationAndRetentionPriority", "target": "M3AP-CommonDataTypes.ProtocolIE-ID", "value": 1},
    {"source": "M3AP-Containers.ProtocolExtensionField", "target": "M3AP-Containers.M3AP-PROTOCOL-EXTENSION", "value": 1},
    {"source": "M3AP-Containers.ProtocolExtensionField", "target": "M3AP-Containers.M3AP-PROTOCOL-EXTENSION", "value": 1},
    {"source": "M3AP-Containers.ProtocolExtensionField", "target": "M3AP-Containers.M3AP-PROTOCOL-EXTENSION", "value": 1},
    {"source": "M3AP-Containers.ProtocolExtensionField", "target": "M3AP-Containers.M3AP-PROTOCOL-EXTENSION", "value": 1},
    {"source": "M3AP-PDU-Contents.MBMSSessionStartResponse", "target": "M3AP-Containers.ProtocolIE-Container", "value": 1},
    {"source": "M3AP-PDU-Contents.MBMSSessionStartResponse", "target": "M3AP-PDU-Contents.MBMSSessionStartResponse-IEs", "value": 1},
    {"source": "M3AP-PDU-Contents.ResetIEs", "target": "M3AP-Containers.M3AP-PROTOCOL-IES", "value": 1},
    {"source": "M3AP-PDU-Contents.ResetIEs", "target": "M3AP-IEs.Cause", "value": 1},
    {"source": "M3AP-PDU-Contents.ResetIEs", "target": "M3AP-PDU-Contents.ResetType", "value": 1},
    {"source": "M3AP-Containers.PrivateIE-Field", "target": "M3AP-Containers.M3AP-PRIVATE-IES", "value": 1},
    {"source": "M3AP-Containers.PrivateIE-Field", "target": "M3AP-Containers.M3AP-PRIVATE-IES", "value": 1},
    {"source": "M3AP-Containers.PrivateIE-Field", "target": "M3AP-Containers.M3AP-PRIVATE-IES", "value": 1},
    {"source": "M3AP-Containers.PrivateIE-Field", "target": "M3AP-Containers.M3AP-PRIVATE-IES", "value": 1},
    {"source": "M3AP-PDU-Descriptions.M3AP-ELEMENTARY-PROCEDURES-CLASS-1", "target": "M3AP-PDU-Descriptions.mBMSsessionStop", "value": 1},
    {"source": "M3AP-PDU-Descriptions.M3AP-ELEMENTARY-PROCEDURES-CLASS-1", "target": "M3AP-PDU-Descriptions.mBMSsessionUpdate", "value": 1},
    {"source": "M3AP-PDU-Descriptions.M3AP-ELEMENTARY-PROCEDURES-CLASS-1", "target": "M3AP-PDU-Descriptions.M3AP-ELEMENTARY-PROCEDURE", "value": 1},
    {"source": "M3AP-PDU-Descriptions.M3AP-ELEMENTARY-PROCEDURES-CLASS-1", "target": "M3AP-PDU-Descriptions.m3Setup", "value": 1},
    {"source": "M3AP-PDU-Descriptions.M3AP-ELEMENTARY-PROCEDURES-CLASS-1", "target": "M3AP-PDU-Descriptions.mCEConfigurationUpdate", "value": 1},
    {"source": "M3AP-PDU-Descriptions.M3AP-ELEMENTARY-PROCEDURES-CLASS-1", "target": "M3AP-PDU-Descriptions.mBMSsessionStart", "value": 1},
    {"source": "M3AP-PDU-Descriptions.M3AP-ELEMENTARY-PROCEDURES-CLASS-1", "target": "M3AP-PDU-Descriptions.reset", "value": 1},
    {"source": "M3AP-PDU-Contents.M3SetupFailureIEs", "target": "M3AP-Containers.M3AP-PROTOCOL-IES", "value": 1},
    {"source": "M3AP-PDU-Contents.M3SetupFailureIEs", "target": "M3AP-IEs.Cause", "value": 1},
    {"source": "M3AP-PDU-Contents.M3SetupFailureIEs", "target": "M3AP-IEs.TimeToWait", "value": 1},
    {"source": "M3AP-PDU-Contents.M3SetupFailureIEs", "target": "M3AP-IEs.CriticalityDiagnostics", "value": 1},
    {"source": "M3AP-PDU-Contents.MBMS-Service-associatedLogicalM3-ConnectionItemResAck", "target": "M3AP-Containers.M3AP-PROTOCOL-IES", "value": 1},
    {"source": "M3AP-PDU-Contents.MBMS-Service-associatedLogicalM3-ConnectionItemResAck", "target": "M3AP-IEs.MBMS-Service-associatedLogicalM3-ConnectionItem", "value": 1},
    {"source": "M3AP-PDU-Contents.M3SetupResponseIEs", "target": "M3AP-Containers.M3AP-PROTOCOL-IES", "value": 1},
    {"source": "M3AP-PDU-Contents.M3SetupResponseIEs", "target": "M3AP-IEs.CriticalityDiagnostics", "value": 1},
    {"source": "M3AP-Constants.id-Time-ofMBMS-DataTransfer", "target": "M3AP-CommonDataTypes.ProtocolIE-ID", "value": 1},
    {"source": "M3AP-PDU-Contents.MCEConfigurationUpdateFailure", "target": "M3AP-PDU-Contents.MCEConfigurationUpdateFailureIEs", "value": 1},
    {"source": "M3AP-PDU-Contents.MCEConfigurationUpdateFailure", "target": "M3AP-Containers.ProtocolIE-Container", "value": 1},
    {"source": "M3AP-PDU-Contents.MBMSSessionStopResponse-IEs", "target": "M3AP-Containers.M3AP-PROTOCOL-IES", "value": 1},
    {"source": "M3AP-PDU-Contents.MBMSSessionStopResponse-IEs", "target": "M3AP-IEs.CriticalityDiagnostics", "value": 1},
    {"source": "M3AP-PDU-Contents.MBMSSessionStopResponse-IEs", "target": "M3AP-IEs.MME-MBMS-M3AP-ID", "value": 1},
    {"source": "M3AP-PDU-Contents.MBMSSessionStopResponse-IEs", "target": "M3AP-IEs.MCE-MBMS-M3AP-ID", "value": 1},
    {"source": "M3AP-IEs.Global-MCE-ID", "target": "M3AP-IEs.PLMN-Identity", "value": 1},
    {"source": "M3AP-IEs.Global-MCE-ID", "target": "M3AP-Containers.ProtocolExtensionContainer", "value": 1},
    {"source": "M3AP-IEs.Global-MCE-ID", "target": "M3AP-IEs.ExtendedMCE-ID", "value": 1},
    {"source": "M3AP-IEs.Global-MCE-ID", "target": "M3AP-IEs.MCE-ID", "value": 1},
    {"source": "M3AP-IEs.Global-MCE-ID", "target": "M3AP-IEs.GlobalMCE-ID-ExtIEs", "value": 1},
    {"source": "M3AP-PDU-Contents.ErrorIndication-IEs", "target": "M3AP-Containers.M3AP-PROTOCOL-IES", "value": 1},
    {"source": "M3AP-PDU-Contents.ErrorIndication-IEs", "target": "M3AP-IEs.Cause", "value": 1},
    {"source": "M3AP-PDU-Contents.ErrorIndication-IEs", "target": "M3AP-IEs.CriticalityDiagnostics", "value": 1},
    {"source": "M3AP-PDU-Contents.ErrorIndication-IEs", "target": "M3AP-IEs.MME-MBMS-M3AP-ID", "value": 1},
    {"source": "M3AP-PDU-Contents.ErrorIndication-IEs", "target": "M3AP-IEs.MCE-MBMS-M3AP-ID", "value": 1},
    {"source": "M3AP-IEs.MBMS-Cell-List", "target": "M3AP-IEs.ECGI", "value": 1},
    {"source": "M3AP-IEs.MBMS-Cell-List", "target": "M3AP-Constants.maxnoofCellsforMBMS", "value": 1},
    {"source": "M3AP-Containers.ProtocolIE-Container", "target": "M3AP-Containers.M3AP-PROTOCOL-IES", "value": 1},
    {"source": "M3AP-Containers.ProtocolIE-Container", "target": "M3AP-CommonDataTypes.maxProtocolIEs", "value": 1},
    {"source": "M3AP-Containers.ProtocolIE-Container", "target": "M3AP-Containers.ProtocolIE-Field", "value": 1},
    {"source": "M3AP-IEs.TMGI", "target": "M3AP-IEs.PLMN-Identity", "value": 1},
    {"source": "M3AP-IEs.TMGI", "target": "M3AP-Containers.ProtocolExtensionContainer", "value": 1},
    {"source": "M3AP-IEs.TMGI", "target": "M3AP-IEs.TMGI-ExtIEs", "value": 1},
    {"source": "M3AP-IEs.CriticalityDiagnostics-ExtIEs", "target": "M3AP-Containers.M3AP-PROTOCOL-EXTENSION", "value": 1},
    {"source": "M3AP-Constants.id-Cause", "target": "M3AP-CommonDataTypes.ProtocolIE-ID", "value": 1},
    {"source": "M3AP-Containers.ProtocolIE-Single-Container", "target": "M3AP-Containers.M3AP-PROTOCOL-IES", "value": 1},
    {"source": "M3AP-Containers.ProtocolIE-Single-Container", "target": "M3AP-Containers.ProtocolIE-Field", "value": 1},
    {"source": "M3AP-PDU-Descriptions.InitiatingMessage", "target": "M3AP-PDU-Descriptions.M3AP-ELEMENTARY-PROCEDURE", "value": 1},
    {"source": "M3AP-PDU-Descriptions.InitiatingMessage", "target": "M3AP-PDU-Descriptions.M3AP-ELEMENTARY-PROCEDURE", "value": 1},
    {"source": "M3AP-PDU-Descriptions.InitiatingMessage", "target": "M3AP-PDU-Descriptions.M3AP-ELEMENTARY-PROCEDURE", "value": 1},
    {"source": "M3AP-PDU-Descriptions.InitiatingMessage", "target": "M3AP-PDU-Descriptions.M3AP-ELEMENTARY-PROCEDURES", "value": 1},
    {"source": "M3AP-Constants.id-mBMSsessionUpdate", "target": "M3AP-CommonDataTypes.ProcedureCode", "value": 1},
    {"source": "M3AP-PDU-Descriptions.reset", "target": "M3AP-PDU-Descriptions.M3AP-ELEMENTARY-PROCEDURE", "value": 1},
    {"source": "M3AP-PDU-Descriptions.reset", "target": "M3AP-PDU-Contents.Reset", "value": 1},
    {"source": "M3AP-PDU-Descriptions.reset", "target": "M3AP-PDU-Contents.ResetAcknowledge", "value": 1},
    {"source": "M3AP-PDU-Contents.MBMSSessionUpdateRequest-IEs", "target": "M3AP-IEs.MBMS-Cell-List", "value": 1},
    {"source": "M3AP-PDU-Contents.MBMSSessionUpdateRequest-IEs", "target": "M3AP-IEs.MBMS-Session-Duration", "value": 1},
    {"source": "M3AP-PDU-Contents.MBMSSessionUpdateRequest-IEs", "target": "M3AP-IEs.MCE-MBMS-M3AP-ID", "value": 1},
    {"source": "M3AP-PDU-Contents.MBMSSessionUpdateRequest-IEs", "target": "M3AP-IEs.TMGI", "value": 1},
    {"source": "M3AP-PDU-Contents.MBMSSessionUpdateRequest-IEs", "target": "M3AP-IEs.MME-MBMS-M3AP-ID", "value": 1},
    {"source": "M3AP-PDU-Contents.MBMSSessionUpdateRequest-IEs", "target": "M3AP-IEs.MinimumTimeToMBMSDataTransfer", "value": 1},
    {"source": "M3AP-PDU-Contents.MBMSSessionUpdateRequest-IEs", "target": "M3AP-IEs.TNL-Information", "value": 1},
    {"source": "M3AP-PDU-Contents.MBMSSessionUpdateRequest-IEs", "target": "M3AP-IEs.Absolute-Time-ofMBMS-Data", "value": 1},
    {"source": "M3AP-PDU-Contents.MBMSSessionUpdateRequest-IEs", "target": "M3AP-Containers.M3AP-PROTOCOL-IES", "value": 1},
    {"source": "M3AP-PDU-Contents.MBMSSessionUpdateRequest-IEs", "target": "M3AP-IEs.MBMS-E-RAB-QoS-Parameters", "value": 1},
    {"source": "M3AP-PDU-Contents.MBMSSessionUpdateRequest-IEs", "target": "M3AP-IEs.MBMS-Session-ID", "value": 1},
    {"source": "M3AP-PDU-Contents.MBMSSessionUpdateRequest-IEs", "target": "M3AP-IEs.MBMS-Service-Area", "value": 1},
    {"source": "M3AP-Containers.ProtocolIE-ContainerPairList", "target": "M3AP-Containers.ProtocolIE-ContainerPair", "value": 1},
    {"source": "M3AP-Containers.ProtocolIE-ContainerPairList", "target": "M3AP-Containers.M3AP-PROTOCOL-IES-PAIR", "value": 1},
    {"source": "M3AP-PDU-Descriptions.m3Setup", "target": "M3AP-PDU-Contents.M3SetupResponse", "value": 1},
    {"source": "M3AP-PDU-Descriptions.m3Setup", "target": "M3AP-PDU-Contents.M3SetupRequest", "value": 1},
    {"source": "M3AP-PDU-Descriptions.m3Setup", "target": "M3AP-PDU-Descriptions.M3AP-ELEMENTARY-PROCEDURE", "value": 1},
    {"source": "M3AP-PDU-Descriptions.m3Setup", "target": "M3AP-PDU-Contents.M3SetupFailure", "value": 1},
    {"source": "M3AP-PDU-Contents.MBMSSessionUpdateFailure-IEs", "target": "M3AP-Containers.M3AP-PROTOCOL-IES", "value": 1},
    {"source": "M3AP-PDU-Contents.MBMSSessionUpdateFailure-IEs", "target": "M3AP-IEs.Cause", "value": 1},
    {"source": "M3AP-PDU-Contents.MBMSSessionUpdateFailure-IEs", "target": "M3AP-IEs.CriticalityDiagnostics", "value": 1},
    {"source": "M3AP-PDU-Contents.MBMSSessionUpdateFailure-IEs", "target": "M3AP-IEs.MME-MBMS-M3AP-ID", "value": 1},
    {"source": "M3AP-PDU-Contents.MBMSSessionUpdateFailure-IEs", "target": "M3AP-IEs.MCE-MBMS-M3AP-ID", "value": 1},
    {"source": "M3AP-Constants.id-Reset", "target": "M3AP-CommonDataTypes.ProcedureCode", "value": 1},
    {"source": "M3AP-Constants.id-TNL-Information", "target": "M3AP-CommonDataTypes.ProtocolIE-ID", "value": 1},
    {"source": "M3AP-PDU-Descriptions.M3AP-PDU", "target": "M3AP-PDU-Descriptions.SuccessfulOutcome", "value": 1},
    {"source": "M3AP-PDU-Descriptions.M3AP-PDU", "target": "M3AP-PDU-Descriptions.InitiatingMessage", "value": 1},
    {"source": "M3AP-PDU-Descriptions.M3AP-PDU", "target": "M3AP-PDU-Descriptions.UnsuccessfulOutcome", "value": 1},
    {"source": "M3AP-Constants.id-MBMS-Service-Area-List", "target": "M3AP-CommonDataTypes.ProtocolIE-ID", "value": 1},
    {"source": "M3AP-Constants.id-Global-MCE-ID", "target": "M3AP-CommonDataTypes.ProtocolIE-ID", "value": 1},
    {"source": "M3AP-Constants.id-mBMSsessionStop", "target": "M3AP-CommonDataTypes.ProcedureCode", "value": 1},
    {"source": "M3AP-Constants.id-errorIndication", "target": "M3AP-CommonDataTypes.ProcedureCode", "value": 1},
    {"source": "M3AP-Constants.id-MBMS-E-RAB-QoS-Parameters", "target": "M3AP-CommonDataTypes.ProtocolIE-ID", "value": 1},
    {"source": "M3AP-PDU-Contents.PrivateMessage", "target": "M3AP-PDU-Contents.PrivateMessage-IEs", "value": 1},
    {"source": "M3AP-PDU-Contents.PrivateMessage", "target": "M3AP-Containers.PrivateIE-Container", "value": 1},
    {"source": "M3AP-PDU-Contents.MBMSSessionStartRequest", "target": "M3AP-PDU-Contents.MBMSSessionStartRequest-IEs", "value": 1},
    {"source": "M3AP-PDU-Contents.MBMSSessionStartRequest", "target": "M3AP-Containers.ProtocolIE-Container", "value": 1},
    {"source": "M3AP-Constants.id-m3Setup", "target": "M3AP-CommonDataTypes.ProcedureCode", "value": 1},
    {"source": "M3AP-IEs.AllocationAndRetentionPriority", "target": "M3AP-Containers.ProtocolExtensionContainer", "value": 1},
    {"source": "M3AP-IEs.AllocationAndRetentionPriority", "target": "M3AP-IEs.PriorityLevel", "value": 1},
    {"source": "M3AP-IEs.AllocationAndRetentionPriority", "target": "M3AP-IEs.AllocationAndRetentionPriority-ExtIEs", "value": 1},
    {"source": "M3AP-IEs.AllocationAndRetentionPriority", "target": "M3AP-IEs.Pre-emptionCapability", "value": 1},
    {"source": "M3AP-IEs.AllocationAndRetentionPriority", "target": "M3AP-IEs.Pre-emptionVulnerability", "value": 1},
    {"source": "M3AP-PDU-Contents.MBMS-Service-associatedLogicalM3-ConnectionListResAck", "target": "M3AP-PDU-Contents.MBMS-Service-associatedLogicalM3-ConnectionItemResAck", "value": 1},
    {"source": "M3AP-PDU-Contents.MBMS-Service-associatedLogicalM3-ConnectionListResAck", "target": "M3AP-Constants.maxNrOfIndividualM3ConnectionsToReset", "value": 1},
    {"source": "M3AP-PDU-Contents.MBMS-Service-associatedLogicalM3-ConnectionListResAck", "target": "M3AP-Containers.ProtocolIE-Single-Container", "value": 1},
    {"source": "M3AP-PDU-Descriptions.M3AP-ELEMENTARY-PROCEDURE", "target": "M3AP-CommonDataTypes.Criticality", "value": 1},
    {"source": "M3AP-PDU-Descriptions.M3AP-ELEMENTARY-PROCEDURE", "target": "M3AP-CommonDataTypes.ProcedureCode", "value": 1},
    {"source": "M3AP-PDU-Contents.MCEConfigurationUpdateFailureIEs", "target": "M3AP-Containers.M3AP-PROTOCOL-IES", "value": 1},
    {"source": "M3AP-PDU-Contents.MCEConfigurationUpdateFailureIEs", "target": "M3AP-IEs.Cause", "value": 1},
    {"source": "M3AP-PDU-Contents.MCEConfigurationUpdateFailureIEs", "target": "M3AP-IEs.TimeToWait", "value": 1},
    {"source": "M3AP-PDU-Contents.MCEConfigurationUpdateFailureIEs", "target": "M3AP-IEs.CriticalityDiagnostics", "value": 1},
    {"source": "M3AP-Constants.id-MME-MBMS-M3AP-ID", "target": "M3AP-CommonDataTypes.ProtocolIE-ID", "value": 1},
    {"source": "M3AP-Constants.id-MBMS-Service-associatedLogicalM3-ConnectionListResAck", "target": "M3AP-CommonDataTypes.ProtocolIE-ID", "value": 1},
    {"source": "M3AP-CommonDataTypes.ProtocolIE-ID", "target": "M3AP-CommonDataTypes.maxProtocolIEs", "value": 1},
    {"source": "M3AP-PDU-Descriptions.UnsuccessfulOutcome", "target": "M3AP-PDU-Descriptions.M3AP-ELEMENTARY-PROCEDURE", "value": 1},
    {"source": "M3AP-PDU-Descriptions.UnsuccessfulOutcome", "target": "M3AP-PDU-Descriptions.M3AP-ELEMENTARY-PROCEDURE", "value": 1},
    {"source": "M3AP-PDU-Descriptions.UnsuccessfulOutcome", "target": "M3AP-PDU-Descriptions.M3AP-ELEMENTARY-PROCEDURE", "value": 1},
    {"source": "M3AP-PDU-Descriptions.UnsuccessfulOutcome", "target": "M3AP-PDU-Descriptions.M3AP-ELEMENTARY-PROCEDURES", "value": 1},
    {"source": "M3AP-PDU-Descriptions.SuccessfulOutcome", "target": "M3AP-PDU-Descriptions.M3AP-ELEMENTARY-PROCEDURE", "value": 1},
    {"source": "M3AP-PDU-Descriptions.SuccessfulOutcome", "target": "M3AP-PDU-Descriptions.M3AP-ELEMENTARY-PROCEDURE", "value": 1},
    {"source": "M3AP-PDU-Descriptions.SuccessfulOutcome", "target": "M3AP-PDU-Descriptions.M3AP-ELEMENTARY-PROCEDURE", "value": 1},
    {"source": "M3AP-PDU-Descriptions.SuccessfulOutcome", "target": "M3AP-PDU-Descriptions.M3AP-ELEMENTARY-PROCEDURES", "value": 1},
    {"source": "M3AP-PDU-Contents.MCEConfigurationUpdate", "target": "M3AP-Containers.ProtocolIE-Container", "value": 1},
    {"source": "M3AP-PDU-Contents.MCEConfigurationUpdate", "target": "M3AP-PDU-Contents.MCEConfigurationUpdateIEs", "value": 1},
    {"source": "M3AP-PDU-Contents.MBMSSessionUpdateRequest", "target": "M3AP-PDU-Contents.MBMSSessionUpdateRequest-IEs", "value": 1},
    {"source": "M3AP-PDU-Contents.MBMSSessionUpdateRequest", "target": "M3AP-Containers.ProtocolIE-Container", "value": 1},
    {"source": "M3AP-Constants.id-MinimumTimeToMBMSDataTransfer", "target": "M3AP-CommonDataTypes.ProtocolIE-ID", "value": 1},
    {"source": "M3AP-IEs.TNL-Information", "target": "M3AP-IEs.IPAddress", "value": 1},
    {"source": "M3AP-IEs.TNL-Information", "target": "M3AP-IEs.TNL-Information-ExtIEs", "value": 1},
    {"source": "M3AP-IEs.TNL-Information", "target": "M3AP-Containers.ProtocolExtensionContainer", "value": 1},
    {"source": "M3AP-IEs.TNL-Information", "target": "M3AP-IEs.GTP-TEID", "value": 1},
    {"source": "M3AP-Constants.id-MBMS-Cell-List", "target": "M3AP-CommonDataTypes.ProtocolIE-ID", "value": 1},
    {"source": "M3AP-Constants.id-TMGI", "target": "M3AP-CommonDataTypes.ProtocolIE-ID", "value": 1},
    {"source": "M3AP-PDU-Contents.MBMSSessionStopRequest-IEs", "target": "M3AP-Containers.M3AP-PROTOCOL-IES", "value": 1},
    {"source": "M3AP-PDU-Contents.MBMSSessionStopRequest-IEs", "target": "M3AP-IEs.Absolute-Time-ofMBMS-Data", "value": 1},
    {"source": "M3AP-PDU-Contents.MBMSSessionStopRequest-IEs", "target": "M3AP-IEs.MME-MBMS-M3AP-ID", "value": 1},
    {"source": "M3AP-PDU-Contents.MBMSSessionStopRequest-IEs", "target": "M3AP-IEs.MCE-MBMS-M3AP-ID", "value": 1},
    {"source": "M3AP-PDU-Contents.MBMSSessionStartResponse-IEs", "target": "M3AP-Containers.M3AP-PROTOCOL-IES", "value": 1},
    {"source": "M3AP-PDU-Contents.MBMSSessionStartResponse-IEs", "target": "M3AP-IEs.CriticalityDiagnostics", "value": 1},
    {"source": "M3AP-PDU-Contents.MBMSSessionStartResponse-IEs", "target": "M3AP-IEs.MME-MBMS-M3AP-ID", "value": 1},
    {"source": "M3AP-PDU-Contents.MBMSSessionStartResponse-IEs", "target": "M3AP-IEs.MCE-MBMS-M3AP-ID", "value": 1},
    {"source": "M3AP-Constants.id-MBMS-Service-associatedLogicalM3-ConnectionItem", "target": "M3AP-CommonDataTypes.ProtocolIE-ID", "value": 1},
    {"source": "M3AP-IEs.MBMS-Service-associatedLogicalM3-ConnectionItem", "target": "M3AP-Containers.ProtocolExtensionContainer", "value": 1},
    {"source": "M3AP-IEs.MBMS-Service-associatedLogicalM3-ConnectionItem", "target": "M3AP-IEs.MME-MBMS-M3AP-ID", "value": 1},
    {"source": "M3AP-IEs.MBMS-Service-associatedLogicalM3-ConnectionItem", "target": "M3AP-IEs.MCE-MBMS-M3AP-ID", "value": 1},
    {"source": "M3AP-IEs.MBMS-Service-associatedLogicalM3-ConnectionItem", "target": "M3AP-IEs.MBMS-Service-associatedLogicalM3-ConnectionItemExtIEs", "value": 1},
    {"source": "M3AP-PDU-Contents.MBMSSessionUpdateResponse", "target": "M3AP-Containers.ProtocolIE-Container", "value": 1},
    {"source": "M3AP-PDU-Contents.MBMSSessionUpdateResponse", "target": "M3AP-PDU-Contents.MBMSSessionUpdateResponse-IEs", "value": 1},
    {"source": "M3AP-Constants.id-MBMSServiceAreaList", "target": "M3AP-CommonDataTypes.ProtocolIE-ID", "value": 1},
    {"source": "M3AP-Constants.id-Time-ofMBMS-DataStop", "target": "M3AP-CommonDataTypes.ProtocolIE-ID", "value": 1},
    {"source": "M3AP-Containers.M3AP-PRIVATE-IES", "target": "M3AP-CommonDataTypes.Criticality", "value": 1},
    {"source": "M3AP-Containers.M3AP-PRIVATE-IES", "target": "M3AP-CommonDataTypes.Presence", "value": 1},
    {"source": "M3AP-Containers.M3AP-PRIVATE-IES", "target": "M3AP-CommonDataTypes.PrivateIE-ID", "value": 1},
    {"source": "M3AP-PDU-Descriptions.mBMSsessionStop", "target": "M3AP-PDU-Contents.MBMSSessionStopResponse", "value": 1},
    {"source": "M3AP-PDU-Descriptions.mBMSsessionStop", "target": "M3AP-PDU-Contents.MBMSSessionStopRequest", "value": 1},
    {"source": "M3AP-PDU-Descriptions.mBMSsessionStop", "target": "M3AP-PDU-Descriptions.M3AP-ELEMENTARY-PROCEDURE", "value": 1},
    {"source": "M3AP-Containers.ProtocolExtensionContainer", "target": "M3AP-Containers.M3AP-PROTOCOL-EXTENSION", "value": 1},
    {"source": "M3AP-Containers.ProtocolExtensionContainer", "target": "M3AP-Containers.ProtocolExtensionField", "value": 1},
    {"source": "M3AP-Containers.ProtocolExtensionContainer", "target": "M3AP-CommonDataTypes.maxProtocolExtensions", "value": 1},
    {"source": "M3AP-IEs.AllocationAndRetentionPriority-ExtIEs", "target": "M3AP-Containers.M3AP-PROTOCOL-EXTENSION", "value": 1},
    {"source": "M3AP-Constants.id-Alternative-TNL-Information", "target": "M3AP-CommonDataTypes.ProtocolIE-ID", "value": 1},
    {"source": "M3AP-CommonDataTypes.PrivateIE-ID", "target": "M3AP-CommonDataTypes.maxPrivateIEs", "value": 1},
    {"source": "M3AP-PDU-Contents.MBMS-Service-associatedLogicalM3-ConnectionItemRes", "target": "M3AP-Containers.M3AP-PROTOCOL-IES", "value": 1},
    {"source": "M3AP-PDU-Contents.MBMS-Service-associatedLogicalM3-ConnectionItemRes", "target": "M3AP-IEs.MBMS-Service-associatedLogicalM3-ConnectionItem", "value": 1},
    {"source": "M3AP-PDU-Contents.MBMSSessionStopResponse", "target": "M3AP-Containers.ProtocolIE-Container", "value": 1},
    {"source": "M3AP-PDU-Contents.MBMSSessionStopResponse", "target": "M3AP-PDU-Contents.MBMSSessionStopResponse-IEs", "value": 1},
    {"source": "M3AP-IEs.Cause", "target": "M3AP-IEs.CauseNAS", "value": 1},
    {"source": "M3AP-IEs.Cause", "target": "M3AP-IEs.CauseMisc", "value": 1},
    {"source": "M3AP-IEs.Cause", "target": "M3AP-IEs.CauseRadioNetwork", "value": 1},
    {"source": "M3AP-IEs.Cause", "target": "M3AP-IEs.CauseProtocol", "value": 1},
    {"source": "M3AP-IEs.Cause", "target": "M3AP-IEs.CauseTransport", "value": 1},
    {"source": "M3AP-PDU-Descriptions.privateMessage", "target": "M3AP-PDU-Descriptions.M3AP-ELEMENTARY-PROCEDURE", "value": 1},
    {"source": "M3AP-PDU-Descriptions.privateMessage", "target": "M3AP-PDU-Contents.PrivateMessage", "value": 1},
    {"source": "M3AP-PDU-Contents.ResetType", "target": "M3AP-PDU-Contents.MBMS-Service-associatedLogicalM3-ConnectionListRes", "value": 1},
    {"source": "M3AP-PDU-Contents.ResetType", "target": "M3AP-PDU-Contents.ResetAll", "value": 1},
    {"source": "M3AP-IEs.ECGI", "target": "M3AP-IEs.PLMN-Identity", "value": 1},
    {"source": "M3AP-IEs.ECGI", "target": "M3AP-Containers.ProtocolExtensionContainer", "value": 1},
    {"source": "M3AP-IEs.ECGI", "target": "M3AP-IEs.EUTRANCellIdentifier", "value": 1},
    {"source": "M3AP-IEs.ECGI", "target": "M3AP-IEs.ECGI-ExtIEs", "value": 1},
    {"source": "M3AP-Constants.id-MCE-MBMS-M3AP-ID", "target": "M3AP-CommonDataTypes.ProtocolIE-ID", "value": 1},
    {"source": "M3AP-Constants.id-MCEname", "target": "M3AP-CommonDataTypes.ProtocolIE-ID", "value": 1},
    {"source": "M3AP-PDU-Descriptions.mCEConfigurationUpdate", "target": "M3AP-PDU-Contents.MCEConfigurationUpdateAcknowledge", "value": 1},
    {"source": "M3AP-PDU-Descriptions.mCEConfigurationUpdate", "target": "M3AP-PDU-Descriptions.M3AP-ELEMENTARY-PROCEDURE", "value": 1},
    {"source": "M3AP-PDU-Descriptions.mCEConfigurationUpdate", "target": "M3AP-PDU-Contents.MCEConfigurationUpdateFailure", "value": 1},
    {"source": "M3AP-PDU-Descriptions.mCEConfigurationUpdate", "target": "M3AP-PDU-Contents.MCEConfigurationUpdate", "value": 1},
    {"source": "M3AP-PDU-Contents.ResetAcknowledge", "target": "M3AP-PDU-Contents.ResetAcknowledgeIEs", "value": 1},
    {"source": "M3AP-PDU-Contents.ResetAcknowledge", "target": "M3AP-Containers.ProtocolIE-Container", "value": 1},
    {"source": "M3AP-Constants.id-TimeToWait", "target": "M3AP-CommonDataTypes.ProtocolIE-ID", "value": 1},
    {"source": "M3AP-IEs.MBMS-Service-associatedLogicalM3-ConnectionItemExtIEs", "target": "M3AP-Containers.M3AP-PROTOCOL-EXTENSION", "value": 1},
    {"source": "M3AP-PDU-Descriptions.mBMSsessionStart", "target": "M3AP-PDU-Descriptions.M3AP-ELEMENTARY-PROCEDURE", "value": 1},
    {"source": "M3AP-PDU-Descriptions.mBMSsessionStart", "target": "M3AP-PDU-Contents.MBMSSessionStartResponse", "value": 1},
    {"source": "M3AP-PDU-Descriptions.mBMSsessionStart", "target": "M3AP-PDU-Contents.MBMSSessionStartRequest", "value": 1},
    {"source": "M3AP-PDU-Descriptions.mBMSsessionStart", "target": "M3AP-PDU-Contents.MBMSSessionStartFailure", "value": 1},
    {"source": "M3AP-PDU-Contents.MBMS-Service-associatedLogicalM3-ConnectionListRes", "target": "M3AP-Constants.maxNrOfIndividualM3ConnectionsToReset", "value": 1},
    {"source": "M3AP-PDU-Contents.MBMS-Service-associatedLogicalM3-ConnectionListRes", "target": "M3AP-PDU-Contents.MBMS-Service-associatedLogicalM3-ConnectionItemRes", "value": 1},
    {"source": "M3AP-PDU-Contents.MBMS-Service-associatedLogicalM3-ConnectionListRes", "target": "M3AP-Containers.ProtocolIE-Single-Container", "value": 1},
    {"source": "M3AP-Constants.id-privateMessage", "target": "M3AP-CommonDataTypes.ProcedureCode", "value": 1},
    {"source": "M3AP-IEs.CriticalityDiagnostics-IE-List-ExtIEs", "target": "M3AP-Containers.M3AP-PROTOCOL-EXTENSION", "value": 1},
    {"source": "M3AP-IEs.GlobalMCE-ID-ExtIEs", "target": "M3AP-Containers.M3AP-PROTOCOL-EXTENSION", "value": 1}
  ]
}
