{
  "_comment": "code automatically generated by pycrate_asn1c",
  "nodes": [
    {"id": "NIST-HASH.nistAlgorithms", "group": 2},
    {"id": "NIST-HASH.hashAlgs", "group": 2},
    {"id": "NIST-HASH.id-sha256", "group": 2},
    {"id": "NIST-HASH.id-sha384", "group": 2},
    {"id": "NIST-HASH.id-sha512", "group": 2},
    {"id": "NIST-HASH.id-sha224", "group": 2},
    {"id": "NIST-HASH.id-sha512-224", "group": 2},
    {"id": "NIST-HASH.id-sha512-256", "group": 2},
    {"id": "NIST-HASH.id-sha3-224", "group": 2},
    {"id": "NIST-HASH.id-sha3-256", "group": 2},
    {"id": "NIST-HASH.id-sha3-384", "group": 2},
    {"id": "NIST-HASH.id-sha3-512", "group": 2},
    {"id": "NIST-HASH.id-shake128", "group": 2},
    {"id": "NIST-HASH.id-shake256", "group": 2},
    {"id": "NIST-HASH.id-hmacWithSHA3-224", "group": 2},
    {"id": "NIST-HASH.id-hmacWithSHA3-256", "group": 2},
    {"id": "NIST-HASH.id-hmacWithSHA3-384", "group": 2},
    {"id": "NIST-HASH.id-hmacWithSHA3-512", "group": 2},
    {"id": "PKCS-1.pkcs-1", "group": 3},
    {"id": "PKCS-1.rsaEncryption", "group": 3},
    {"id": "PKCS-1.id-RSAES-OAEP", "group": 3},
    {"id": "PKCS-1.id-pSpecified", "group": 3},
    {"id": "PKCS-1.id-RSASSA-PSS", "group": 3},
    {"id": "PKCS-1.md2WithRSAEncryption", "group": 3},
    {"id": "PKCS-1.md5WithRSAEncryption", "group": 3},
    {"id": "PKCS-1.sha1WithRSAEncryption", "group": 3},
    {"id": "PKCS-1.sha256WithRSAEncryption", "group": 3},
    {"id": "PKCS-1.sha384WithRSAEncryption", "group": 3},
    {"id": "PKCS-1.sha512WithRSAEncryption", "group": 3},
    {"id": "PKCS-1.id-sha1", "group": 3},
    {"id": "PKCS-1.id-md2", "group": 3},
    {"id": "PKCS-1.id-md5", "group": 3},
    {"id": "PKCS-1.id-mgf1", "group": 3},
    {"id": "PKCS-1.ALGORITHM-IDENTIFIER", "group": 3},
    {"id": "PKCS-1.AlgorithmIdentifier", "group": 3},
    {"id": "PKCS-1.OAEP-PSSDigestAlgorithms", "group": 3},
    {"id": "PKCS-1.PKCS1-v1-5DigestAlgorithms", "group": 3},
    {"id": "PKCS-1.HashAlgorithm", "group": 3},
    {"id": "PKCS-1.SHA1Parameters", "group": 3},
    {"id": "PKCS-1.PKCS1MGFAlgorithms", "group": 3},
    {"id": "PKCS-1.MaskGenAlgorithm", "group": 3},
    {"id": "PKCS-1.PKCS1PSourceAlgorithms", "group": 3},
    {"id": "PKCS-1.EncodingParameters", "group": 3},
    {"id": "PKCS-1.PSourceAlgorithm", "group": 3},
    {"id": "PKCS-1.emptyString", "group": 3},
    {"id": "PKCS-1.PKCS1Algorithms", "group": 3},
    {"id": "PKCS-1.RSAPublicKey", "group": 3},
    {"id": "PKCS-1.RSAPrivateKey", "group": 3},
    {"id": "PKCS-1.Version", "group": 3},
    {"id": "PKCS-1.OtherPrimeInfos", "group": 3},
    {"id": "PKCS-1.OtherPrimeInfo", "group": 3},
    {"id": "PKCS-1.RSAES-AlgorithmIdentifier", "group": 3},
    {"id": "PKCS-1.TrailerField", "group": 3},
    {"id": "PKCS-1.RSASSA-AlgorithmIdentifier", "group": 3},
    {"id": "PKCS-1.DigestAlgorithm", "group": 3},
    {"id": "PKCS-1.sha1", "group": 3},
    {"id": "PKCS-1.mgf1SHA1", "group": 3},
    {"id": "PKCS-1.pSpecifiedEmpty", "group": 3},
    {"id": "PKCS-1.RSAES-OAEP-params", "group": 3},
    {"id": "PKCS-1.rSAES-OAEP-Default-Identifier", "group": 3},
    {"id": "PKCS-1.RSASSA-PSS-params", "group": 3},
    {"id": "PKCS-1.rSASSA-PSS-Default-Identifier", "group": 3}
  ],
  "links": [
    {"source": "PKCS-1.sha1WithRSAEncryption", "target": "PKCS-1.pkcs-1", "value": 1},
    {"source": "PKCS-1.id-RSAES-OAEP", "target": "PKCS-1.pkcs-1", "value": 1},
    {"source": "PKCS-1.id-pSpecified", "target": "PKCS-1.pkcs-1", "value": 1},
    {"source": "PKCS-1.DigestInfo", "target": "PKCS-1.DigestAlgorithm", "value": 1},
    {"source": "NIST-HASH.id-sha512-224", "target": "NIST-HASH.hashAlgs", "value": 1},
    {"source": "PKCS-1.MaskGenAlgorithm", "target": "PKCS-1.AlgorithmIdentifier", "value": 1},
    {"source": "PKCS-1.MaskGenAlgorithm", "target": "PKCS-1.PKCS1MGFAlgorithms", "value": 1},
    {"source": "NIST-HASH.id-sha512", "target": "NIST-HASH.hashAlgs", "value": 1},
    {"source": "PKCS-1.OtherPrimeInfos", "target": "PKCS-1.OtherPrimeInfo", "value": 1},
    {"source": "PKCS-1.mgf1SHA1", "target": "PKCS-1.id-mgf1", "value": 1},
    {"source": "PKCS-1.mgf1SHA1", "target": "PKCS-1.HashAlgorithm", "value": 1},
    {"source": "PKCS-1.mgf1SHA1", "target": "PKCS-1.MaskGenAlgorithm", "value": 1},
    {"source": "PKCS-1.mgf1SHA1", "target": "PKCS-1.sha1", "value": 1},
    {"source": "NIST-HASH.id-hmacWithSHA3-224", "target": "NIST-HASH.hashAlgs", "value": 1},
    {"source": "PKCS-1.RSAES-AlgorithmIdentifier", "target": "PKCS-1.AlgorithmIdentifier", "value": 1},
    {"source": "PKCS-1.RSAES-AlgorithmIdentifier", "target": "PKCS-1.PKCS1Algorithms", "value": 1},
    {"source": "NIST-HASH.id-sha3-512", "target": "NIST-HASH.hashAlgs", "value": 1},
    {"source": "PKCS-1.md2WithRSAEncryption", "target": "PKCS-1.pkcs-1", "value": 1},
    {"source": "PKCS-1.RSAPrivateKey", "target": "PKCS-1.OtherPrimeInfos", "value": 1},
    {"source": "PKCS-1.RSAPrivateKey", "target": "PKCS-1.Version", "value": 1},
    {"source": "NIST-HASH.id-sha256", "target": "NIST-HASH.hashAlgs", "value": 1},
    {"source": "NIST-HASH.id-sha512-256", "target": "NIST-HASH.hashAlgs", "value": 1},
    {"source": "PKCS-1.sha256WithRSAEncryption", "target": "PKCS-1.pkcs-1", "value": 1},
    {"source": "PKCS-1.DigestAlgorithm", "target": "PKCS-1.AlgorithmIdentifier", "value": 1},
    {"source": "PKCS-1.DigestAlgorithm", "target": "PKCS-1.PKCS1-v1-5DigestAlgorithms", "value": 1},
    {"source": "PKCS-1.id-RSASSA-PSS", "target": "PKCS-1.pkcs-1", "value": 1},
    {"source": "PKCS-1.OAEP-PSSDigestAlgorithms", "target": "PKCS-1.ALGORITHM-IDENTIFIER", "value": 1},
    {"source": "NIST-HASH.id-sha3-256", "target": "NIST-HASH.hashAlgs", "value": 1},
    {"source": "NIST-HASH.id-hmacWithSHA3-512", "target": "NIST-HASH.hashAlgs", "value": 1},
    {"source": "PKCS-1.AlgorithmIdentifier", "target": "PKCS-1.ALGORITHM-IDENTIFIER", "value": 1},
    {"source": "PKCS-1.AlgorithmIdentifier", "target": "PKCS-1.ALGORITHM-IDENTIFIER", "value": 1},
    {"source": "PKCS-1.AlgorithmIdentifier", "target": "PKCS-1.ALGORITHM-IDENTIFIER", "value": 1},
    {"source": "NIST-HASH.id-shake256", "target": "NIST-HASH.hashAlgs", "value": 1},
    {"source": "PKCS-1.rSASSA-PSS-Default-Identifier", "target": "PKCS-1.id-RSASSA-PSS", "value": 1},
    {"source": "PKCS-1.rSASSA-PSS-Default-Identifier", "target": "PKCS-1.RSASSA-PSS-params", "value": 1},
    {"source": "PKCS-1.rSASSA-PSS-Default-Identifier", "target": "PKCS-1.mgf1SHA1", "value": 1},
    {"source": "PKCS-1.rSASSA-PSS-Default-Identifier", "target": "PKCS-1.sha1", "value": 1},
    {"source": "PKCS-1.rSASSA-PSS-Default-Identifier", "target": "PKCS-1.RSASSA-AlgorithmIdentifier", "value": 1},
    {"source": "NIST-HASH.id-sha3-224", "target": "NIST-HASH.hashAlgs", "value": 1},
    {"source": "NIST-HASH.id-hmacWithSHA3-256", "target": "NIST-HASH.hashAlgs", "value": 1},
    {"source": "PKCS-1.RSAES-OAEP-params", "target": "PKCS-1.HashAlgorithm", "value": 1},
    {"source": "PKCS-1.RSAES-OAEP-params", "target": "PKCS-1.MaskGenAlgorithm", "value": 1},
    {"source": "PKCS-1.RSAES-OAEP-params", "target": "PKCS-1.sha1", "value": 1},
    {"source": "PKCS-1.RSAES-OAEP-params", "target": "PKCS-1.pSpecifiedEmpty", "value": 1},
    {"source": "PKCS-1.RSAES-OAEP-params", "target": "PKCS-1.mgf1SHA1", "value": 1},
    {"source": "PKCS-1.RSAES-OAEP-params", "target": "PKCS-1.PSourceAlgorithm", "value": 1},
    {"source": "NIST-HASH.id-sha224", "target": "NIST-HASH.hashAlgs", "value": 1},
    {"source": "NIST-HASH.id-sha384", "target": "NIST-HASH.hashAlgs", "value": 1},
    {"source": "NIST-HASH.hashAlgs", "target": "NIST-HASH.nistAlgorithms", "value": 1},
    {"source": "NIST-HASH.id-shake128", "target": "NIST-HASH.hashAlgs", "value": 1},
    {"source": "PKCS-1.HashAlgorithm", "target": "PKCS-1.AlgorithmIdentifier", "value": 1},
    {"source": "PKCS-1.HashAlgorithm", "target": "PKCS-1.OAEP-PSSDigestAlgorithms", "value": 1},
    {"source": "PKCS-1.sha384WithRSAEncryption", "target": "PKCS-1.pkcs-1", "value": 1},
    {"source": "PKCS-1.sha512WithRSAEncryption", "target": "PKCS-1.pkcs-1", "value": 1},
    {"source": "PKCS-1.PKCS1MGFAlgorithms", "target": "PKCS-1.HashAlgorithm", "value": 1},
    {"source": "PKCS-1.PKCS1MGFAlgorithms", "target": "PKCS-1.ALGORITHM-IDENTIFIER", "value": 1},
    {"source": "PKCS-1.pSpecifiedEmpty", "target": "PKCS-1.EncodingParameters", "value": 1},
    {"source": "PKCS-1.pSpecifiedEmpty", "target": "PKCS-1.emptyString", "value": 1},
    {"source": "PKCS-1.pSpecifiedEmpty", "target": "PKCS-1.id-pSpecified", "value": 1},
    {"source": "PKCS-1.pSpecifiedEmpty", "target": "PKCS-1.PSourceAlgorithm", "value": 1},
    {"source": "PKCS-1.rSAES-OAEP-Default-Identifier", "target": "PKCS-1.pSpecifiedEmpty", "value": 1},
    {"source": "PKCS-1.rSAES-OAEP-Default-Identifier", "target": "PKCS-1.id-RSAES-OAEP", "value": 1},
    {"source": "PKCS-1.rSAES-OAEP-Default-Identifier", "target": "PKCS-1.sha1", "value": 1},
    {"source": "PKCS-1.rSAES-OAEP-Default-Identifier", "target": "PKCS-1.RSAES-AlgorithmIdentifier", "value": 1},
    {"source": "PKCS-1.rSAES-OAEP-Default-Identifier", "target": "PKCS-1.mgf1SHA1", "value": 1},
    {"source": "PKCS-1.rSAES-OAEP-Default-Identifier", "target": "PKCS-1.RSAES-OAEP-params", "value": 1},
    {"source": "PKCS-1.PKCS1-v1-5DigestAlgorithms", "target": "PKCS-1.ALGORITHM-IDENTIFIER", "value": 1},
    {"source": "NIST-HASH.id-sha3-384", "target": "NIST-HASH.hashAlgs", "value": 1},
    {"source": "PKCS-1.RSASSA-AlgorithmIdentifier", "target": "PKCS-1.AlgorithmIdentifier", "value": 1},
    {"source": "PKCS-1.RSASSA-AlgorithmIdentifier", "target": "PKCS-1.PKCS1Algorithms", "value": 1},
    {"source": "PKCS-1.RSASSA-PSS-params", "target": "PKCS-1.TrailerField", "value": 1},
    {"source": "PKCS-1.RSASSA-PSS-params", "target": "PKCS-1.HashAlgorithm", "value": 1},
    {"source": "PKCS-1.RSASSA-PSS-params", "target": "PKCS-1.MaskGenAlgorithm", "value": 1},
    {"source": "PKCS-1.RSASSA-PSS-params", "target": "PKCS-1.mgf1SHA1", "value": 1},
    {"source": "PKCS-1.RSASSA-PSS-params", "target": "PKCS-1.sha1", "value": 1},
    {"source": "PKCS-1.PKCS1PSourceAlgorithms", "target": "PKCS-1.EncodingParameters", "value": 1},
    {"source": "PKCS-1.PKCS1PSourceAlgorithms", "target": "PKCS-1.ALGORITHM-IDENTIFIER", "value": 1},
    {"source": "NIST-HASH.id-hmacWithSHA3-384", "target": "NIST-HASH.hashAlgs", "value": 1},
    {"source": "PKCS-1.id-mgf1", "target": "PKCS-1.pkcs-1", "value": 1},
    {"source": "PKCS-1.md5WithRSAEncryption", "target": "PKCS-1.pkcs-1", "value": 1},
    {"source": "PKCS-1.sha1", "target": "PKCS-1.HashAlgorithm", "value": 1},
    {"source": "PKCS-1.sha1", "target": "PKCS-1.SHA1Parameters", "value": 1},
    {"source": "PKCS-1.sha1", "target": "PKCS-1.id-sha1", "value": 1},
    {"source": "PKCS-1.rsaEncryption", "target": "PKCS-1.pkcs-1", "value": 1},
    {"source": "PKCS-1.PKCS1Algorithms", "target": "PKCS-1.PKCS1PSourceAlgorithms", "value": 1},
    {"source": "PKCS-1.PKCS1Algorithms", "target": "PKCS-1.RSASSA-PSS-params", "value": 1},
    {"source": "PKCS-1.PKCS1Algorithms", "target": "PKCS-1.ALGORITHM-IDENTIFIER", "value": 1},
    {"source": "PKCS-1.PKCS1Algorithms", "target": "PKCS-1.RSAES-OAEP-params", "value": 1},
    {"source": "PKCS-1.PSourceAlgorithm", "target": "PKCS-1.AlgorithmIdentifier", "value": 1},
    {"source": "PKCS-1.PSourceAlgorithm", "target": "PKCS-1.PKCS1PSourceAlgorithms", "value": 1},
    {"source": "PKCS-1.emptyString", "target": "PKCS-1.EncodingParameters", "value": 1}
  ]
}
