{
  "_comment": "code automatically generated by pycrate_asn1c",
  "nodes": [
    {"id": "PKIX1Algorithms2008.id-sha224", "group": 2},
    {"id": "PKIX1Algorithms2008.id-sha256", "group": 2},
    {"id": "PKIX1Algorithms2008.id-sha384", "group": 2},
    {"id": "PKIX1Algorithms2008.id-sha512", "group": 2},
    {"id": "PKIX1Algorithms2008.id-md2", "group": 2},
    {"id": "PKIX1Algorithms2008.id-md5", "group": 2},
    {"id": "PKIX1Algorithms2008.id-sha1", "group": 2},
    {"id": "PKIX1Algorithms2008.rsaEncryption", "group": 2},
    {"id": "PKIX1Algorithms2008.RSAPublicKey", "group": 2},
    {"id": "PKIX1Algorithms2008.id-dsa", "group": 2},
    {"id": "PKIX1Algorithms2008.DSAPublicKey", "group": 2},
    {"id": "PKIX1Algorithms2008.DSS-Parms", "group": 2},
    {"id": "PKIX1Algorithms2008.dhpublicnumber", "group": 2},
    {"id": "PKIX1Algorithms2008.DHPublicKey", "group": 2},
    {"id": "PKIX1Algorithms2008.DomainParameters", "group": 2},
    {"id": "PKIX1Algorithms2008.ValidationParms", "group": 2},
    {"id": "PKIX1Algorithms2008.id-keyExchangeAlgorithm", "group": 2},
    {"id": "PKIX1Algorithms2008.KEA-Parms-Id", "group": 2},
    {"id": "PKIX1Algorithms2008.id-ecPublicKey", "group": 2},
    {"id": "PKIX1Algorithms2008.ECPoint", "group": 2},
    {"id": "PKIX1Algorithms2008.ECParameters", "group": 2},
    {"id": "PKIX1Algorithms2008.id-ecDH", "group": 2},
    {"id": "PKIX1Algorithms2008.id-ecMQV", "group": 2},
    {"id": "PKIX1Algorithms2008.md2WithRSAEncryption", "group": 2},
    {"id": "PKIX1Algorithms2008.md5WithRSAEncryption", "group": 2},
    {"id": "PKIX1Algorithms2008.sha1WithRSAEncryption", "group": 2},
    {"id": "PKIX1Algorithms2008.id-dsa-with-sha1", "group": 2},
    {"id": "PKIX1Algorithms2008.id-dsa-with-sha224", "group": 2},
    {"id": "PKIX1Algorithms2008.id-dsa-with-sha256", "group": 2},
    {"id": "PKIX1Algorithms2008.ecdsa-with-SHA1", "group": 2},
    {"id": "PKIX1Algorithms2008.ecdsa-with-SHA224", "group": 2},
    {"id": "PKIX1Algorithms2008.ecdsa-with-SHA256", "group": 2},
    {"id": "PKIX1Algorithms2008.ecdsa-with-SHA384", "group": 2},
    {"id": "PKIX1Algorithms2008.ecdsa-with-SHA512", "group": 2},
    {"id": "PKIX1Algorithms2008.DSA-Sig-Value", "group": 2},
    {"id": "PKIX1Algorithms2008.ECDSA-Sig-Value", "group": 2},
    {"id": "PKIX1Algorithms2008.secp192r1", "group": 2},
    {"id": "PKIX1Algorithms2008.sect163k1", "group": 2},
    {"id": "PKIX1Algorithms2008.sect163r2", "group": 2},
    {"id": "PKIX1Algorithms2008.secp224r1", "group": 2},
    {"id": "PKIX1Algorithms2008.sect233k1", "group": 2},
    {"id": "PKIX1Algorithms2008.sect233r1", "group": 2},
    {"id": "PKIX1Algorithms2008.secp256r1", "group": 2},
    {"id": "PKIX1Algorithms2008.sect283k1", "group": 2},
    {"id": "PKIX1Algorithms2008.sect283r1", "group": 2},
    {"id": "PKIX1Algorithms2008.secp384r1", "group": 2},
    {"id": "PKIX1Algorithms2008.sect409k1", "group": 2},
    {"id": "PKIX1Algorithms2008.sect409r1", "group": 2},
    {"id": "PKIX1Algorithms2008.secp521r1", "group": 2},
    {"id": "PKIX1Algorithms2008.sect571k1", "group": 2}
  ],
  "links": [
    {"source": "PKIX1Algorithms2008.DomainParameters", "target": "PKIX1Algorithms2008.ValidationParms", "value": 1}
  ]
}
