{
  "_comment": "code automatically generated by pycrate_asn1c",
  "nodes": [
    {"id": "PKIX1Explicit88.id-pkix", "group": 2},
    {"id": "PKIX1Explicit88.id-pe", "group": 2},
    {"id": "PKIX1Explicit88.id-qt", "group": 2},
    {"id": "PKIX1Explicit88.id-kp", "group": 2},
    {"id": "PKIX1Explicit88.id-ad", "group": 2},
    {"id": "PKIX1Explicit88.id-qt-cps", "group": 2},
    {"id": "PKIX1Explicit88.id-qt-unotice", "group": 2},
    {"id": "PKIX1Explicit88.id-ad-ocsp", "group": 2},
    {"id": "PKIX1Explicit88.id-ad-caIssuers", "group": 2},
    {"id": "PKIX1Explicit88.id-ad-timeStamping", "group": 2},
    {"id": "PKIX1Explicit88.id-ad-caRepository", "group": 2},
    {"id": "PKIX1Explicit88.Attribute", "group": 2},
    {"id": "PKIX1Explicit88.AttributeType", "group": 2},
    {"id": "PKIX1Explicit88.AttributeValue", "group": 2},
    {"id": "PKIX1Explicit88.AttributeTypeAndValue", "group": 2},
    {"id": "PKIX1Explicit88.id-at", "group": 2},
    {"id": "PKIX1Explicit88.id-at-name", "group": 2},
    {"id": "PKIX1Explicit88.id-at-surname", "group": 2},
    {"id": "PKIX1Explicit88.id-at-givenName", "group": 2},
    {"id": "PKIX1Explicit88.id-at-initials", "group": 2},
    {"id": "PKIX1Explicit88.id-at-generationQualifier", "group": 2},
    {"id": "PKIX1Explicit88.id-at-commonName", "group": 2},
    {"id": "PKIX1Explicit88.id-at-localityName", "group": 2},
    {"id": "PKIX1Explicit88.id-at-stateOrProvinceName", "group": 2},
    {"id": "PKIX1Explicit88.id-at-organizationName", "group": 2},
    {"id": "PKIX1Explicit88.id-at-organizationalUnitName", "group": 2},
    {"id": "PKIX1Explicit88.id-at-title", "group": 2},
    {"id": "PKIX1Explicit88.id-at-dnQualifier", "group": 2},
    {"id": "PKIX1Explicit88.X520dnQualifier", "group": 2},
    {"id": "PKIX1Explicit88.id-at-countryName", "group": 2},
    {"id": "PKIX1Explicit88.X520countryName", "group": 2},
    {"id": "PKIX1Explicit88.id-at-serialNumber", "group": 2},
    {"id": "PKIX1Explicit88.id-at-pseudonym", "group": 2},
    {"id": "PKIX1Explicit88.id-domainComponent", "group": 2},
    {"id": "PKIX1Explicit88.DomainComponent", "group": 2},
    {"id": "PKIX1Explicit88.pkcs-9", "group": 2},
    {"id": "PKIX1Explicit88.id-emailAddress", "group": 2},
    {"id": "PKIX1Explicit88.Name", "group": 2},
    {"id": "PKIX1Explicit88.RDNSequence", "group": 2},
    {"id": "PKIX1Explicit88.DistinguishedName", "group": 2},
    {"id": "PKIX1Explicit88.RelativeDistinguishedName", "group": 2},
    {"id": "PKIX1Explicit88.DirectoryString", "group": 2},
    {"id": "PKIX1Explicit88.Certificate", "group": 2},
    {"id": "PKIX1Explicit88.Version", "group": 2},
    {"id": "PKIX1Explicit88.CertificateSerialNumber", "group": 2},
    {"id": "PKIX1Explicit88.Validity", "group": 2},
    {"id": "PKIX1Explicit88.Time", "group": 2},
    {"id": "PKIX1Explicit88.UniqueIdentifier", "group": 2},
    {"id": "PKIX1Explicit88.SubjectPublicKeyInfo", "group": 2},
    {"id": "PKIX1Explicit88.Extensions", "group": 2},
    {"id": "PKIX1Explicit88.Extension", "group": 2},
    {"id": "PKIX1Explicit88.CertificateList", "group": 2},
    {"id": "PKIX1Explicit88.TBSCertList", "group": 2},
    {"id": "PKIX1Explicit88.AlgorithmIdentifier", "group": 2},
    {"id": "PKIX1Explicit88.ORAddress", "group": 2},
    {"id": "PKIX1Explicit88.NetworkAddress", "group": 2},
    {"id": "PKIX1Explicit88.common-name", "group": 2},
    {"id": "PKIX1Explicit88.teletex-common-name", "group": 2},
    {"id": "PKIX1Explicit88.teletex-organization-name", "group": 2},
    {"id": "PKIX1Explicit88.teletex-personal-name", "group": 2},
    {"id": "PKIX1Explicit88.teletex-organizational-unit-names", "group": 2},
    {"id": "PKIX1Explicit88.pds-name", "group": 2},
    {"id": "PKIX1Explicit88.physical-delivery-country-name", "group": 2},
    {"id": "PKIX1Explicit88.postal-code", "group": 2},
    {"id": "PKIX1Explicit88.physical-delivery-office-name", "group": 2},
    {"id": "PKIX1Explicit88.PhysicalDeliveryOfficeName", "group": 2},
    {"id": "PKIX1Explicit88.physical-delivery-office-number", "group": 2},
    {"id": "PKIX1Explicit88.PhysicalDeliveryOfficeNumber", "group": 2},
    {"id": "PKIX1Explicit88.extension-OR-address-components", "group": 2},
    {"id": "PKIX1Explicit88.ExtensionORAddressComponents", "group": 2},
    {"id": "PKIX1Explicit88.physical-delivery-personal-name", "group": 2},
    {"id": "PKIX1Explicit88.PhysicalDeliveryPersonalName", "group": 2},
    {"id": "PKIX1Explicit88.physical-delivery-organization-name", "group": 2},
    {"id": "PKIX1Explicit88.PhysicalDeliveryOrganizationName", "group": 2},
    {"id": "PKIX1Explicit88.extension-physical-delivery-address-components", "group": 2},
    {"id": "PKIX1Explicit88.ExtensionPhysicalDeliveryAddressComponents", "group": 2},
    {"id": "PKIX1Explicit88.unformatted-postal-address", "group": 2},
    {"id": "PKIX1Explicit88.street-address", "group": 2},
    {"id": "PKIX1Explicit88.StreetAddress", "group": 2},
    {"id": "PKIX1Explicit88.post-office-box-address", "group": 2},
    {"id": "PKIX1Explicit88.PostOfficeBoxAddress", "group": 2},
    {"id": "PKIX1Explicit88.poste-restante-address", "group": 2},
    {"id": "PKIX1Explicit88.PosteRestanteAddress", "group": 2},
    {"id": "PKIX1Explicit88.unique-postal-name", "group": 2},
    {"id": "PKIX1Explicit88.UniquePostalName", "group": 2},
    {"id": "PKIX1Explicit88.local-postal-attributes", "group": 2},
    {"id": "PKIX1Explicit88.LocalPostalAttributes", "group": 2},
    {"id": "PKIX1Explicit88.extended-network-address", "group": 2},
    {"id": "PKIX1Explicit88.PresentationAddress", "group": 2},
    {"id": "PKIX1Explicit88.terminal-type", "group": 2},
    {"id": "PKIX1Explicit88.teletex-domain-defined-attributes", "group": 2},
    {"id": "PKIX1Explicit88.ub-name", "group": 2},
    {"id": "PKIX1Explicit88.ub-common-name", "group": 2},
    {"id": "PKIX1Explicit88.ub-locality-name", "group": 2},
    {"id": "PKIX1Explicit88.ub-state-name", "group": 2},
    {"id": "PKIX1Explicit88.ub-organization-name", "group": 2},
    {"id": "PKIX1Explicit88.ub-organizational-unit-name", "group": 2},
    {"id": "PKIX1Explicit88.ub-title", "group": 2},
    {"id": "PKIX1Explicit88.ub-serial-number", "group": 2},
    {"id": "PKIX1Explicit88.ub-match", "group": 2},
    {"id": "PKIX1Explicit88.ub-emailaddress-length", "group": 2},
    {"id": "PKIX1Explicit88.ub-common-name-length", "group": 2},
    {"id": "PKIX1Explicit88.ub-country-name-alpha-length", "group": 2},
    {"id": "PKIX1Explicit88.ub-country-name-numeric-length", "group": 2},
    {"id": "PKIX1Explicit88.ub-domain-defined-attributes", "group": 2},
    {"id": "PKIX1Explicit88.ub-domain-defined-attribute-type-length", "group": 2},
    {"id": "PKIX1Explicit88.ub-domain-defined-attribute-value-length", "group": 2},
    {"id": "PKIX1Explicit88.ub-domain-name-length", "group": 2},
    {"id": "PKIX1Explicit88.ub-extension-attributes", "group": 2},
    {"id": "PKIX1Explicit88.ub-e163-4-number-length", "group": 2},
    {"id": "PKIX1Explicit88.ub-e163-4-sub-address-length", "group": 2},
    {"id": "PKIX1Explicit88.ub-generation-qualifier-length", "group": 2},
    {"id": "PKIX1Explicit88.ub-given-name-length", "group": 2},
    {"id": "PKIX1Explicit88.ub-initials-length", "group": 2},
    {"id": "PKIX1Explicit88.ub-integer-options", "group": 2},
    {"id": "PKIX1Explicit88.ub-numeric-user-id-length", "group": 2},
    {"id": "PKIX1Explicit88.ub-organization-name-length", "group": 2},
    {"id": "PKIX1Explicit88.ub-organizational-unit-name-length", "group": 2},
    {"id": "PKIX1Explicit88.ub-organizational-units", "group": 2},
    {"id": "PKIX1Explicit88.ub-pds-name-length", "group": 2},
    {"id": "PKIX1Explicit88.ub-pds-parameter-length", "group": 2},
    {"id": "PKIX1Explicit88.ub-pds-physical-address-lines", "group": 2},
    {"id": "PKIX1Explicit88.ub-postal-code-length", "group": 2},
    {"id": "PKIX1Explicit88.ub-pseudonym", "group": 2},
    {"id": "PKIX1Explicit88.ub-surname-length", "group": 2},
    {"id": "PKIX1Explicit88.ub-terminal-id-length", "group": 2},
    {"id": "PKIX1Explicit88.ub-unformatted-address-length", "group": 2},
    {"id": "PKIX1Explicit88.ub-x121-address-length", "group": 2},
    {"id": "PKIX1Implicit88.id-ce", "group": 3},
    {"id": "PKIX1Implicit88.id-ce-authorityKeyIdentifier", "group": 3},
    {"id": "PKIX1Implicit88.AuthorityKeyIdentifier", "group": 3},
    {"id": "PKIX1Implicit88.KeyIdentifier", "group": 3},
    {"id": "PKIX1Implicit88.id-ce-subjectKeyIdentifier", "group": 3},
    {"id": "PKIX1Implicit88.SubjectKeyIdentifier", "group": 3},
    {"id": "PKIX1Implicit88.id-ce-keyUsage", "group": 3},
    {"id": "PKIX1Implicit88.KeyUsage", "group": 3},
    {"id": "PKIX1Implicit88.id-ce-privateKeyUsagePeriod", "group": 3},
    {"id": "PKIX1Implicit88.PrivateKeyUsagePeriod", "group": 3},
    {"id": "PKIX1Implicit88.id-ce-certificatePolicies", "group": 3},
    {"id": "PKIX1Implicit88.anyPolicy", "group": 3},
    {"id": "PKIX1Implicit88.CertificatePolicies", "group": 3},
    {"id": "PKIX1Implicit88.PolicyInformation", "group": 3},
    {"id": "PKIX1Implicit88.CertPolicyId", "group": 3},
    {"id": "PKIX1Implicit88.PolicyQualifierInfo", "group": 3},
    {"id": "PKIX1Implicit88.PolicyQualifierId", "group": 3},
    {"id": "PKIX1Implicit88.CPSuri", "group": 3},
    {"id": "PKIX1Implicit88.UserNotice", "group": 3},
    {"id": "PKIX1Implicit88.NoticeReference", "group": 3},
    {"id": "PKIX1Implicit88.DisplayText", "group": 3},
    {"id": "PKIX1Implicit88.id-ce-policyMappings", "group": 3},
    {"id": "PKIX1Implicit88.PolicyMappings", "group": 3},
    {"id": "PKIX1Implicit88.id-ce-subjectAltName", "group": 3},
    {"id": "PKIX1Implicit88.SubjectAltName", "group": 3},
    {"id": "PKIX1Implicit88.GeneralNames", "group": 3},
    {"id": "PKIX1Implicit88.GeneralName", "group": 3},
    {"id": "PKIX1Implicit88.AnotherName", "group": 3},
    {"id": "PKIX1Implicit88.EDIPartyName", "group": 3},
    {"id": "PKIX1Implicit88.id-ce-issuerAltName", "group": 3},
    {"id": "PKIX1Implicit88.IssuerAltName", "group": 3},
    {"id": "PKIX1Implicit88.id-ce-subjectDirectoryAttributes", "group": 3},
    {"id": "PKIX1Implicit88.SubjectDirectoryAttributes", "group": 3},
    {"id": "PKIX1Implicit88.id-ce-basicConstraints", "group": 3},
    {"id": "PKIX1Implicit88.BasicConstraints", "group": 3},
    {"id": "PKIX1Implicit88.id-ce-nameConstraints", "group": 3},
    {"id": "PKIX1Implicit88.NameConstraints", "group": 3},
    {"id": "PKIX1Implicit88.GeneralSubtrees", "group": 3},
    {"id": "PKIX1Implicit88.GeneralSubtree", "group": 3},
    {"id": "PKIX1Implicit88.BaseDistance", "group": 3},
    {"id": "PKIX1Implicit88.id-ce-policyConstraints", "group": 3},
    {"id": "PKIX1Implicit88.PolicyConstraints", "group": 3},
    {"id": "PKIX1Implicit88.SkipCerts", "group": 3},
    {"id": "PKIX1Implicit88.id-ce-cRLDistributionPoints", "group": 3},
    {"id": "PKIX1Implicit88.CRLDistributionPoints", "group": 3},
    {"id": "PKIX1Implicit88.DistributionPoint", "group": 3},
    {"id": "PKIX1Implicit88.DistributionPointName", "group": 3},
    {"id": "PKIX1Implicit88.ReasonFlags", "group": 3},
    {"id": "PKIX1Implicit88.id-ce-extKeyUsage", "group": 3},
    {"id": "PKIX1Implicit88.ExtKeyUsageSyntax", "group": 3},
    {"id": "PKIX1Implicit88.KeyPurposeId", "group": 3},
    {"id": "PKIX1Implicit88.anyExtendedKeyUsage", "group": 3},
    {"id": "PKIX1Implicit88.id-kp-serverAuth", "group": 3},
    {"id": "PKIX1Implicit88.id-kp-clientAuth", "group": 3},
    {"id": "PKIX1Implicit88.id-kp-codeSigning", "group": 3},
    {"id": "PKIX1Implicit88.id-kp-emailProtection", "group": 3},
    {"id": "PKIX1Implicit88.id-kp-timeStamping", "group": 3},
    {"id": "PKIX1Implicit88.id-kp-OCSPSigning", "group": 3},
    {"id": "PKIX1Implicit88.id-ce-inhibitAnyPolicy", "group": 3},
    {"id": "PKIX1Implicit88.InhibitAnyPolicy", "group": 3},
    {"id": "PKIX1Implicit88.id-ce-freshestCRL", "group": 3},
    {"id": "PKIX1Implicit88.FreshestCRL", "group": 3},
    {"id": "PKIX1Implicit88.id-pe-authorityInfoAccess", "group": 3},
    {"id": "PKIX1Implicit88.AuthorityInfoAccessSyntax", "group": 3},
    {"id": "PKIX1Implicit88.AccessDescription", "group": 3},
    {"id": "PKIX1Implicit88.id-pe-subjectInfoAccess", "group": 3},
    {"id": "PKIX1Implicit88.SubjectInfoAccessSyntax", "group": 3},
    {"id": "PKIX1Implicit88.id-ce-cRLNumber", "group": 3},
    {"id": "PKIX1Implicit88.CRLNumber", "group": 3},
    {"id": "PKIX1Implicit88.id-ce-issuingDistributionPoint", "group": 3},
    {"id": "PKIX1Implicit88.IssuingDistributionPoint", "group": 3},
    {"id": "PKIX1Implicit88.id-ce-deltaCRLIndicator", "group": 3},
    {"id": "PKIX1Implicit88.BaseCRLNumber", "group": 3},
    {"id": "PKIX1Implicit88.id-ce-cRLReasons", "group": 3},
    {"id": "PKIX1Implicit88.CRLReason", "group": 3},
    {"id": "PKIX1Implicit88.id-ce-certificateIssuer", "group": 3},
    {"id": "PKIX1Implicit88.CertificateIssuer", "group": 3},
    {"id": "PKIX1Implicit88.id-ce-holdInstructionCode", "group": 3},
    {"id": "PKIX1Implicit88.HoldInstructionCode", "group": 3},
    {"id": "PKIX1Implicit88.holdInstruction", "group": 3},
    {"id": "PKIX1Implicit88.id-holdinstruction-none", "group": 3},
    {"id": "PKIX1Implicit88.id-holdinstruction-callissuer", "group": 3},
    {"id": "PKIX1Implicit88.id-holdinstruction-reject", "group": 3},
    {"id": "PKIX1Implicit88.id-ce-invalidityDate", "group": 3},
    {"id": "PKIX1Implicit88.InvalidityDate", "group": 3},
    {"id": "PKIXAttributeCertificate.id-pe-ac-auditIdentity", "group": 4},
    {"id": "PKIXAttributeCertificate.id-pe-aaControls", "group": 4},
    {"id": "PKIXAttributeCertificate.id-pe-ac-proxying", "group": 4},
    {"id": "PKIXAttributeCertificate.id-ce-targetInformation", "group": 4},
    {"id": "PKIXAttributeCertificate.id-aca", "group": 4},
    {"id": "PKIXAttributeCertificate.id-aca-authenticationInfo", "group": 4},
    {"id": "PKIXAttributeCertificate.id-aca-accessIdentity", "group": 4},
    {"id": "PKIXAttributeCertificate.id-aca-chargingIdentity", "group": 4},
    {"id": "PKIXAttributeCertificate.id-aca-group", "group": 4},
    {"id": "PKIXAttributeCertificate.id-aca-encAttrs", "group": 4},
    {"id": "PKIXAttributeCertificate.id-at-role", "group": 4},
    {"id": "PKIXAttributeCertificate.id-at-clearance", "group": 4},
    {"id": "PKIXAttributeCertificate.AttributeCertificate", "group": 4},
    {"id": "PKIXAttributeCertificate.AttributeCertificateInfo", "group": 4},
    {"id": "PKIXAttributeCertificate.AttCertVersion", "group": 4},
    {"id": "PKIXAttributeCertificate.Holder", "group": 4},
    {"id": "PKIXAttributeCertificate.ObjectDigestInfo", "group": 4},
    {"id": "PKIXAttributeCertificate.AttCertIssuer", "group": 4},
    {"id": "PKIXAttributeCertificate.V2Form", "group": 4},
    {"id": "PKIXAttributeCertificate.IssuerSerial", "group": 4},
    {"id": "PKIXAttributeCertificate.AttCertValidityPeriod", "group": 4},
    {"id": "PKIXAttributeCertificate.Targets", "group": 4},
    {"id": "PKIXAttributeCertificate.Target", "group": 4},
    {"id": "PKIXAttributeCertificate.TargetCert", "group": 4},
    {"id": "PKIXAttributeCertificate.IetfAttrSyntax", "group": 4},
    {"id": "PKIXAttributeCertificate.SvceAuthInfo", "group": 4},
    {"id": "PKIXAttributeCertificate.RoleSyntax", "group": 4},
    {"id": "PKIXAttributeCertificate.ClassList", "group": 4},
    {"id": "PKIXAttributeCertificate.SecurityCategory", "group": 4},
    {"id": "PKIXAttributeCertificate.AAControls", "group": 4},
    {"id": "PKIXAttributeCertificate.AttrSpec", "group": 4},
    {"id": "PKIXAttributeCertificate.ACClearAttrs", "group": 4},
    {"id": "PKIXAttributeCertificate.ProxyInfo", "group": 4},
    {"id": "PKIX1Explicit88.X520name", "group": 2},
    {"id": "PKIX1Explicit88.X520CommonName", "group": 2},
    {"id": "PKIX1Explicit88.X520LocalityName", "group": 2},
    {"id": "PKIX1Explicit88.X520StateOrProvinceName", "group": 2},
    {"id": "PKIX1Explicit88.X520OrganizationName", "group": 2},
    {"id": "PKIX1Explicit88.X520OrganizationalUnitName", "group": 2},
    {"id": "PKIX1Explicit88.X520Title", "group": 2},
    {"id": "PKIX1Explicit88.X520SerialNumber", "group": 2},
    {"id": "PKIX1Explicit88.X520Pseudonym", "group": 2},
    {"id": "PKIX1Explicit88.EmailAddress", "group": 2},
    {"id": "PKIX1Explicit88.TBSCertificate", "group": 2},
    {"id": "PKIX1Explicit88.BuiltInStandardAttributes", "group": 2},
    {"id": "PKIX1Explicit88.CountryName", "group": 2},
    {"id": "PKIX1Explicit88.AdministrationDomainName", "group": 2},
    {"id": "PKIX1Explicit88.X121Address", "group": 2},
    {"id": "PKIX1Explicit88.TerminalIdentifier", "group": 2},
    {"id": "PKIX1Explicit88.PrivateDomainName", "group": 2},
    {"id": "PKIX1Explicit88.OrganizationName", "group": 2},
    {"id": "PKIX1Explicit88.NumericUserIdentifier", "group": 2},
    {"id": "PKIX1Explicit88.PersonalName", "group": 2},
    {"id": "PKIX1Explicit88.OrganizationalUnitNames", "group": 2},
    {"id": "PKIX1Explicit88.OrganizationalUnitName", "group": 2},
    {"id": "PKIX1Explicit88.BuiltInDomainDefinedAttributes", "group": 2},
    {"id": "PKIX1Explicit88.BuiltInDomainDefinedAttribute", "group": 2},
    {"id": "PKIX1Explicit88.ExtensionAttributes", "group": 2},
    {"id": "PKIX1Explicit88.ExtensionAttribute", "group": 2},
    {"id": "PKIX1Explicit88.CommonName", "group": 2},
    {"id": "PKIX1Explicit88.TeletexCommonName", "group": 2},
    {"id": "PKIX1Explicit88.TeletexOrganizationName", "group": 2},
    {"id": "PKIX1Explicit88.TeletexPersonalName", "group": 2},
    {"id": "PKIX1Explicit88.TeletexOrganizationalUnitNames", "group": 2},
    {"id": "PKIX1Explicit88.TeletexOrganizationalUnitName", "group": 2},
    {"id": "PKIX1Explicit88.PDSName", "group": 2},
    {"id": "PKIX1Explicit88.PhysicalDeliveryCountryName", "group": 2},
    {"id": "PKIX1Explicit88.PostalCode", "group": 2},
    {"id": "PKIX1Explicit88.UnformattedPostalAddress", "group": 2},
    {"id": "PKIX1Explicit88.PDSParameter", "group": 2},
    {"id": "PKIX1Explicit88.ExtendedNetworkAddress", "group": 2},
    {"id": "PKIX1Explicit88.TerminalType", "group": 2},
    {"id": "PKIX1Explicit88.TeletexDomainDefinedAttributes", "group": 2},
    {"id": "PKIX1Explicit88.TeletexDomainDefinedAttribute", "group": 2}
  ],
  "links": [
    {"source": "PKIX1Implicit88.SubjectAltName", "target": "PKIX1Implicit88.GeneralNames", "value": 1},
    {"source": "PKIX1Implicit88.PolicyInformation", "target": "PKIX1Implicit88.CertPolicyId", "value": 1},
    {"source": "PKIX1Implicit88.PolicyInformation", "target": "PKIX1Implicit88.PolicyQualifierInfo", "value": 1},
    {"source": "PKIX1Implicit88.id-kp-codeSigning", "target": "PKIX1Explicit88.id-kp", "value": 1},
    {"source": "PKIX1Explicit88.AdministrationDomainName", "target": "PKIX1Explicit88.ub-domain-name-length", "value": 1},
    {"source": "PKIX1Explicit88.id-at-countryName", "target": "PKIX1Explicit88.AttributeType", "value": 1},
    {"source": "PKIX1Explicit88.id-at-countryName", "target": "PKIX1Explicit88.id-at", "value": 1},
    {"source": "PKIX1Explicit88.PhysicalDeliveryOfficeNumber", "target": "PKIX1Explicit88.PDSParameter", "value": 1},
    {"source": "PKIX1Implicit88.PolicyQualifierInfo", "target": "PKIX1Implicit88.PolicyQualifierId", "value": 1},
    {"source": "PKIX1Implicit88.ExtKeyUsageSyntax", "target": "PKIX1Implicit88.KeyPurposeId", "value": 1},
    {"source": "PKIX1Explicit88.id-at-commonName", "target": "PKIX1Explicit88.AttributeType", "value": 1},
    {"source": "PKIX1Explicit88.id-at-commonName", "target": "PKIX1Explicit88.id-at", "value": 1},
    {"source": "PKIX1Explicit88.id-qt-cps", "target": "PKIX1Explicit88.id-qt", "value": 1},
    {"source": "PKIXAttributeCertificate.id-aca-accessIdentity", "target": "PKIXAttributeCertificate.id-aca", "value": 1},
    {"source": "PKIX1Explicit88.id-ad-caIssuers", "target": "PKIX1Explicit88.id-ad", "value": 1},
    {"source": "PKIXAttributeCertificate.ProxyInfo", "target": "PKIXAttributeCertificate.Targets", "value": 1},
    {"source": "PKIX1Explicit88.PersonalName", "target": "PKIX1Explicit88.ub-initials-length", "value": 1},
    {"source": "PKIX1Explicit88.PersonalName", "target": "PKIX1Explicit88.ub-given-name-length", "value": 1},
    {"source": "PKIX1Explicit88.PersonalName", "target": "PKIX1Explicit88.ub-generation-qualifier-length", "value": 1},
    {"source": "PKIX1Explicit88.PersonalName", "target": "PKIX1Explicit88.ub-surname-length", "value": 1},
    {"source": "PKIX1Implicit88.EDIPartyName", "target": "PKIX1Explicit88.DirectoryString", "value": 1},
    {"source": "PKIX1Implicit88.id-ce-subjectKeyIdentifier", "target": "PKIX1Implicit88.id-ce", "value": 1},
    {"source": "PKIX1Implicit88.DistributionPoint", "target": "PKIX1Implicit88.GeneralNames", "value": 1},
    {"source": "PKIX1Implicit88.DistributionPoint", "target": "PKIX1Implicit88.ReasonFlags", "value": 1},
    {"source": "PKIX1Implicit88.DistributionPoint", "target": "PKIX1Implicit88.DistributionPointName", "value": 1},
    {"source": "PKIXAttributeCertificate.id-pe-ac-auditIdentity", "target": "PKIX1Explicit88.id-pe", "value": 1},
    {"source": "PKIX1Explicit88.X520OrganizationName", "target": "PKIX1Explicit88.ub-organization-name", "value": 1},
    {"source": "PKIX1Implicit88.CertificateIssuer", "target": "PKIX1Implicit88.GeneralNames", "value": 1},
    {"source": "PKIXAttributeCertificate.id-pe-aaControls", "target": "PKIX1Explicit88.id-pe", "value": 1},
    {"source": "PKIX1Implicit88.id-pe-authorityInfoAccess", "target": "PKIX1Explicit88.id-pe", "value": 1},
    {"source": "PKIX1Explicit88.PDSName", "target": "PKIX1Explicit88.ub-pds-name-length", "value": 1},
    {"source": "PKIX1Explicit88.id-at-pseudonym", "target": "PKIX1Explicit88.AttributeType", "value": 1},
    {"source": "PKIX1Explicit88.id-at-pseudonym", "target": "PKIX1Explicit88.id-at", "value": 1},
    {"source": "PKIX1Implicit88.anyPolicy", "target": "PKIX1Implicit88.id-ce-certificatePolicies", "value": 1},
    {"source": "PKIX1Implicit88.SubjectDirectoryAttributes", "target": "PKIX1Explicit88.Attribute", "value": 1},
    {"source": "PKIX1Explicit88.PhysicalDeliveryCountryName", "target": "PKIX1Explicit88.ub-country-name-alpha-length", "value": 1},
    {"source": "PKIX1Explicit88.PhysicalDeliveryCountryName", "target": "PKIX1Explicit88.ub-country-name-numeric-length", "value": 1},
    {"source": "PKIX1Explicit88.PostalCode", "target": "PKIX1Explicit88.ub-postal-code-length", "value": 1},
    {"source": "PKIX1Explicit88.id-domainComponent", "target": "PKIX1Explicit88.AttributeType", "value": 1},
    {"source": "PKIX1Explicit88.X520SerialNumber", "target": "PKIX1Explicit88.ub-serial-number", "value": 1},
    {"source": "PKIX1Implicit88.id-ce-nameConstraints", "target": "PKIX1Implicit88.id-ce", "value": 1},
    {"source": "PKIX1Explicit88.TeletexDomainDefinedAttributes", "target": "PKIX1Explicit88.ub-domain-defined-attributes", "value": 1},
    {"source": "PKIX1Explicit88.TeletexDomainDefinedAttributes", "target": "PKIX1Explicit88.TeletexDomainDefinedAttribute", "value": 1},
    {"source": "PKIX1Explicit88.id-at-initials", "target": "PKIX1Explicit88.AttributeType", "value": 1},
    {"source": "PKIX1Explicit88.id-at-initials", "target": "PKIX1Explicit88.id-at", "value": 1},
    {"source": "PKIX1Explicit88.TeletexOrganizationalUnitNames", "target": "PKIX1Explicit88.ub-organizational-units", "value": 1},
    {"source": "PKIX1Explicit88.TeletexOrganizationalUnitNames", "target": "PKIX1Explicit88.TeletexOrganizationalUnitName", "value": 1},
    {"source": "PKIX1Explicit88.X520Pseudonym", "target": "PKIX1Explicit88.ub-pseudonym", "value": 1},
    {"source": "PKIXAttributeCertificate.TargetCert", "target": "PKIX1Implicit88.GeneralName", "value": 1},
    {"source": "PKIXAttributeCertificate.TargetCert", "target": "PKIXAttributeCertificate.ObjectDigestInfo", "value": 1},
    {"source": "PKIXAttributeCertificate.TargetCert", "target": "PKIXAttributeCertificate.IssuerSerial", "value": 1},
    {"source": "PKIX1Implicit88.id-ce-freshestCRL", "target": "PKIX1Implicit88.id-ce", "value": 1},
    {"source": "PKIX1Explicit88.OrganizationalUnitNames", "target": "PKIX1Explicit88.ub-organizational-units", "value": 1},
    {"source": "PKIX1Explicit88.OrganizationalUnitNames", "target": "PKIX1Explicit88.OrganizationalUnitName", "value": 1},
    {"source": "PKIX1Explicit88.id-at-givenName", "target": "PKIX1Explicit88.AttributeType", "value": 1},
    {"source": "PKIX1Explicit88.id-at-givenName", "target": "PKIX1Explicit88.id-at", "value": 1},
    {"source": "PKIX1Explicit88.Validity", "target": "PKIX1Explicit88.Time", "value": 1},
    {"source": "PKIX1Implicit88.id-ce-issuerAltName", "target": "PKIX1Implicit88.id-ce", "value": 1},
    {"source": "PKIX1Explicit88.id-ad-caRepository", "target": "PKIX1Explicit88.id-ad", "value": 1},
    {"source": "PKIX1Implicit88.BaseCRLNumber", "target": "PKIX1Implicit88.CRLNumber", "value": 1},
    {"source": "PKIXAttributeCertificate.id-aca-authenticationInfo", "target": "PKIXAttributeCertificate.id-aca", "value": 1},
    {"source": "PKIX1Explicit88.NumericUserIdentifier", "target": "PKIX1Explicit88.ub-numeric-user-id-length", "value": 1},
    {"source": "PKIX1Implicit88.GeneralName", "target": "PKIX1Explicit88.ORAddress", "value": 1},
    {"source": "PKIX1Implicit88.GeneralName", "target": "PKIX1Explicit88.Name", "value": 1},
    {"source": "PKIX1Implicit88.GeneralName", "target": "PKIX1Implicit88.EDIPartyName", "value": 1},
    {"source": "PKIX1Implicit88.GeneralName", "target": "PKIX1Implicit88.AnotherName", "value": 1},
    {"source": "PKIX1Explicit88.id-at-name", "target": "PKIX1Explicit88.AttributeType", "value": 1},
    {"source": "PKIX1Explicit88.id-at-name", "target": "PKIX1Explicit88.id-at", "value": 1},
    {"source": "PKIX1Implicit88.SubjectKeyIdentifier", "target": "PKIX1Implicit88.KeyIdentifier", "value": 1},
    {"source": "PKIX1Explicit88.id-at-generationQualifier", "target": "PKIX1Explicit88.AttributeType", "value": 1},
    {"source": "PKIX1Explicit88.id-at-generationQualifier", "target": "PKIX1Explicit88.id-at", "value": 1},
    {"source": "PKIX1Explicit88.LocalPostalAttributes", "target": "PKIX1Explicit88.PDSParameter", "value": 1},
    {"source": "PKIX1Explicit88.TeletexPersonalName", "target": "PKIX1Explicit88.ub-initials-length", "value": 1},
    {"source": "PKIX1Explicit88.TeletexPersonalName", "target": "PKIX1Explicit88.ub-given-name-length", "value": 1},
    {"source": "PKIX1Explicit88.TeletexPersonalName", "target": "PKIX1Explicit88.ub-generation-qualifier-length", "value": 1},
    {"source": "PKIX1Explicit88.TeletexPersonalName", "target": "PKIX1Explicit88.ub-surname-length", "value": 1},
    {"source": "PKIXAttributeCertificate.AAControls", "target": "PKIXAttributeCertificate.AttrSpec", "value": 1},
    {"source": "PKIX1Explicit88.PhysicalDeliveryOrganizationName", "target": "PKIX1Explicit88.PDSParameter", "value": 1},
    {"source": "PKIX1Explicit88.RDNSequence", "target": "PKIX1Explicit88.RelativeDistinguishedName", "value": 1},
    {"source": "PKIX1Implicit88.SubjectInfoAccessSyntax", "target": "PKIX1Implicit88.AccessDescription", "value": 1},
    {"source": "PKIX1Explicit88.id-kp", "target": "PKIX1Explicit88.id-pkix", "value": 1},
    {"source": "PKIX1Explicit88.X121Address", "target": "PKIX1Explicit88.ub-x121-address-length", "value": 1},
    {"source": "PKIXAttributeCertificate.Targets", "target": "PKIXAttributeCertificate.Target", "value": 1},
    {"source": "PKIX1Explicit88.id-at-dnQualifier", "target": "PKIX1Explicit88.AttributeType", "value": 1},
    {"source": "PKIX1Explicit88.id-at-dnQualifier", "target": "PKIX1Explicit88.id-at", "value": 1},
    {"source": "PKIX1Implicit88.NameConstraints", "target": "PKIX1Implicit88.GeneralSubtrees", "value": 1},
    {"source": "PKIX1Explicit88.BuiltInDomainDefinedAttribute", "target": "PKIX1Explicit88.ub-domain-defined-attribute-value-length", "value": 1},
    {"source": "PKIX1Explicit88.BuiltInDomainDefinedAttribute", "target": "PKIX1Explicit88.ub-domain-defined-attribute-type-length", "value": 1},
    {"source": "PKIX1Explicit88.StreetAddress", "target": "PKIX1Explicit88.PDSParameter", "value": 1},
    {"source": "PKIX1Explicit88.TBSCertificate", "target": "PKIX1Explicit88.AlgorithmIdentifier", "value": 1},
    {"source": "PKIX1Explicit88.TBSCertificate", "target": "PKIX1Explicit88.SubjectPublicKeyInfo", "value": 1},
    {"source": "PKIX1Explicit88.TBSCertificate", "target": "PKIX1Explicit88.Name", "value": 1},
    {"source": "PKIX1Explicit88.TBSCertificate", "target": "PKIX1Explicit88.Validity", "value": 1},
    {"source": "PKIX1Explicit88.TBSCertificate", "target": "PKIX1Explicit88.Version", "value": 1},
    {"source": "PKIX1Explicit88.TBSCertificate", "target": "PKIX1Explicit88.UniqueIdentifier", "value": 1},
    {"source": "PKIX1Explicit88.TBSCertificate", "target": "PKIX1Explicit88.CertificateSerialNumber", "value": 1},
    {"source": "PKIX1Explicit88.TBSCertificate", "target": "PKIX1Explicit88.Extensions", "value": 1},
    {"source": "PKIX1Implicit88.AuthorityInfoAccessSyntax", "target": "PKIX1Implicit88.AccessDescription", "value": 1},
    {"source": "PKIXAttributeCertificate.id-at-role", "target": "PKIX1Explicit88.id-at", "value": 1},
    {"source": "PKIX1Implicit88.id-holdinstruction-reject", "target": "PKIX1Implicit88.holdInstruction", "value": 1},
    {"source": "PKIX1Implicit88.IssuerAltName", "target": "PKIX1Implicit88.GeneralNames", "value": 1},
    {"source": "PKIXAttributeCertificate.RoleSyntax", "target": "PKIX1Implicit88.GeneralName", "value": 1},
    {"source": "PKIXAttributeCertificate.RoleSyntax", "target": "PKIX1Implicit88.GeneralNames", "value": 1},
    {"source": "PKIX1Explicit88.id-at-organizationName", "target": "PKIX1Explicit88.AttributeType", "value": 1},
    {"source": "PKIX1Explicit88.id-at-organizationName", "target": "PKIX1Explicit88.id-at", "value": 1},
    {"source": "PKIX1Explicit88.CountryName", "target": "PKIX1Explicit88.ub-country-name-alpha-length", "value": 1},
    {"source": "PKIX1Explicit88.CountryName", "target": "PKIX1Explicit88.ub-country-name-numeric-length", "value": 1},
    {"source": "PKIXAttributeCertificate.id-ce-targetInformation", "target": "PKIX1Implicit88.id-ce", "value": 1},
    {"source": "PKIX1Implicit88.PolicyQualifierId", "target": "PKIX1Explicit88.id-qt-unotice", "value": 1},
    {"source": "PKIX1Implicit88.PolicyQualifierId", "target": "PKIX1Explicit88.id-qt-cps", "value": 1},
    {"source": "PKIX1Implicit88.id-kp-OCSPSigning", "target": "PKIX1Explicit88.id-kp", "value": 1},
    {"source": "PKIX1Explicit88.TeletexOrganizationalUnitName", "target": "PKIX1Explicit88.ub-organizational-unit-name-length", "value": 1},
    {"source": "PKIX1Explicit88.Extensions", "target": "PKIX1Explicit88.Extension", "value": 1},
    {"source": "PKIX1Explicit88.PhysicalDeliveryPersonalName", "target": "PKIX1Explicit88.PDSParameter", "value": 1},
    {"source": "PKIXAttributeCertificate.id-pe-ac-proxying", "target": "PKIX1Explicit88.id-pe", "value": 1},
    {"source": "PKIX1Explicit88.RelativeDistinguishedName", "target": "PKIX1Explicit88.AttributeTypeAndValue", "value": 1},
    {"source": "PKIX1Explicit88.OrganizationName", "target": "PKIX1Explicit88.ub-organization-name-length", "value": 1},
    {"source": "PKIX1Explicit88.id-ad-ocsp", "target": "PKIX1Explicit88.id-ad", "value": 1},
    {"source": "PKIX1Implicit88.id-kp-clientAuth", "target": "PKIX1Explicit88.id-kp", "value": 1},
    {"source": "PKIX1Implicit88.FreshestCRL", "target": "PKIX1Implicit88.CRLDistributionPoints", "value": 1},
    {"source": "PKIX1Explicit88.BuiltInStandardAttributes", "target": "PKIX1Explicit88.OrganizationName", "value": 1},
    {"source": "PKIX1Explicit88.BuiltInStandardAttributes", "target": "PKIX1Explicit88.PersonalName", "value": 1},
    {"source": "PKIX1Explicit88.BuiltInStandardAttributes", "target": "PKIX1Explicit88.TerminalIdentifier", "value": 1},
    {"source": "PKIX1Explicit88.BuiltInStandardAttributes", "target": "PKIX1Explicit88.NumericUserIdentifier", "value": 1},
    {"source": "PKIX1Explicit88.BuiltInStandardAttributes", "target": "PKIX1Explicit88.CountryName", "value": 1},
    {"source": "PKIX1Explicit88.BuiltInStandardAttributes", "target": "PKIX1Explicit88.PrivateDomainName", "value": 1},
    {"source": "PKIX1Explicit88.BuiltInStandardAttributes", "target": "PKIX1Explicit88.AdministrationDomainName", "value": 1},
    {"source": "PKIX1Explicit88.BuiltInStandardAttributes", "target": "PKIX1Explicit88.NetworkAddress", "value": 1},
    {"source": "PKIX1Explicit88.BuiltInStandardAttributes", "target": "PKIX1Explicit88.OrganizationalUnitNames", "value": 1},
    {"source": "PKIX1Implicit88.CertificatePolicies", "target": "PKIX1Implicit88.PolicyInformation", "value": 1},
    {"source": "PKIX1Implicit88.GeneralSubtrees", "target": "PKIX1Implicit88.GeneralSubtree", "value": 1},
    {"source": "PKIXAttributeCertificate.AttributeCertificate", "target": "PKIXAttributeCertificate.AttributeCertificateInfo", "value": 1},
    {"source": "PKIXAttributeCertificate.AttributeCertificate", "target": "PKIX1Explicit88.AlgorithmIdentifier", "value": 1},
    {"source": "PKIXAttributeCertificate.Target", "target": "PKIX1Implicit88.GeneralName", "value": 1},
    {"source": "PKIXAttributeCertificate.Target", "target": "PKIXAttributeCertificate.TargetCert", "value": 1},
    {"source": "PKIX1Implicit88.id-holdinstruction-callissuer", "target": "PKIX1Implicit88.holdInstruction", "value": 1},
    {"source": "PKIX1Implicit88.anyExtendedKeyUsage", "target": "PKIX1Implicit88.id-ce-extKeyUsage", "value": 1},
    {"source": "PKIX1Implicit88.PolicyMappings", "target": "PKIX1Implicit88.CertPolicyId", "value": 1},
    {"source": "PKIX1Implicit88.id-ce-policyMappings", "target": "PKIX1Implicit88.id-ce", "value": 1},
    {"source": "PKIX1Explicit88.EmailAddress", "target": "PKIX1Explicit88.ub-emailaddress-length", "value": 1},
    {"source": "PKIX1Implicit88.NoticeReference", "target": "PKIX1Implicit88.DisplayText", "value": 1},
    {"source": "PKIX1Implicit88.IssuingDistributionPoint", "target": "PKIX1Implicit88.ReasonFlags", "value": 1},
    {"source": "PKIX1Implicit88.IssuingDistributionPoint", "target": "PKIX1Implicit88.DistributionPointName", "value": 1},
    {"source": "PKIXAttributeCertificate.Holder", "target": "PKIXAttributeCertificate.ObjectDigestInfo", "value": 1},
    {"source": "PKIXAttributeCertificate.Holder", "target": "PKIX1Implicit88.GeneralNames", "value": 1},
    {"source": "PKIXAttributeCertificate.Holder", "target": "PKIXAttributeCertificate.IssuerSerial", "value": 1},
    {"source": "PKIX1Implicit88.DistributionPointName", "target": "PKIX1Explicit88.RelativeDistinguishedName", "value": 1},
    {"source": "PKIX1Implicit88.DistributionPointName", "target": "PKIX1Implicit88.GeneralNames", "value": 1},
    {"source": "PKIX1Implicit88.id-ce-extKeyUsage", "target": "PKIX1Implicit88.id-ce", "value": 1},
    {"source": "PKIX1Implicit88.CRLDistributionPoints", "target": "PKIX1Implicit88.DistributionPoint", "value": 1},
    {"source": "PKIX1Implicit88.id-kp-timeStamping", "target": "PKIX1Explicit88.id-kp", "value": 1},
    {"source": "PKIX1Implicit88.id-ce-subjectDirectoryAttributes", "target": "PKIX1Implicit88.id-ce", "value": 1},
    {"source": "PKIX1Implicit88.id-kp-emailProtection", "target": "PKIX1Explicit88.id-kp", "value": 1},
    {"source": "PKIXAttributeCertificate.IssuerSerial", "target": "PKIX1Implicit88.GeneralNames", "value": 1},
    {"source": "PKIXAttributeCertificate.IssuerSerial", "target": "PKIX1Explicit88.UniqueIdentifier", "value": 1},
    {"source": "PKIXAttributeCertificate.IssuerSerial", "target": "PKIX1Explicit88.CertificateSerialNumber", "value": 1},
    {"source": "PKIX1Explicit88.PosteRestanteAddress", "target": "PKIX1Explicit88.PDSParameter", "value": 1},
    {"source": "PKIX1Explicit88.TBSCertList", "target": "PKIX1Explicit88.AlgorithmIdentifier", "value": 1},
    {"source": "PKIX1Explicit88.TBSCertList", "target": "PKIX1Explicit88.Name", "value": 1},
    {"source": "PKIX1Explicit88.TBSCertList", "target": "PKIX1Explicit88.Version", "value": 1},
    {"source": "PKIX1Explicit88.TBSCertList", "target": "PKIX1Explicit88.Extensions", "value": 1},
    {"source": "PKIX1Explicit88.TBSCertList", "target": "PKIX1Explicit88.CertificateSerialNumber", "value": 1},
    {"source": "PKIX1Explicit88.TBSCertList", "target": "PKIX1Explicit88.Time", "value": 1},
    {"source": "PKIX1Explicit88.Attribute", "target": "PKIX1Explicit88.AttributeType", "value": 1},
    {"source": "PKIX1Explicit88.Attribute", "target": "PKIX1Explicit88.AttributeValue", "value": 1},
    {"source": "PKIX1Explicit88.TeletexDomainDefinedAttribute", "target": "PKIX1Explicit88.ub-domain-defined-attribute-value-length", "value": 1},
    {"source": "PKIX1Explicit88.TeletexDomainDefinedAttribute", "target": "PKIX1Explicit88.ub-domain-defined-attribute-type-length", "value": 1},
    {"source": "PKIX1Explicit88.id-at-stateOrProvinceName", "target": "PKIX1Explicit88.AttributeType", "value": 1},
    {"source": "PKIX1Explicit88.id-at-stateOrProvinceName", "target": "PKIX1Explicit88.id-at", "value": 1},
    {"source": "PKIX1Implicit88.AccessDescription", "target": "PKIX1Implicit88.GeneralName", "value": 1},
    {"source": "PKIX1Explicit88.ExtensionAttribute", "target": "PKIX1Explicit88.ub-extension-attributes", "value": 1},
    {"source": "PKIX1Explicit88.X520OrganizationalUnitName", "target": "PKIX1Explicit88.ub-organizational-unit-name", "value": 1},
    {"source": "PKIX1Explicit88.NetworkAddress", "target": "PKIX1Explicit88.X121Address", "value": 1},
    {"source": "PKIX1Explicit88.X520Title", "target": "PKIX1Explicit88.ub-title", "value": 1},
    {"source": "PKIX1Implicit88.id-ce-basicConstraints", "target": "PKIX1Implicit88.id-ce", "value": 1},
    {"source": "PKIX1Explicit88.id-pe", "target": "PKIX1Explicit88.id-pkix", "value": 1},
    {"source": "PKIX1Implicit88.GeneralNames", "target": "PKIX1Implicit88.GeneralName", "value": 1},
    {"source": "PKIX1Explicit88.id-at-organizationalUnitName", "target": "PKIX1Explicit88.AttributeType", "value": 1},
    {"source": "PKIX1Explicit88.id-at-organizationalUnitName", "target": "PKIX1Explicit88.id-at", "value": 1},
    {"source": "PKIX1Implicit88.id-ce-authorityKeyIdentifier", "target": "PKIX1Implicit88.id-ce", "value": 1},
    {"source": "PKIX1Implicit88.id-ce-keyUsage", "target": "PKIX1Implicit88.id-ce", "value": 1},
    {"source": "PKIX1Explicit88.UniquePostalName", "target": "PKIX1Explicit88.PDSParameter", "value": 1},
    {"source": "PKIXAttributeCertificate.id-aca-group", "target": "PKIXAttributeCertificate.id-aca", "value": 1},
    {"source": "PKIXAttributeCertificate.AttributeCertificateInfo", "target": "PKIXAttributeCertificate.AttCertIssuer", "value": 1},
    {"source": "PKIXAttributeCertificate.AttributeCertificateInfo", "target": "PKIX1Explicit88.Attribute", "value": 1},
    {"source": "PKIXAttributeCertificate.AttributeCertificateInfo", "target": "PKIX1Explicit88.AlgorithmIdentifier", "value": 1},
    {"source": "PKIXAttributeCertificate.AttributeCertificateInfo", "target": "PKIXAttributeCertificate.AttCertVersion", "value": 1},
    {"source": "PKIXAttributeCertificate.AttributeCertificateInfo", "target": "PKIX1Explicit88.Extensions", "value": 1},
    {"source": "PKIXAttributeCertificate.AttributeCertificateInfo", "target": "PKIXAttributeCertificate.AttCertValidityPeriod", "value": 1},
    {"source": "PKIXAttributeCertificate.AttributeCertificateInfo", "target": "PKIX1Explicit88.UniqueIdentifier", "value": 1},
    {"source": "PKIXAttributeCertificate.AttributeCertificateInfo", "target": "PKIX1Explicit88.CertificateSerialNumber", "value": 1},
    {"source": "PKIXAttributeCertificate.AttributeCertificateInfo", "target": "PKIXAttributeCertificate.Holder", "value": 1},
    {"source": "PKIXAttributeCertificate.ACClearAttrs", "target": "PKIX1Implicit88.GeneralName", "value": 1},
    {"source": "PKIXAttributeCertificate.ACClearAttrs", "target": "PKIX1Explicit88.Attribute", "value": 1},
    {"source": "PKIX1Explicit88.OrganizationalUnitName", "target": "PKIX1Explicit88.ub-organizational-unit-name-length", "value": 1},
    {"source": "PKIXAttributeCertificate.ObjectDigestInfo", "target": "PKIX1Explicit88.AlgorithmIdentifier", "value": 1},
    {"source": "PKIX1Explicit88.SubjectPublicKeyInfo", "target": "PKIX1Explicit88.AlgorithmIdentifier", "value": 1},
    {"source": "PKIX1Implicit88.id-holdinstruction-none", "target": "PKIX1Implicit88.holdInstruction", "value": 1},
    {"source": "PKIX1Explicit88.id-qt", "target": "PKIX1Explicit88.id-pkix", "value": 1},
    {"source": "PKIX1Explicit88.id-emailAddress", "target": "PKIX1Explicit88.AttributeType", "value": 1},
    {"source": "PKIX1Explicit88.id-emailAddress", "target": "PKIX1Explicit88.pkcs-9", "value": 1},
    {"source": "PKIX1Explicit88.TerminalIdentifier", "target": "PKIX1Explicit88.ub-terminal-id-length", "value": 1},
    {"source": "PKIX1Explicit88.id-at-title", "target": "PKIX1Explicit88.AttributeType", "value": 1},
    {"source": "PKIX1Explicit88.id-at-title", "target": "PKIX1Explicit88.id-at", "value": 1},
    {"source": "PKIXAttributeCertificate.id-aca", "target": "PKIX1Explicit88.id-pkix", "value": 1},
    {"source": "PKIX1Explicit88.TeletexCommonName", "target": "PKIX1Explicit88.ub-common-name-length", "value": 1},
    {"source": "PKIX1Implicit88.id-ce-invalidityDate", "target": "PKIX1Implicit88.id-ce", "value": 1},
    {"source": "PKIX1Explicit88.X520name", "target": "PKIX1Explicit88.ub-name", "value": 1},
    {"source": "PKIX1Implicit88.id-ce-inhibitAnyPolicy", "target": "PKIX1Implicit88.id-ce", "value": 1},
    {"source": "PKIX1Explicit88.X520StateOrProvinceName", "target": "PKIX1Explicit88.ub-state-name", "value": 1},
    {"source": "PKIX1Implicit88.id-ce-deltaCRLIndicator", "target": "PKIX1Implicit88.id-ce", "value": 1},
    {"source": "PKIX1Explicit88.PostOfficeBoxAddress", "target": "PKIX1Explicit88.PDSParameter", "value": 1},
    {"source": "PKIX1Explicit88.PDSParameter", "target": "PKIX1Explicit88.ub-pds-parameter-length", "value": 1},
    {"source": "PKIX1Explicit88.id-qt-unotice", "target": "PKIX1Explicit88.id-qt", "value": 1},
    {"source": "PKIX1Explicit88.X520LocalityName", "target": "PKIX1Explicit88.ub-locality-name", "value": 1},
    {"source": "PKIXAttributeCertificate.AttCertIssuer", "target": "PKIX1Implicit88.GeneralNames", "value": 1},
    {"source": "PKIXAttributeCertificate.AttCertIssuer", "target": "PKIXAttributeCertificate.V2Form", "value": 1},
    {"source": "PKIX1Implicit88.id-ce-certificateIssuer", "target": "PKIX1Implicit88.id-ce", "value": 1},
    {"source": "PKIX1Explicit88.CommonName", "target": "PKIX1Explicit88.ub-common-name-length", "value": 1},
    {"source": "PKIX1Explicit88.ORAddress", "target": "PKIX1Explicit88.BuiltInStandardAttributes", "value": 1},
    {"source": "PKIX1Explicit88.ORAddress", "target": "PKIX1Explicit88.BuiltInDomainDefinedAttributes", "value": 1},
    {"source": "PKIX1Explicit88.ORAddress", "target": "PKIX1Explicit88.ExtensionAttributes", "value": 1},
    {"source": "PKIXAttributeCertificate.SvceAuthInfo", "target": "PKIX1Implicit88.GeneralName", "value": 1},
    {"source": "PKIX1Implicit88.id-ce-certificatePolicies", "target": "PKIX1Implicit88.id-ce", "value": 1},
    {"source": "PKIX1Implicit88.id-ce-cRLReasons", "target": "PKIX1Implicit88.id-ce", "value": 1},
    {"source": "PKIX1Implicit88.GeneralSubtree", "target": "PKIX1Implicit88.GeneralName", "value": 1},
    {"source": "PKIX1Implicit88.GeneralSubtree", "target": "PKIX1Implicit88.BaseDistance", "value": 1},
    {"source": "PKIX1Explicit88.X520CommonName", "target": "PKIX1Explicit88.ub-common-name", "value": 1},
    {"source": "PKIX1Explicit88.BuiltInDomainDefinedAttributes", "target": "PKIX1Explicit88.ub-domain-defined-attributes", "value": 1},
    {"source": "PKIX1Explicit88.BuiltInDomainDefinedAttributes", "target": "PKIX1Explicit88.BuiltInDomainDefinedAttribute", "value": 1},
    {"source": "PKIX1Implicit88.id-pe-subjectInfoAccess", "target": "PKIX1Explicit88.id-pe", "value": 1},
    {"source": "PKIX1Explicit88.TeletexOrganizationName", "target": "PKIX1Explicit88.ub-organization-name-length", "value": 1},
    {"source": "PKIX1Explicit88.id-at-surname", "target": "PKIX1Explicit88.AttributeType", "value": 1},
    {"source": "PKIX1Explicit88.id-at-surname", "target": "PKIX1Explicit88.id-at", "value": 1},
    {"source": "PKIX1Explicit88.DistinguishedName", "target": "PKIX1Explicit88.RDNSequence", "value": 1},
    {"source": "PKIXAttributeCertificate.id-aca-encAttrs", "target": "PKIXAttributeCertificate.id-aca", "value": 1},
    {"source": "PKIX1Explicit88.UnformattedPostalAddress", "target": "PKIX1Explicit88.ub-pds-physical-address-lines", "value": 1},
    {"source": "PKIX1Explicit88.UnformattedPostalAddress", "target": "PKIX1Explicit88.ub-pds-parameter-length", "value": 1},
    {"source": "PKIX1Explicit88.UnformattedPostalAddress", "target": "PKIX1Explicit88.ub-unformatted-address-length", "value": 1},
    {"source": "PKIX1Implicit88.InhibitAnyPolicy", "target": "PKIX1Implicit88.SkipCerts", "value": 1},
    {"source": "PKIX1Implicit88.id-kp-serverAuth", "target": "PKIX1Explicit88.id-kp", "value": 1},
    {"source": "PKIX1Explicit88.Name", "target": "PKIX1Explicit88.RDNSequence", "value": 1},
    {"source": "PKIX1Implicit88.UserNotice", "target": "PKIX1Implicit88.NoticeReference", "value": 1},
    {"source": "PKIX1Implicit88.UserNotice", "target": "PKIX1Implicit88.DisplayText", "value": 1},
    {"source": "PKIX1Explicit88.ExtendedNetworkAddress", "target": "PKIX1Explicit88.PresentationAddress", "value": 1},
    {"source": "PKIX1Explicit88.ExtendedNetworkAddress", "target": "PKIX1Explicit88.ub-e163-4-sub-address-length", "value": 1},
    {"source": "PKIX1Explicit88.ExtendedNetworkAddress", "target": "PKIX1Explicit88.ub-e163-4-number-length", "value": 1},
    {"source": "PKIX1Implicit88.AuthorityKeyIdentifier", "target": "PKIX1Implicit88.KeyIdentifier", "value": 1},
    {"source": "PKIX1Implicit88.AuthorityKeyIdentifier", "target": "PKIX1Implicit88.GeneralNames", "value": 1},
    {"source": "PKIX1Implicit88.AuthorityKeyIdentifier", "target": "PKIX1Explicit88.CertificateSerialNumber", "value": 1},
    {"source": "PKIX1Explicit88.Certificate", "target": "PKIX1Explicit88.TBSCertificate", "value": 1},
    {"source": "PKIX1Explicit88.Certificate", "target": "PKIX1Explicit88.AlgorithmIdentifier", "value": 1},
    {"source": "PKIX1Explicit88.id-at-serialNumber", "target": "PKIX1Explicit88.AttributeType", "value": 1},
    {"source": "PKIX1Explicit88.id-at-serialNumber", "target": "PKIX1Explicit88.id-at", "value": 1},
    {"source": "PKIX1Explicit88.TerminalType", "target": "PKIX1Explicit88.ub-integer-options", "value": 1},
    {"source": "PKIX1Implicit88.id-ce-policyConstraints", "target": "PKIX1Implicit88.id-ce", "value": 1},
    {"source": "PKIX1Explicit88.CertificateList", "target": "PKIX1Explicit88.TBSCertList", "value": 1},
    {"source": "PKIX1Explicit88.CertificateList", "target": "PKIX1Explicit88.AlgorithmIdentifier", "value": 1},
    {"source": "PKIX1Explicit88.ExtensionORAddressComponents", "target": "PKIX1Explicit88.PDSParameter", "value": 1},
    {"source": "PKIX1Explicit88.id-ad-timeStamping", "target": "PKIX1Explicit88.id-ad", "value": 1},
    {"source": "PKIX1Implicit88.id-ce-holdInstructionCode", "target": "PKIX1Implicit88.id-ce", "value": 1},
    {"source": "PKIXAttributeCertificate.V2Form", "target": "PKIXAttributeCertificate.ObjectDigestInfo", "value": 1},
    {"source": "PKIXAttributeCertificate.V2Form", "target": "PKIX1Implicit88.GeneralNames", "value": 1},
    {"source": "PKIXAttributeCertificate.V2Form", "target": "PKIXAttributeCertificate.IssuerSerial", "value": 1},
    {"source": "PKIX1Implicit88.id-ce-subjectAltName", "target": "PKIX1Implicit88.id-ce", "value": 1},
    {"source": "PKIX1Explicit88.AttributeTypeAndValue", "target": "PKIX1Explicit88.AttributeType", "value": 1},
    {"source": "PKIX1Explicit88.AttributeTypeAndValue", "target": "PKIX1Explicit88.AttributeValue", "value": 1},
    {"source": "PKIX1Explicit88.id-at-localityName", "target": "PKIX1Explicit88.AttributeType", "value": 1},
    {"source": "PKIX1Explicit88.id-at-localityName", "target": "PKIX1Explicit88.id-at", "value": 1},
    {"source": "PKIX1Explicit88.PhysicalDeliveryOfficeName", "target": "PKIX1Explicit88.PDSParameter", "value": 1},
    {"source": "PKIX1Implicit88.id-ce-cRLNumber", "target": "PKIX1Implicit88.id-ce", "value": 1},
    {"source": "PKIX1Implicit88.PolicyConstraints", "target": "PKIX1Implicit88.SkipCerts", "value": 1},
    {"source": "PKIX1Implicit88.id-ce-issuingDistributionPoint", "target": "PKIX1Implicit88.id-ce", "value": 1},
    {"source": "PKIX1Explicit88.ExtensionPhysicalDeliveryAddressComponents", "target": "PKIX1Explicit88.PDSParameter", "value": 1},
    {"source": "PKIXAttributeCertificate.IetfAttrSyntax", "target": "PKIX1Implicit88.GeneralNames", "value": 1},
    {"source": "PKIX1Explicit88.PrivateDomainName", "target": "PKIX1Explicit88.ub-domain-name-length", "value": 1},
    {"source": "PKIXAttributeCertificate.id-aca-chargingIdentity", "target": "PKIXAttributeCertificate.id-aca", "value": 1},
    {"source": "PKIX1Implicit88.id-ce-privateKeyUsagePeriod", "target": "PKIX1Implicit88.id-ce", "value": 1},
    {"source": "PKIXAttributeCertificate.Clearance", "target": "PKIXAttributeCertificate.ClassList", "value": 1},
    {"source": "PKIXAttributeCertificate.Clearance", "target": "PKIXAttributeCertificate.SecurityCategory", "value": 1},
    {"source": "PKIX1Explicit88.id-ad", "target": "PKIX1Explicit88.id-pkix", "value": 1},
    {"source": "PKIX1Explicit88.ExtensionAttributes", "target": "PKIX1Explicit88.ub-extension-attributes", "value": 1},
    {"source": "PKIX1Explicit88.ExtensionAttributes", "target": "PKIX1Explicit88.ExtensionAttribute", "value": 1},
    {"source": "PKIX1Implicit88.id-ce-cRLDistributionPoints", "target": "PKIX1Implicit88.id-ce", "value": 1}
  ]
}
