{
  "_comment": "code automatically generated by pycrate_asn1c",
  "nodes": [
    {"id": "RNA-CommonDataTypes.maxPrivateIEs", "group": 2},
    {"id": "RNA-CommonDataTypes.maxProtocolExtensions", "group": 2},
    {"id": "RNA-CommonDataTypes.maxProtocolIEs", "group": 2},
    {"id": "RNA-CommonDataTypes.Criticality", "group": 2},
    {"id": "RNA-CommonDataTypes.Presence", "group": 2},
    {"id": "RNA-CommonDataTypes.PrivateIE-ID", "group": 2},
    {"id": "RNA-CommonDataTypes.ProcedureCode", "group": 2},
    {"id": "RNA-CommonDataTypes.ProtocolIE-ID", "group": 2},
    {"id": "RNA-CommonDataTypes.TriggeringMessage", "group": 2},
    {"id": "RNA-Constants.id-IurhSetup", "group": 3},
    {"id": "RNA-Constants.id-Connect", "group": 3},
    {"id": "RNA-Constants.id-DirectTransfer", "group": 3},
    {"id": "RNA-Constants.id-Disconnect", "group": 3},
    {"id": "RNA-Constants.id-ConnectionlessTransfer", "group": 3},
    {"id": "RNA-Constants.id-ErrorIndication", "group": 3},
    {"id": "RNA-Constants.id-privateMessage", "group": 3},
    {"id": "RNA-Constants.maxNrOfErrors", "group": 3},
    {"id": "RNA-Constants.id-Cause", "group": 3},
    {"id": "RNA-Constants.id-CriticalityDiagnostics", "group": 3},
    {"id": "RNA-Constants.id-RNSAP-Message", "group": 3},
    {"id": "RNA-Constants.id-BackoffTimer", "group": 3},
    {"id": "RNA-Constants.id-Senders-HNB-RNL-ID", "group": 3},
    {"id": "RNA-Constants.id-Receivers-HNB-RNL-ID", "group": 3},
    {"id": "RNA-Constants.id-Iurh-Signalling-Context-ID", "group": 3},
    {"id": "RNA-Constants.id-HNB-RNL-ID", "group": 3},
    {"id": "RNA-Constants.id-HNB-Cell-Identifier", "group": 3},
    {"id": "RNA-Constants.id-GlobalRNC-ID", "group": 3},
    {"id": "RNA-Containers.RNA-PROTOCOL-IES", "group": 4},
    {"id": "RNA-Containers.RNA-PROTOCOL-EXTENSION", "group": 4},
    {"id": "RNA-Containers.RNA-PRIVATE-IES", "group": 4},
    {"id": "RNA-Containers.ProtocolIE-Field", "group": 4},
    {"id": "RNA-Containers.ProtocolExtensionField", "group": 4},
    {"id": "RNA-Containers.PrivateIE-Field", "group": 4},
    {"id": "RNA-IEs.BackoffTimer", "group": 5},
    {"id": "RNA-IEs.Cause", "group": 5},
    {"id": "RNA-IEs.CauseRadioNetwork", "group": 5},
    {"id": "RNA-IEs.CauseTransport", "group": 5},
    {"id": "RNA-IEs.CauseProtocol", "group": 5},
    {"id": "RNA-IEs.CauseMisc", "group": 5},
    {"id": "RNA-IEs.CellIdentity", "group": 5},
    {"id": "RNA-IEs.CriticalityDiagnostics-IE-List-ExtIEs", "group": 5},
    {"id": "RNA-IEs.CriticalityDiagnostics-ExtIEs", "group": 5},
    {"id": "RNA-IEs.Extension-HNB-RNL-ID-IE", "group": 5},
    {"id": "RNA-IEs.HNB-Cell-Identifier-ExtIEs", "group": 5},
    {"id": "RNA-IEs.Iurh-Signalling-Context-ID", "group": 5},
    {"id": "RNA-IEs.PLMN-ID", "group": 5},
    {"id": "RNA-IEs.GlobalRNC-ID-ExtIEs", "group": 5},
    {"id": "RNA-IEs.RNSAP-Message", "group": 5},
    {"id": "RNA-IEs.TypeOfError", "group": 5},
    {"id": "RNA-PDU-Contents.IurhSetupRequestIEs", "group": 6},
    {"id": "RNA-PDU-Contents.IurhSetupRequestExtensions", "group": 6},
    {"id": "RNA-PDU-Contents.IurhSetupResponseIEs", "group": 6},
    {"id": "RNA-PDU-Contents.IurhSetupResponseExtensions", "group": 6},
    {"id": "RNA-PDU-Contents.IurhSetupFailureIEs", "group": 6},
    {"id": "RNA-PDU-Contents.IurhSetupFailureExtensions", "group": 6},
    {"id": "RNA-PDU-Contents.ConnectIEs", "group": 6},
    {"id": "RNA-PDU-Contents.ConnectExtensions", "group": 6},
    {"id": "RNA-PDU-Contents.DirectTransferIEs", "group": 6},
    {"id": "RNA-PDU-Contents.DirectTransferExtensions", "group": 6},
    {"id": "RNA-PDU-Contents.DisconnectIEs", "group": 6},
    {"id": "RNA-PDU-Contents.DisconnectExtensions", "group": 6},
    {"id": "RNA-PDU-Contents.ConnectionlessTransferIEs", "group": 6},
    {"id": "RNA-PDU-Contents.ConnectionlessTransferExtensions", "group": 6},
    {"id": "RNA-PDU-Contents.ErrorIndicationIEs", "group": 6},
    {"id": "RNA-PDU-Contents.ErrorIndicationExtensions", "group": 6},
    {"id": "RNA-PDU-Contents.PrivateMessage-IEs", "group": 6},
    {"id": "RNA-PDU-Descriptions.RNA-ELEMENTARY-PROCEDURE", "group": 7},
    {"id": "RNA-PDU-Descriptions.RNA-PDU", "group": 7},
    {"id": "RNA-PDU-Descriptions.iurhsetup", "group": 7},
    {"id": "RNA-PDU-Descriptions.connect", "group": 7},
    {"id": "RNA-PDU-Descriptions.directTransfer", "group": 7},
    {"id": "RNA-PDU-Descriptions.disconnect", "group": 7},
    {"id": "RNA-PDU-Descriptions.connectionlessTransfer", "group": 7},
    {"id": "RNA-PDU-Descriptions.errorIndication", "group": 7},
    {"id": "RNA-PDU-Descriptions.privateMessage", "group": 7},
    {"id": "RNA-Containers.ProtocolIE-Container", "group": 4},
    {"id": "RNA-Containers.ProtocolIE-Single-Container", "group": 4},
    {"id": "RNA-Containers.ProtocolIE-ContainerList", "group": 4},
    {"id": "RNA-Containers.ProtocolExtensionContainer", "group": 4},
    {"id": "RNA-Containers.PrivateIE-Container", "group": 4},
    {"id": "RNA-IEs.CriticalityDiagnostics", "group": 5},
    {"id": "RNA-IEs.CriticalityDiagnostics-IE-List", "group": 5},
    {"id": "RNA-IEs.Extension-HNB-RNL-ID", "group": 5},
    {"id": "RNA-IEs.HNB-Cell-Identifier", "group": 5},
    {"id": "RNA-IEs.GlobalRNC-ID", "group": 5},
    {"id": "RNA-PDU-Contents.IurhSetupRequest", "group": 6},
    {"id": "RNA-PDU-Contents.IurhSetupResponse", "group": 6},
    {"id": "RNA-PDU-Contents.IurhSetupFailure", "group": 6},
    {"id": "RNA-PDU-Contents.Connect", "group": 6},
    {"id": "RNA-PDU-Contents.DirectTransfer", "group": 6},
    {"id": "RNA-PDU-Contents.Disconnect", "group": 6},
    {"id": "RNA-PDU-Contents.ConnectionlessTransfer", "group": 6},
    {"id": "RNA-PDU-Contents.ErrorIndication", "group": 6},
    {"id": "RNA-PDU-Contents.PrivateMessage", "group": 6},
    {"id": "RNA-PDU-Descriptions.RNA-ELEMENTARY-PROCEDURES-CLASS-1", "group": 7},
    {"id": "RNA-PDU-Descriptions.RNA-ELEMENTARY-PROCEDURES-CLASS-2", "group": 7},
    {"id": "RNA-IEs.HNB-RNL-ID", "group": 5},
    {"id": "RNA-PDU-Descriptions.RNA-ELEMENTARY-PROCEDURES", "group": 7},
    {"id": "RNA-PDU-Descriptions.InitiatingMessage", "group": 7},
    {"id": "RNA-PDU-Descriptions.SuccessfulOutcome", "group": 7}
  ],
  "links": [
    {"source": "RNA-PDU-Contents.DirectTransferExtensions", "target": "RNA-Containers.RNA-PROTOCOL-EXTENSION", "value": 1},
    {"source": "RNA-Containers.PrivateIE-Field", "target": "RNA-Containers.RNA-PRIVATE-IES", "value": 1},
    {"source": "RNA-Containers.PrivateIE-Field", "target": "RNA-Containers.RNA-PRIVATE-IES", "value": 1},
    {"source": "RNA-Containers.PrivateIE-Field", "target": "RNA-Containers.RNA-PRIVATE-IES", "value": 1},
    {"source": "RNA-Containers.PrivateIE-Field", "target": "RNA-Containers.RNA-PRIVATE-IES", "value": 1},
    {"source": "RNA-PDU-Contents.IurhSetupRequest", "target": "RNA-PDU-Contents.IurhSetupRequestIEs", "value": 1},
    {"source": "RNA-PDU-Contents.IurhSetupRequest", "target": "RNA-Containers.ProtocolExtensionContainer", "value": 1},
    {"source": "RNA-PDU-Contents.IurhSetupRequest", "target": "RNA-Containers.ProtocolIE-Container", "value": 1},
    {"source": "RNA-PDU-Contents.IurhSetupRequest", "target": "RNA-PDU-Contents.IurhSetupRequestExtensions", "value": 1},
    {"source": "RNA-IEs.Cause", "target": "RNA-IEs.CauseMisc", "value": 1},
    {"source": "RNA-IEs.Cause", "target": "RNA-IEs.CauseTransport", "value": 1},
    {"source": "RNA-IEs.Cause", "target": "RNA-IEs.CauseProtocol", "value": 1},
    {"source": "RNA-IEs.Cause", "target": "RNA-IEs.CauseRadioNetwork", "value": 1},
    {"source": "RNA-PDU-Contents.ErrorIndicationExtensions", "target": "RNA-Containers.RNA-PROTOCOL-EXTENSION", "value": 1},
    {"source": "RNA-IEs.HNB-RNL-ID", "target": "RNA-IEs.Extension-HNB-RNL-ID", "value": 1},
    {"source": "RNA-IEs.HNB-RNL-ID", "target": "RNA-IEs.HNB-Cell-Identifier", "value": 1},
    {"source": "RNA-PDU-Contents.DirectTransfer", "target": "RNA-Containers.ProtocolExtensionContainer", "value": 1},
    {"source": "RNA-PDU-Contents.DirectTransfer", "target": "RNA-Containers.ProtocolIE-Container", "value": 1},
    {"source": "RNA-PDU-Contents.DirectTransfer", "target": "RNA-PDU-Contents.DirectTransferExtensions", "value": 1},
    {"source": "RNA-PDU-Contents.DirectTransfer", "target": "RNA-PDU-Contents.DirectTransferIEs", "value": 1},
    {"source": "RNA-PDU-Contents.IurhSetupFailureIEs", "target": "RNA-IEs.BackoffTimer", "value": 1},
    {"source": "RNA-PDU-Contents.IurhSetupFailureIEs", "target": "RNA-Containers.RNA-PROTOCOL-IES", "value": 1},
    {"source": "RNA-PDU-Contents.IurhSetupFailureIEs", "target": "RNA-IEs.CriticalityDiagnostics", "value": 1},
    {"source": "RNA-PDU-Contents.IurhSetupFailureIEs", "target": "RNA-IEs.Cause", "value": 1},
    {"source": "RNA-PDU-Contents.IurhSetupFailureIEs", "target": "RNA-IEs.HNB-RNL-ID", "value": 1},
    {"source": "RNA-PDU-Contents.IurhSetupFailureExtensions", "target": "RNA-Containers.RNA-PROTOCOL-EXTENSION", "value": 1},
    {"source": "RNA-Constants.id-RNSAP-Message", "target": "RNA-CommonDataTypes.ProtocolIE-ID", "value": 1},
    {"source": "RNA-PDU-Descriptions.directTransfer", "target": "RNA-PDU-Descriptions.RNA-ELEMENTARY-PROCEDURE", "value": 1},
    {"source": "RNA-PDU-Descriptions.directTransfer", "target": "RNA-PDU-Contents.DirectTransfer", "value": 1},
    {"source": "RNA-PDU-Contents.Disconnect", "target": "RNA-Containers.ProtocolExtensionContainer", "value": 1},
    {"source": "RNA-PDU-Contents.Disconnect", "target": "RNA-PDU-Contents.DisconnectExtensions", "value": 1},
    {"source": "RNA-PDU-Contents.Disconnect", "target": "RNA-Containers.ProtocolIE-Container", "value": 1},
    {"source": "RNA-PDU-Contents.Disconnect", "target": "RNA-PDU-Contents.DisconnectIEs", "value": 1},
    {"source": "RNA-PDU-Contents.ConnectIEs", "target": "RNA-IEs.RNSAP-Message", "value": 1},
    {"source": "RNA-PDU-Contents.ConnectIEs", "target": "RNA-Containers.RNA-PROTOCOL-IES", "value": 1},
    {"source": "RNA-PDU-Contents.ConnectIEs", "target": "RNA-IEs.Iurh-Signalling-Context-ID", "value": 1},
    {"source": "RNA-PDU-Contents.ConnectIEs", "target": "RNA-IEs.HNB-RNL-ID", "value": 1},
    {"source": "RNA-Constants.id-Cause", "target": "RNA-CommonDataTypes.ProtocolIE-ID", "value": 1},
    {"source": "RNA-PDU-Contents.IurhSetupFailure", "target": "RNA-Containers.ProtocolExtensionContainer", "value": 1},
    {"source": "RNA-PDU-Contents.IurhSetupFailure", "target": "RNA-Containers.ProtocolIE-Container", "value": 1},
    {"source": "RNA-PDU-Contents.IurhSetupFailure", "target": "RNA-PDU-Contents.IurhSetupFailureIEs", "value": 1},
    {"source": "RNA-PDU-Contents.IurhSetupFailure", "target": "RNA-PDU-Contents.IurhSetupFailureExtensions", "value": 1},
    {"source": "RNA-PDU-Descriptions.errorIndication", "target": "RNA-PDU-Descriptions.RNA-ELEMENTARY-PROCEDURE", "value": 1},
    {"source": "RNA-PDU-Descriptions.errorIndication", "target": "RNA-PDU-Contents.ErrorIndication", "value": 1},
    {"source": "RNA-PDU-Descriptions.RNA-ELEMENTARY-PROCEDURES-CLASS-1", "target": "RNA-PDU-Descriptions.RNA-ELEMENTARY-PROCEDURE", "value": 1},
    {"source": "RNA-PDU-Descriptions.RNA-ELEMENTARY-PROCEDURES-CLASS-1", "target": "RNA-PDU-Descriptions.iurhsetup", "value": 1},
    {"source": "RNA-Containers.ProtocolExtensionField", "target": "RNA-Containers.RNA-PROTOCOL-EXTENSION", "value": 1},
    {"source": "RNA-Containers.ProtocolExtensionField", "target": "RNA-Containers.RNA-PROTOCOL-EXTENSION", "value": 1},
    {"source": "RNA-Containers.ProtocolExtensionField", "target": "RNA-Containers.RNA-PROTOCOL-EXTENSION", "value": 1},
    {"source": "RNA-Containers.ProtocolExtensionField", "target": "RNA-Containers.RNA-PROTOCOL-EXTENSION", "value": 1},
    {"source": "RNA-PDU-Contents.Connect", "target": "RNA-Containers.ProtocolExtensionContainer", "value": 1},
    {"source": "RNA-PDU-Contents.Connect", "target": "RNA-PDU-Contents.ConnectIEs", "value": 1},
    {"source": "RNA-PDU-Contents.Connect", "target": "RNA-Containers.ProtocolIE-Container", "value": 1},
    {"source": "RNA-PDU-Contents.Connect", "target": "RNA-PDU-Contents.ConnectExtensions", "value": 1},
    {"source": "RNA-IEs.GlobalRNC-ID-ExtIEs", "target": "RNA-Containers.RNA-PROTOCOL-EXTENSION", "value": 1},
    {"source": "RNA-PDU-Descriptions.RNA-ELEMENTARY-PROCEDURES", "target": "RNA-PDU-Descriptions.RNA-ELEMENTARY-PROCEDURE", "value": 1},
    {"source": "RNA-PDU-Descriptions.RNA-ELEMENTARY-PROCEDURES", "target": "RNA-PDU-Descriptions.RNA-ELEMENTARY-PROCEDURES-CLASS-1", "value": 1},
    {"source": "RNA-PDU-Descriptions.RNA-ELEMENTARY-PROCEDURES", "target": "RNA-PDU-Descriptions.RNA-ELEMENTARY-PROCEDURES-CLASS-2", "value": 1},
    {"source": "RNA-Constants.id-HNB-RNL-ID", "target": "RNA-CommonDataTypes.ProtocolIE-ID", "value": 1},
    {"source": "RNA-PDU-Descriptions.connectionlessTransfer", "target": "RNA-PDU-Descriptions.RNA-ELEMENTARY-PROCEDURE", "value": 1},
    {"source": "RNA-PDU-Descriptions.connectionlessTransfer", "target": "RNA-PDU-Contents.ConnectionlessTransfer", "value": 1},
    {"source": "RNA-Containers.ProtocolIE-ContainerList", "target": "RNA-Containers.RNA-PROTOCOL-IES", "value": 1},
    {"source": "RNA-Containers.ProtocolIE-ContainerList", "target": "RNA-Containers.ProtocolIE-Container", "value": 1},
    {"source": "RNA-PDU-Descriptions.UnsuccessfulOutcome", "target": "RNA-PDU-Descriptions.RNA-ELEMENTARY-PROCEDURE", "value": 1},
    {"source": "RNA-PDU-Descriptions.UnsuccessfulOutcome", "target": "RNA-PDU-Descriptions.RNA-ELEMENTARY-PROCEDURE", "value": 1},
    {"source": "RNA-PDU-Descriptions.UnsuccessfulOutcome", "target": "RNA-PDU-Descriptions.RNA-ELEMENTARY-PROCEDURE", "value": 1},
    {"source": "RNA-PDU-Descriptions.UnsuccessfulOutcome", "target": "RNA-PDU-Descriptions.RNA-ELEMENTARY-PROCEDURES", "value": 1},
    {"source": "RNA-PDU-Descriptions.disconnect", "target": "RNA-PDU-Contents.Disconnect", "value": 1},
    {"source": "RNA-PDU-Descriptions.disconnect", "target": "RNA-PDU-Descriptions.RNA-ELEMENTARY-PROCEDURE", "value": 1},
    {"source": "RNA-Containers.RNA-PROTOCOL-IES", "target": "RNA-CommonDataTypes.Criticality", "value": 1},
    {"source": "RNA-Containers.RNA-PROTOCOL-IES", "target": "RNA-CommonDataTypes.Presence", "value": 1},
    {"source": "RNA-Containers.RNA-PROTOCOL-IES", "target": "RNA-CommonDataTypes.ProtocolIE-ID", "value": 1},
    {"source": "RNA-PDU-Contents.IurhSetupResponseIEs", "target": "RNA-Containers.RNA-PROTOCOL-IES", "value": 1},
    {"source": "RNA-PDU-Contents.IurhSetupResponseIEs", "target": "RNA-IEs.HNB-RNL-ID", "value": 1},
    {"source": "RNA-Containers.PrivateIE-Container", "target": "RNA-CommonDataTypes.maxPrivateIEs", "value": 1},
    {"source": "RNA-Containers.PrivateIE-Container", "target": "RNA-Containers.RNA-PRIVATE-IES", "value": 1},
    {"source": "RNA-Containers.PrivateIE-Container", "target": "RNA-Containers.PrivateIE-Field", "value": 1},
    {"source": "RNA-PDU-Descriptions.privateMessage", "target": "RNA-PDU-Descriptions.RNA-ELEMENTARY-PROCEDURE", "value": 1},
    {"source": "RNA-PDU-Descriptions.privateMessage", "target": "RNA-PDU-Contents.PrivateMessage", "value": 1},
    {"source": "RNA-CommonDataTypes.ProtocolIE-ID", "target": "RNA-CommonDataTypes.maxProtocolIEs", "value": 1},
    {"source": "RNA-Constants.id-privateMessage", "target": "RNA-CommonDataTypes.ProcedureCode", "value": 1},
    {"source": "RNA-PDU-Contents.PrivateMessage-IEs", "target": "RNA-Containers.RNA-PRIVATE-IES", "value": 1},
    {"source": "RNA-PDU-Contents.ConnectionlessTransfer", "target": "RNA-Containers.ProtocolExtensionContainer", "value": 1},
    {"source": "RNA-PDU-Contents.ConnectionlessTransfer", "target": "RNA-Containers.ProtocolIE-Container", "value": 1},
    {"source": "RNA-PDU-Contents.ConnectionlessTransfer", "target": "RNA-PDU-Contents.ConnectionlessTransferExtensions", "value": 1},
    {"source": "RNA-PDU-Contents.ConnectionlessTransfer", "target": "RNA-PDU-Contents.ConnectionlessTransferIEs", "value": 1},
    {"source": "RNA-PDU-Descriptions.InitiatingMessage", "target": "RNA-PDU-Descriptions.RNA-ELEMENTARY-PROCEDURE", "value": 1},
    {"source": "RNA-PDU-Descriptions.InitiatingMessage", "target": "RNA-PDU-Descriptions.RNA-ELEMENTARY-PROCEDURE", "value": 1},
    {"source": "RNA-PDU-Descriptions.InitiatingMessage", "target": "RNA-PDU-Descriptions.RNA-ELEMENTARY-PROCEDURE", "value": 1},
    {"source": "RNA-PDU-Descriptions.InitiatingMessage", "target": "RNA-PDU-Descriptions.RNA-ELEMENTARY-PROCEDURES", "value": 1},
    {"source": "RNA-Constants.id-Iurh-Signalling-Context-ID", "target": "RNA-CommonDataTypes.ProtocolIE-ID", "value": 1},
    {"source": "RNA-Constants.id-Connect", "target": "RNA-CommonDataTypes.ProcedureCode", "value": 1},
    {"source": "RNA-IEs.Extension-HNB-RNL-ID-IE", "target": "RNA-IEs.GlobalRNC-ID", "value": 1},
    {"source": "RNA-IEs.Extension-HNB-RNL-ID-IE", "target": "RNA-Containers.RNA-PROTOCOL-IES", "value": 1},
    {"source": "RNA-Constants.id-GlobalRNC-ID", "target": "RNA-CommonDataTypes.ProtocolIE-ID", "value": 1},
    {"source": "RNA-Containers.ProtocolExtensionContainer", "target": "RNA-Containers.RNA-PROTOCOL-EXTENSION", "value": 1},
    {"source": "RNA-Containers.ProtocolExtensionContainer", "target": "RNA-Containers.ProtocolExtensionField", "value": 1},
    {"source": "RNA-Containers.ProtocolExtensionContainer", "target": "RNA-CommonDataTypes.maxProtocolExtensions", "value": 1},
    {"source": "RNA-PDU-Descriptions.RNA-ELEMENTARY-PROCEDURE", "target": "RNA-CommonDataTypes.Criticality", "value": 1},
    {"source": "RNA-PDU-Descriptions.RNA-ELEMENTARY-PROCEDURE", "target": "RNA-CommonDataTypes.ProcedureCode", "value": 1},
    {"source": "RNA-PDU-Descriptions.SuccessfulOutcome", "target": "RNA-PDU-Descriptions.RNA-ELEMENTARY-PROCEDURE", "value": 1},
    {"source": "RNA-PDU-Descriptions.SuccessfulOutcome", "target": "RNA-PDU-Descriptions.RNA-ELEMENTARY-PROCEDURE", "value": 1},
    {"source": "RNA-PDU-Descriptions.SuccessfulOutcome", "target": "RNA-PDU-Descriptions.RNA-ELEMENTARY-PROCEDURE", "value": 1},
    {"source": "RNA-PDU-Descriptions.SuccessfulOutcome", "target": "RNA-PDU-Descriptions.RNA-ELEMENTARY-PROCEDURES", "value": 1},
    {"source": "RNA-PDU-Contents.DisconnectIEs", "target": "RNA-IEs.RNSAP-Message", "value": 1},
    {"source": "RNA-PDU-Contents.DisconnectIEs", "target": "RNA-Containers.RNA-PROTOCOL-IES", "value": 1},
    {"source": "RNA-PDU-Contents.DisconnectIEs", "target": "RNA-IEs.Iurh-Signalling-Context-ID", "value": 1},
    {"source": "RNA-PDU-Contents.DisconnectIEs", "target": "RNA-IEs.Cause", "value": 1},
    {"source": "RNA-PDU-Contents.DisconnectIEs", "target": "RNA-IEs.HNB-RNL-ID", "value": 1},
    {"source": "RNA-Constants.id-DirectTransfer", "target": "RNA-CommonDataTypes.ProcedureCode", "value": 1},
    {"source": "RNA-PDU-Contents.ConnectionlessTransferIEs", "target": "RNA-IEs.RNSAP-Message", "value": 1},
    {"source": "RNA-PDU-Contents.ConnectionlessTransferIEs", "target": "RNA-Containers.RNA-PROTOCOL-IES", "value": 1},
    {"source": "RNA-PDU-Contents.ConnectionlessTransferIEs", "target": "RNA-IEs.HNB-RNL-ID", "value": 1},
    {"source": "RNA-PDU-Contents.IurhSetupResponse", "target": "RNA-Containers.ProtocolExtensionContainer", "value": 1},
    {"source": "RNA-PDU-Contents.IurhSetupResponse", "target": "RNA-Containers.ProtocolIE-Container", "value": 1},
    {"source": "RNA-PDU-Contents.IurhSetupResponse", "target": "RNA-PDU-Contents.IurhSetupResponseIEs", "value": 1},
    {"source": "RNA-PDU-Contents.IurhSetupResponse", "target": "RNA-PDU-Contents.IurhSetupResponseExtensions", "value": 1},
    {"source": "RNA-Constants.id-Receivers-HNB-RNL-ID", "target": "RNA-CommonDataTypes.ProtocolIE-ID", "value": 1},
    {"source": "RNA-Constants.id-IurhSetup", "target": "RNA-CommonDataTypes.ProcedureCode", "value": 1},
    {"source": "RNA-Containers.ProtocolIE-Container", "target": "RNA-Containers.RNA-PROTOCOL-IES", "value": 1},
    {"source": "RNA-Containers.ProtocolIE-Container", "target": "RNA-CommonDataTypes.maxProtocolIEs", "value": 1},
    {"source": "RNA-Containers.ProtocolIE-Container", "target": "RNA-Containers.ProtocolIE-Field", "value": 1},
    {"source": "RNA-PDU-Contents.ErrorIndication", "target": "RNA-Containers.ProtocolExtensionContainer", "value": 1},
    {"source": "RNA-PDU-Contents.ErrorIndication", "target": "RNA-Containers.ProtocolIE-Container", "value": 1},
    {"source": "RNA-PDU-Contents.ErrorIndication", "target": "RNA-PDU-Contents.ErrorIndicationExtensions", "value": 1},
    {"source": "RNA-PDU-Contents.ErrorIndication", "target": "RNA-PDU-Contents.ErrorIndicationIEs", "value": 1},
    {"source": "RNA-PDU-Contents.DirectTransferIEs", "target": "RNA-IEs.RNSAP-Message", "value": 1},
    {"source": "RNA-PDU-Contents.DirectTransferIEs", "target": "RNA-Containers.RNA-PROTOCOL-IES", "value": 1},
    {"source": "RNA-PDU-Contents.DirectTransferIEs", "target": "RNA-IEs.Iurh-Signalling-Context-ID", "value": 1},
    {"source": "RNA-PDU-Contents.DirectTransferIEs", "target": "RNA-IEs.HNB-RNL-ID", "value": 1},
    {"source": "RNA-PDU-Contents.ErrorIndicationIEs", "target": "RNA-IEs.Iurh-Signalling-Context-ID", "value": 1},
    {"source": "RNA-PDU-Contents.ErrorIndicationIEs", "target": "RNA-Containers.RNA-PROTOCOL-IES", "value": 1},
    {"source": "RNA-PDU-Contents.ErrorIndicationIEs", "target": "RNA-IEs.CriticalityDiagnostics", "value": 1},
    {"source": "RNA-PDU-Contents.ErrorIndicationIEs", "target": "RNA-IEs.Cause", "value": 1},
    {"source": "RNA-PDU-Contents.ErrorIndicationIEs", "target": "RNA-IEs.HNB-RNL-ID", "value": 1},
    {"source": "RNA-PDU-Descriptions.RNA-PDU", "target": "RNA-PDU-Descriptions.SuccessfulOutcome", "value": 1},
    {"source": "RNA-PDU-Descriptions.RNA-PDU", "target": "RNA-PDU-Descriptions.InitiatingMessage", "value": 1},
    {"source": "RNA-PDU-Descriptions.RNA-PDU", "target": "RNA-PDU-Descriptions.UnsuccessfulOutcome", "value": 1},
    {"source": "RNA-IEs.HNB-Cell-Identifier-ExtIEs", "target": "RNA-Containers.RNA-PROTOCOL-EXTENSION", "value": 1},
    {"source": "RNA-PDU-Descriptions.iurhsetup", "target": "RNA-PDU-Descriptions.RNA-ELEMENTARY-PROCEDURE", "value": 1},
    {"source": "RNA-PDU-Descriptions.iurhsetup", "target": "RNA-PDU-Contents.IurhSetupFailure", "value": 1},
    {"source": "RNA-PDU-Descriptions.iurhsetup", "target": "RNA-PDU-Contents.IurhSetupRequest", "value": 1},
    {"source": "RNA-PDU-Descriptions.iurhsetup", "target": "RNA-PDU-Contents.IurhSetupResponse", "value": 1},
    {"source": "RNA-PDU-Contents.ConnectionlessTransferExtensions", "target": "RNA-Containers.RNA-PROTOCOL-EXTENSION", "value": 1},
    {"source": "RNA-Constants.id-BackoffTimer", "target": "RNA-CommonDataTypes.ProtocolIE-ID", "value": 1},
    {"source": "RNA-Constants.id-CriticalityDiagnostics", "target": "RNA-CommonDataTypes.ProtocolIE-ID", "value": 1},
    {"source": "RNA-IEs.CriticalityDiagnostics-ExtIEs", "target": "RNA-Containers.RNA-PROTOCOL-EXTENSION", "value": 1},
    {"source": "RNA-PDU-Contents.IurhSetupRequestIEs", "target": "RNA-Containers.RNA-PROTOCOL-IES", "value": 1},
    {"source": "RNA-PDU-Contents.IurhSetupRequestIEs", "target": "RNA-IEs.HNB-RNL-ID", "value": 1},
    {"source": "RNA-IEs.CriticalityDiagnostics", "target": "RNA-CommonDataTypes.Criticality", "value": 1},
    {"source": "RNA-IEs.CriticalityDiagnostics", "target": "RNA-CommonDataTypes.ProcedureCode", "value": 1},
    {"source": "RNA-IEs.CriticalityDiagnostics", "target": "RNA-IEs.CriticalityDiagnostics-ExtIEs", "value": 1},
    {"source": "RNA-IEs.CriticalityDiagnostics", "target": "RNA-Containers.ProtocolExtensionContainer", "value": 1},
    {"source": "RNA-IEs.CriticalityDiagnostics", "target": "RNA-CommonDataTypes.TriggeringMessage", "value": 1},
    {"source": "RNA-IEs.CriticalityDiagnostics", "target": "RNA-IEs.CriticalityDiagnostics-IE-List", "value": 1},
    {"source": "RNA-Constants.id-ConnectionlessTransfer", "target": "RNA-CommonDataTypes.ProcedureCode", "value": 1},
    {"source": "RNA-Constants.id-Senders-HNB-RNL-ID", "target": "RNA-CommonDataTypes.ProtocolIE-ID", "value": 1},
    {"source": "RNA-IEs.GlobalRNC-ID", "target": "RNA-Containers.ProtocolExtensionContainer", "value": 1},
    {"source": "RNA-IEs.GlobalRNC-ID", "target": "RNA-IEs.GlobalRNC-ID-ExtIEs", "value": 1},
    {"source": "RNA-IEs.GlobalRNC-ID", "target": "RNA-IEs.PLMN-ID", "value": 1},
    {"source": "RNA-PDU-Contents.PrivateMessage", "target": "RNA-PDU-Contents.PrivateMessage-IEs", "value": 1},
    {"source": "RNA-PDU-Contents.PrivateMessage", "target": "RNA-Containers.PrivateIE-Container", "value": 1},
    {"source": "RNA-Constants.id-HNB-Cell-Identifier", "target": "RNA-CommonDataTypes.ProtocolIE-ID", "value": 1},
    {"source": "RNA-Containers.RNA-PRIVATE-IES", "target": "RNA-CommonDataTypes.Criticality", "value": 1},
    {"source": "RNA-Containers.RNA-PRIVATE-IES", "target": "RNA-CommonDataTypes.PrivateIE-ID", "value": 1},
    {"source": "RNA-Containers.RNA-PRIVATE-IES", "target": "RNA-CommonDataTypes.Presence", "value": 1},
    {"source": "RNA-IEs.Extension-HNB-RNL-ID", "target": "RNA-Containers.ProtocolIE-Single-Container", "value": 1},
    {"source": "RNA-IEs.Extension-HNB-RNL-ID", "target": "RNA-IEs.Extension-HNB-RNL-ID-IE", "value": 1},
    {"source": "RNA-IEs.HNB-Cell-Identifier", "target": "RNA-Containers.ProtocolExtensionContainer", "value": 1},
    {"source": "RNA-IEs.HNB-Cell-Identifier", "target": "RNA-IEs.CellIdentity", "value": 1},
    {"source": "RNA-IEs.HNB-Cell-Identifier", "target": "RNA-IEs.HNB-Cell-Identifier-ExtIEs", "value": 1},
    {"source": "RNA-IEs.HNB-Cell-Identifier", "target": "RNA-IEs.PLMN-ID", "value": 1},
    {"source": "RNA-Containers.ProtocolIE-Field", "target": "RNA-Containers.RNA-PROTOCOL-IES", "value": 1},
    {"source": "RNA-Containers.ProtocolIE-Field", "target": "RNA-Containers.RNA-PROTOCOL-IES", "value": 1},
    {"source": "RNA-Containers.ProtocolIE-Field", "target": "RNA-Containers.RNA-PROTOCOL-IES", "value": 1},
    {"source": "RNA-Containers.ProtocolIE-Field", "target": "RNA-Containers.RNA-PROTOCOL-IES", "value": 1},
    {"source": "RNA-PDU-Contents.DisconnectExtensions", "target": "RNA-Containers.RNA-PROTOCOL-EXTENSION", "value": 1},
    {"source": "RNA-Constants.id-Disconnect", "target": "RNA-CommonDataTypes.ProcedureCode", "value": 1},
    {"source": "RNA-PDU-Contents.IurhSetupRequestExtensions", "target": "RNA-Containers.RNA-PROTOCOL-EXTENSION", "value": 1},
    {"source": "RNA-Constants.id-ErrorIndication", "target": "RNA-CommonDataTypes.ProcedureCode", "value": 1},
    {"source": "RNA-Containers.ProtocolIE-Single-Container", "target": "RNA-Containers.RNA-PROTOCOL-IES", "value": 1},
    {"source": "RNA-Containers.ProtocolIE-Single-Container", "target": "RNA-Containers.ProtocolIE-Field", "value": 1},
    {"source": "RNA-PDU-Descriptions.RNA-ELEMENTARY-PROCEDURES-CLASS-2", "target": "RNA-PDU-Descriptions.disconnect", "value": 1},
    {"source": "RNA-PDU-Descriptions.RNA-ELEMENTARY-PROCEDURES-CLASS-2", "target": "RNA-PDU-Descriptions.directTransfer", "value": 1},
    {"source": "RNA-PDU-Descriptions.RNA-ELEMENTARY-PROCEDURES-CLASS-2", "target": "RNA-PDU-Descriptions.errorIndication", "value": 1},
    {"source": "RNA-PDU-Descriptions.RNA-ELEMENTARY-PROCEDURES-CLASS-2", "target": "RNA-PDU-Descriptions.connect", "value": 1},
    {"source": "RNA-PDU-Descriptions.RNA-ELEMENTARY-PROCEDURES-CLASS-2", "target": "RNA-PDU-Descriptions.RNA-ELEMENTARY-PROCEDURE", "value": 1},
    {"source": "RNA-PDU-Descriptions.RNA-ELEMENTARY-PROCEDURES-CLASS-2", "target": "RNA-PDU-Descriptions.connectionlessTransfer", "value": 1},
    {"source": "RNA-PDU-Descriptions.RNA-ELEMENTARY-PROCEDURES-CLASS-2", "target": "RNA-PDU-Descriptions.privateMessage", "value": 1},
    {"source": "RNA-Containers.RNA-PROTOCOL-EXTENSION", "target": "RNA-CommonDataTypes.Criticality", "value": 1},
    {"source": "RNA-Containers.RNA-PROTOCOL-EXTENSION", "target": "RNA-CommonDataTypes.Presence", "value": 1},
    {"source": "RNA-Containers.RNA-PROTOCOL-EXTENSION", "target": "RNA-CommonDataTypes.ProtocolIE-ID", "value": 1},
    {"source": "RNA-PDU-Contents.IurhSetupResponseExtensions", "target": "RNA-Containers.RNA-PROTOCOL-EXTENSION", "value": 1},
    {"source": "RNA-IEs.CriticalityDiagnostics-IE-List-ExtIEs", "target": "RNA-Containers.RNA-PROTOCOL-EXTENSION", "value": 1},
    {"source": "RNA-PDU-Descriptions.connect", "target": "RNA-PDU-Descriptions.RNA-ELEMENTARY-PROCEDURE", "value": 1},
    {"source": "RNA-PDU-Descriptions.connect", "target": "RNA-PDU-Contents.Connect", "value": 1},
    {"source": "RNA-IEs.CriticalityDiagnostics-IE-List", "target": "RNA-CommonDataTypes.Criticality", "value": 1},
    {"source": "RNA-IEs.CriticalityDiagnostics-IE-List", "target": "RNA-IEs.TypeOfError", "value": 1},
    {"source": "RNA-IEs.CriticalityDiagnostics-IE-List", "target": "RNA-IEs.CriticalityDiagnostics-IE-List-ExtIEs", "value": 1},
    {"source": "RNA-IEs.CriticalityDiagnostics-IE-List", "target": "RNA-CommonDataTypes.ProtocolIE-ID", "value": 1},
    {"source": "RNA-IEs.CriticalityDiagnostics-IE-List", "target": "RNA-Containers.ProtocolExtensionContainer", "value": 1},
    {"source": "RNA-IEs.CriticalityDiagnostics-IE-List", "target": "RNA-Constants.maxNrOfErrors", "value": 1},
    {"source": "RNA-PDU-Contents.ConnectExtensions", "target": "RNA-Containers.RNA-PROTOCOL-EXTENSION", "value": 1}
  ]
}
