{
  "_comment": "code automatically generated by pycrate_asn1c",
  "nodes": [
    {"id": "RUA-CommonDataTypes.maxPrivateIEs", "group": 2},
    {"id": "RUA-CommonDataTypes.maxProtocolExtensions", "group": 2},
    {"id": "RUA-CommonDataTypes.maxProtocolIEs", "group": 2},
    {"id": "RUA-CommonDataTypes.Criticality", "group": 2},
    {"id": "RUA-CommonDataTypes.Presence", "group": 2},
    {"id": "RUA-CommonDataTypes.ProcedureCode", "group": 2},
    {"id": "RUA-CommonDataTypes.PrivateIE-ID", "group": 2},
    {"id": "RUA-CommonDataTypes.ProtocolIE-ID", "group": 2},
    {"id": "RUA-CommonDataTypes.TriggeringMessage", "group": 2},
    {"id": "RUA-Constants.id-Connect", "group": 3},
    {"id": "RUA-Constants.id-DirectTransfer", "group": 3},
    {"id": "RUA-Constants.id-Disconnect", "group": 3},
    {"id": "RUA-Constants.id-ConnectionlessTransfer", "group": 3},
    {"id": "RUA-Constants.id-ErrorIndication", "group": 3},
    {"id": "RUA-Constants.id-privateMessage", "group": 3},
    {"id": "RUA-Constants.maxNrOfErrors", "group": 3},
    {"id": "RUA-Constants.id-Cause", "group": 3},
    {"id": "RUA-Constants.id-CriticalityDiagnostics", "group": 3},
    {"id": "RUA-Constants.id-Context-ID", "group": 3},
    {"id": "RUA-Constants.id-RANAP-Message", "group": 3},
    {"id": "RUA-Constants.id-IntraDomainNasNodeSelector", "group": 3},
    {"id": "RUA-Constants.id-Establishment-Cause", "group": 3},
    {"id": "RUA-Constants.id-CN-DomainIndicator", "group": 3},
    {"id": "RUA-Constants.id-CSGMembershipStatus", "group": 3},
    {"id": "RUA-Containers.RUA-PRIVATE-IES", "group": 4},
    {"id": "RUA-Containers.RUA-PROTOCOL-IES", "group": 4},
    {"id": "RUA-Containers.RUA-PROTOCOL-EXTENSION", "group": 4},
    {"id": "RUA-Containers.ProtocolIE-Field", "group": 4},
    {"id": "RUA-Containers.ProtocolExtensionField", "group": 4},
    {"id": "RUA-Containers.PrivateIE-Field", "group": 4},
    {"id": "RUA-IEs.CN-DomainIndicator", "group": 5},
    {"id": "RUA-IEs.CSGMembershipStatus", "group": 5},
    {"id": "RUA-IEs.Establishment-Cause", "group": 5},
    {"id": "RUA-IEs.Context-ID", "group": 5},
    {"id": "RUA-IEs.IntraDomainNasNodeSelector", "group": 5},
    {"id": "RUA-IEs.Gsm-map-IDNNS", "group": 5},
    {"id": "RUA-IEs.Ansi-41-IDNNS", "group": 5},
    {"id": "RUA-IEs.RANAP-Message", "group": 5},
    {"id": "RUA-IEs.RoutingParameter", "group": 5},
    {"id": "RUA-IEs.Cause", "group": 5},
    {"id": "RUA-IEs.CauseRadioNetwork", "group": 5},
    {"id": "RUA-IEs.CauseTransport", "group": 5},
    {"id": "RUA-IEs.CauseProtocol", "group": 5},
    {"id": "RUA-IEs.CauseMisc", "group": 5},
    {"id": "RUA-IEs.CriticalityDiagnostics-IE-List-ExtIEs", "group": 5},
    {"id": "RUA-IEs.CriticalityDiagnostics-ExtIEs", "group": 5},
    {"id": "RUA-IEs.TypeOfError", "group": 5},
    {"id": "RUA-PDU-Contents.ConnectIEs", "group": 6},
    {"id": "RUA-PDU-Contents.ConnectExtensions", "group": 6},
    {"id": "RUA-PDU-Contents.DirectTransferIEs", "group": 6},
    {"id": "RUA-PDU-Contents.DirectTransferExtensions", "group": 6},
    {"id": "RUA-PDU-Contents.DisconnectIEs", "group": 6},
    {"id": "RUA-PDU-Contents.DisconnectExtensions", "group": 6},
    {"id": "RUA-PDU-Contents.ConnectionlessTransferIEs", "group": 6},
    {"id": "RUA-PDU-Contents.ConnectionlessTransferExtensions", "group": 6},
    {"id": "RUA-PDU-Contents.ErrorIndicationIEs", "group": 6},
    {"id": "RUA-PDU-Contents.ErrorIndicationExtensions", "group": 6},
    {"id": "RUA-PDU-Contents.PrivateMessage-IEs", "group": 6},
    {"id": "RUA-PDU-Descriptions.RUA-ELEMENTARY-PROCEDURE", "group": 7},
    {"id": "RUA-PDU-Descriptions.RUA-PDU", "group": 7},
    {"id": "RUA-PDU-Descriptions.RUA-ELEMENTARY-PROCEDURES-CLASS-1", "group": 7},
    {"id": "RUA-PDU-Descriptions.connectionRequest", "group": 7},
    {"id": "RUA-PDU-Descriptions.directTransfer", "group": 7},
    {"id": "RUA-PDU-Descriptions.disconnectRequest", "group": 7},
    {"id": "RUA-PDU-Descriptions.connectionlessTransfer", "group": 7},
    {"id": "RUA-PDU-Descriptions.errorIndication", "group": 7},
    {"id": "RUA-PDU-Descriptions.privateMessage", "group": 7},
    {"id": "RUA-Containers.ProtocolIE-Container", "group": 4},
    {"id": "RUA-Containers.ProtocolIE-Single-Container", "group": 4},
    {"id": "RUA-Containers.ProtocolIE-ContainerList", "group": 4},
    {"id": "RUA-Containers.ProtocolExtensionContainer", "group": 4},
    {"id": "RUA-Containers.PrivateIE-Container", "group": 4},
    {"id": "RUA-IEs.CriticalityDiagnostics", "group": 5},
    {"id": "RUA-IEs.CriticalityDiagnostics-IE-List", "group": 5},
    {"id": "RUA-PDU-Contents.Connect", "group": 6},
    {"id": "RUA-PDU-Contents.DirectTransfer", "group": 6},
    {"id": "RUA-PDU-Contents.Disconnect", "group": 6},
    {"id": "RUA-PDU-Contents.ConnectionlessTransfer", "group": 6},
    {"id": "RUA-PDU-Contents.ErrorIndication", "group": 6},
    {"id": "RUA-PDU-Contents.PrivateMessage", "group": 6},
    {"id": "RUA-PDU-Descriptions.RUA-ELEMENTARY-PROCEDURES-CLASS-2", "group": 7},
    {"id": "RUA-PDU-Descriptions.RUA-ELEMENTARY-PROCEDURES", "group": 7},
    {"id": "RUA-PDU-Descriptions.InitiatingMessage", "group": 7},
    {"id": "RUA-PDU-Descriptions.SuccessfulOutcome", "group": 7}
  ],
  "links": [
    {"source": "RUA-Containers.ProtocolExtensionContainer", "target": "RUA-Containers.RUA-PROTOCOL-EXTENSION", "value": 1},
    {"source": "RUA-Containers.ProtocolExtensionContainer", "target": "RUA-Containers.ProtocolExtensionField", "value": 1},
    {"source": "RUA-Containers.ProtocolExtensionContainer", "target": "RUA-CommonDataTypes.maxProtocolExtensions", "value": 1},
    {"source": "RUA-PDU-Contents.Connect", "target": "RUA-PDU-Contents.ConnectIEs", "value": 1},
    {"source": "RUA-PDU-Contents.Connect", "target": "RUA-PDU-Contents.ConnectExtensions", "value": 1},
    {"source": "RUA-PDU-Contents.Connect", "target": "RUA-Containers.ProtocolExtensionContainer", "value": 1},
    {"source": "RUA-PDU-Contents.Connect", "target": "RUA-Containers.ProtocolIE-Container", "value": 1},
    {"source": "RUA-PDU-Contents.ConnectionlessTransferExtensions", "target": "RUA-Containers.RUA-PROTOCOL-EXTENSION", "value": 1},
    {"source": "RUA-IEs.Gsm-map-IDNNS", "target": "RUA-IEs.RoutingParameter", "value": 1},
    {"source": "RUA-PDU-Descriptions.RUA-ELEMENTARY-PROCEDURES-CLASS-2", "target": "RUA-PDU-Descriptions.privateMessage", "value": 1},
    {"source": "RUA-PDU-Descriptions.RUA-ELEMENTARY-PROCEDURES-CLASS-2", "target": "RUA-PDU-Descriptions.RUA-ELEMENTARY-PROCEDURE", "value": 1},
    {"source": "RUA-PDU-Descriptions.RUA-ELEMENTARY-PROCEDURES-CLASS-2", "target": "RUA-PDU-Descriptions.connectionRequest", "value": 1},
    {"source": "RUA-PDU-Descriptions.RUA-ELEMENTARY-PROCEDURES-CLASS-2", "target": "RUA-PDU-Descriptions.directTransfer", "value": 1},
    {"source": "RUA-PDU-Descriptions.RUA-ELEMENTARY-PROCEDURES-CLASS-2", "target": "RUA-PDU-Descriptions.disconnectRequest", "value": 1},
    {"source": "RUA-PDU-Descriptions.RUA-ELEMENTARY-PROCEDURES-CLASS-2", "target": "RUA-PDU-Descriptions.errorIndication", "value": 1},
    {"source": "RUA-PDU-Descriptions.RUA-ELEMENTARY-PROCEDURES-CLASS-2", "target": "RUA-PDU-Descriptions.connectionlessTransfer", "value": 1},
    {"source": "RUA-PDU-Contents.PrivateMessage-IEs", "target": "RUA-Containers.RUA-PRIVATE-IES", "value": 1},
    {"source": "RUA-PDU-Contents.DirectTransferExtensions", "target": "RUA-Containers.RUA-PROTOCOL-EXTENSION", "value": 1},
    {"source": "RUA-PDU-Descriptions.RUA-ELEMENTARY-PROCEDURE", "target": "RUA-CommonDataTypes.Criticality", "value": 1},
    {"source": "RUA-PDU-Descriptions.RUA-ELEMENTARY-PROCEDURE", "target": "RUA-CommonDataTypes.ProcedureCode", "value": 1},
    {"source": "RUA-PDU-Contents.Disconnect", "target": "RUA-PDU-Contents.DisconnectExtensions", "value": 1},
    {"source": "RUA-PDU-Contents.Disconnect", "target": "RUA-PDU-Contents.DisconnectIEs", "value": 1},
    {"source": "RUA-PDU-Contents.Disconnect", "target": "RUA-Containers.ProtocolExtensionContainer", "value": 1},
    {"source": "RUA-PDU-Contents.Disconnect", "target": "RUA-Containers.ProtocolIE-Container", "value": 1},
    {"source": "RUA-Constants.id-CriticalityDiagnostics", "target": "RUA-CommonDataTypes.ProtocolIE-ID", "value": 1},
    {"source": "RUA-PDU-Descriptions.disconnectRequest", "target": "RUA-PDU-Contents.Disconnect", "value": 1},
    {"source": "RUA-PDU-Descriptions.disconnectRequest", "target": "RUA-PDU-Descriptions.RUA-ELEMENTARY-PROCEDURE", "value": 1},
    {"source": "RUA-PDU-Descriptions.connectionRequest", "target": "RUA-PDU-Contents.Connect", "value": 1},
    {"source": "RUA-PDU-Descriptions.connectionRequest", "target": "RUA-PDU-Descriptions.RUA-ELEMENTARY-PROCEDURE", "value": 1},
    {"source": "RUA-PDU-Contents.DirectTransferIEs", "target": "RUA-Containers.RUA-PROTOCOL-IES", "value": 1},
    {"source": "RUA-PDU-Contents.DirectTransferIEs", "target": "RUA-IEs.Context-ID", "value": 1},
    {"source": "RUA-PDU-Contents.DirectTransferIEs", "target": "RUA-IEs.CN-DomainIndicator", "value": 1},
    {"source": "RUA-PDU-Contents.DirectTransferIEs", "target": "RUA-IEs.RANAP-Message", "value": 1},
    {"source": "RUA-PDU-Contents.ErrorIndication", "target": "RUA-PDU-Contents.ErrorIndicationExtensions", "value": 1},
    {"source": "RUA-PDU-Contents.ErrorIndication", "target": "RUA-Containers.ProtocolExtensionContainer", "value": 1},
    {"source": "RUA-PDU-Contents.ErrorIndication", "target": "RUA-PDU-Contents.ErrorIndicationIEs", "value": 1},
    {"source": "RUA-PDU-Contents.ErrorIndication", "target": "RUA-Containers.ProtocolIE-Container", "value": 1},
    {"source": "RUA-Constants.id-CN-DomainIndicator", "target": "RUA-CommonDataTypes.ProtocolIE-ID", "value": 1},
    {"source": "RUA-Containers.RUA-PROTOCOL-IES", "target": "RUA-CommonDataTypes.Criticality", "value": 1},
    {"source": "RUA-Containers.RUA-PROTOCOL-IES", "target": "RUA-CommonDataTypes.ProtocolIE-ID", "value": 1},
    {"source": "RUA-Containers.RUA-PROTOCOL-IES", "target": "RUA-CommonDataTypes.Presence", "value": 1},
    {"source": "RUA-Containers.ProtocolIE-ContainerList", "target": "RUA-Containers.RUA-PROTOCOL-IES", "value": 1},
    {"source": "RUA-Containers.ProtocolIE-ContainerList", "target": "RUA-Containers.ProtocolIE-Container", "value": 1},
    {"source": "RUA-PDU-Contents.ConnectionlessTransfer", "target": "RUA-Containers.ProtocolIE-Container", "value": 1},
    {"source": "RUA-PDU-Contents.ConnectionlessTransfer", "target": "RUA-PDU-Contents.ConnectionlessTransferExtensions", "value": 1},
    {"source": "RUA-PDU-Contents.ConnectionlessTransfer", "target": "RUA-Containers.ProtocolExtensionContainer", "value": 1},
    {"source": "RUA-PDU-Contents.ConnectionlessTransfer", "target": "RUA-PDU-Contents.ConnectionlessTransferIEs", "value": 1},
    {"source": "RUA-Constants.id-ErrorIndication", "target": "RUA-CommonDataTypes.ProcedureCode", "value": 1},
    {"source": "RUA-PDU-Contents.DisconnectExtensions", "target": "RUA-Containers.RUA-PROTOCOL-EXTENSION", "value": 1},
    {"source": "RUA-Containers.PrivateIE-Container", "target": "RUA-Containers.RUA-PRIVATE-IES", "value": 1},
    {"source": "RUA-Containers.PrivateIE-Container", "target": "RUA-CommonDataTypes.maxPrivateIEs", "value": 1},
    {"source": "RUA-Containers.PrivateIE-Container", "target": "RUA-Containers.PrivateIE-Field", "value": 1},
    {"source": "RUA-Containers.ProtocolIE-Field", "target": "RUA-Containers.RUA-PROTOCOL-IES", "value": 1},
    {"source": "RUA-Containers.ProtocolIE-Field", "target": "RUA-Containers.RUA-PROTOCOL-IES", "value": 1},
    {"source": "RUA-Containers.ProtocolIE-Field", "target": "RUA-Containers.RUA-PROTOCOL-IES", "value": 1},
    {"source": "RUA-Containers.ProtocolIE-Field", "target": "RUA-Containers.RUA-PROTOCOL-IES", "value": 1},
    {"source": "RUA-Containers.ProtocolIE-Single-Container", "target": "RUA-Containers.RUA-PROTOCOL-IES", "value": 1},
    {"source": "RUA-Containers.ProtocolIE-Single-Container", "target": "RUA-Containers.ProtocolIE-Field", "value": 1},
    {"source": "RUA-Constants.id-ConnectionlessTransfer", "target": "RUA-CommonDataTypes.ProcedureCode", "value": 1},
    {"source": "RUA-Constants.id-Establishment-Cause", "target": "RUA-CommonDataTypes.ProtocolIE-ID", "value": 1},
    {"source": "RUA-IEs.Cause", "target": "RUA-IEs.CauseMisc", "value": 1},
    {"source": "RUA-IEs.Cause", "target": "RUA-IEs.CauseRadioNetwork", "value": 1},
    {"source": "RUA-IEs.Cause", "target": "RUA-IEs.CauseProtocol", "value": 1},
    {"source": "RUA-IEs.Cause", "target": "RUA-IEs.CauseTransport", "value": 1},
    {"source": "RUA-PDU-Descriptions.RUA-ELEMENTARY-PROCEDURES-CLASS-1", "target": "RUA-PDU-Descriptions.RUA-ELEMENTARY-PROCEDURE", "value": 1},
    {"source": "RUA-Constants.id-Cause", "target": "RUA-CommonDataTypes.ProtocolIE-ID", "value": 1},
    {"source": "RUA-IEs.IntraDomainNasNodeSelector", "target": "RUA-IEs.Ansi-41-IDNNS", "value": 1},
    {"source": "RUA-IEs.IntraDomainNasNodeSelector", "target": "RUA-IEs.Gsm-map-IDNNS", "value": 1},
    {"source": "RUA-Constants.id-RANAP-Message", "target": "RUA-CommonDataTypes.ProtocolIE-ID", "value": 1},
    {"source": "RUA-Constants.id-Connect", "target": "RUA-CommonDataTypes.ProcedureCode", "value": 1},
    {"source": "RUA-IEs.CriticalityDiagnostics-IE-List", "target": "RUA-IEs.TypeOfError", "value": 1},
    {"source": "RUA-IEs.CriticalityDiagnostics-IE-List", "target": "RUA-Constants.maxNrOfErrors", "value": 1},
    {"source": "RUA-IEs.CriticalityDiagnostics-IE-List", "target": "RUA-Containers.ProtocolExtensionContainer", "value": 1},
    {"source": "RUA-IEs.CriticalityDiagnostics-IE-List", "target": "RUA-IEs.CriticalityDiagnostics-IE-List-ExtIEs", "value": 1},
    {"source": "RUA-IEs.CriticalityDiagnostics-IE-List", "target": "RUA-CommonDataTypes.Criticality", "value": 1},
    {"source": "RUA-IEs.CriticalityDiagnostics-IE-List", "target": "RUA-CommonDataTypes.ProtocolIE-ID", "value": 1},
    {"source": "RUA-Constants.id-DirectTransfer", "target": "RUA-CommonDataTypes.ProcedureCode", "value": 1},
    {"source": "RUA-Containers.PrivateIE-Field", "target": "RUA-Containers.RUA-PRIVATE-IES", "value": 1},
    {"source": "RUA-Containers.PrivateIE-Field", "target": "RUA-Containers.RUA-PRIVATE-IES", "value": 1},
    {"source": "RUA-Containers.PrivateIE-Field", "target": "RUA-Containers.RUA-PRIVATE-IES", "value": 1},
    {"source": "RUA-Containers.PrivateIE-Field", "target": "RUA-Containers.RUA-PRIVATE-IES", "value": 1},
    {"source": "RUA-PDU-Contents.DisconnectIEs", "target": "RUA-Containers.RUA-PROTOCOL-IES", "value": 1},
    {"source": "RUA-PDU-Contents.DisconnectIEs", "target": "RUA-IEs.Cause", "value": 1},
    {"source": "RUA-PDU-Contents.DisconnectIEs", "target": "RUA-IEs.Context-ID", "value": 1},
    {"source": "RUA-PDU-Contents.DisconnectIEs", "target": "RUA-IEs.CN-DomainIndicator", "value": 1},
    {"source": "RUA-PDU-Contents.DisconnectIEs", "target": "RUA-IEs.RANAP-Message", "value": 1},
    {"source": "RUA-Constants.id-CSGMembershipStatus", "target": "RUA-CommonDataTypes.ProtocolIE-ID", "value": 1},
    {"source": "RUA-Constants.id-privateMessage", "target": "RUA-CommonDataTypes.ProcedureCode", "value": 1},
    {"source": "RUA-Containers.ProtocolIE-Container", "target": "RUA-Containers.RUA-PROTOCOL-IES", "value": 1},
    {"source": "RUA-Containers.ProtocolIE-Container", "target": "RUA-CommonDataTypes.maxProtocolIEs", "value": 1},
    {"source": "RUA-Containers.ProtocolIE-Container", "target": "RUA-Containers.ProtocolIE-Field", "value": 1},
    {"source": "RUA-Containers.RUA-PROTOCOL-EXTENSION", "target": "RUA-CommonDataTypes.Criticality", "value": 1},
    {"source": "RUA-Containers.RUA-PROTOCOL-EXTENSION", "target": "RUA-CommonDataTypes.ProtocolIE-ID", "value": 1},
    {"source": "RUA-Containers.RUA-PROTOCOL-EXTENSION", "target": "RUA-CommonDataTypes.Presence", "value": 1},
    {"source": "RUA-Containers.ProtocolExtensionField", "target": "RUA-Containers.RUA-PROTOCOL-EXTENSION", "value": 1},
    {"source": "RUA-Containers.ProtocolExtensionField", "target": "RUA-Containers.RUA-PROTOCOL-EXTENSION", "value": 1},
    {"source": "RUA-Containers.ProtocolExtensionField", "target": "RUA-Containers.RUA-PROTOCOL-EXTENSION", "value": 1},
    {"source": "RUA-Containers.ProtocolExtensionField", "target": "RUA-Containers.RUA-PROTOCOL-EXTENSION", "value": 1},
    {"source": "RUA-PDU-Contents.DirectTransfer", "target": "RUA-Containers.ProtocolIE-Container", "value": 1},
    {"source": "RUA-PDU-Contents.DirectTransfer", "target": "RUA-PDU-Contents.DirectTransferExtensions", "value": 1},
    {"source": "RUA-PDU-Contents.DirectTransfer", "target": "RUA-Containers.ProtocolExtensionContainer", "value": 1},
    {"source": "RUA-PDU-Contents.DirectTransfer", "target": "RUA-PDU-Contents.DirectTransferIEs", "value": 1},
    {"source": "RUA-PDU-Contents.PrivateMessage", "target": "RUA-Containers.PrivateIE-Container", "value": 1},
    {"source": "RUA-PDU-Contents.PrivateMessage", "target": "RUA-PDU-Contents.PrivateMessage-IEs", "value": 1},
    {"source": "RUA-PDU-Descriptions.RUA-ELEMENTARY-PROCEDURES", "target": "RUA-PDU-Descriptions.RUA-ELEMENTARY-PROCEDURES-CLASS-2", "value": 1},
    {"source": "RUA-PDU-Descriptions.RUA-ELEMENTARY-PROCEDURES", "target": "RUA-PDU-Descriptions.RUA-ELEMENTARY-PROCEDURES-CLASS-1", "value": 1},
    {"source": "RUA-PDU-Descriptions.RUA-ELEMENTARY-PROCEDURES", "target": "RUA-PDU-Descriptions.RUA-ELEMENTARY-PROCEDURE", "value": 1},
    {"source": "RUA-IEs.CriticalityDiagnostics", "target": "RUA-IEs.CriticalityDiagnostics-ExtIEs", "value": 1},
    {"source": "RUA-IEs.CriticalityDiagnostics", "target": "RUA-IEs.CriticalityDiagnostics-IE-List", "value": 1},
    {"source": "RUA-IEs.CriticalityDiagnostics", "target": "RUA-Containers.ProtocolExtensionContainer", "value": 1},
    {"source": "RUA-IEs.CriticalityDiagnostics", "target": "RUA-CommonDataTypes.TriggeringMessage", "value": 1},
    {"source": "RUA-IEs.CriticalityDiagnostics", "target": "RUA-CommonDataTypes.Criticality", "value": 1},
    {"source": "RUA-IEs.CriticalityDiagnostics", "target": "RUA-CommonDataTypes.ProcedureCode", "value": 1},
    {"source": "RUA-PDU-Contents.ConnectionlessTransferIEs", "target": "RUA-Containers.RUA-PROTOCOL-IES", "value": 1},
    {"source": "RUA-PDU-Contents.ConnectionlessTransferIEs", "target": "RUA-IEs.RANAP-Message", "value": 1},
    {"source": "RUA-PDU-Descriptions.RUA-PDU", "target": "RUA-PDU-Descriptions.InitiatingMessage", "value": 1},
    {"source": "RUA-PDU-Descriptions.RUA-PDU", "target": "RUA-PDU-Descriptions.UnsuccessfulOutcome", "value": 1},
    {"source": "RUA-PDU-Descriptions.RUA-PDU", "target": "RUA-PDU-Descriptions.SuccessfulOutcome", "value": 1},
    {"source": "RUA-PDU-Descriptions.directTransfer", "target": "RUA-PDU-Contents.DirectTransfer", "value": 1},
    {"source": "RUA-PDU-Descriptions.directTransfer", "target": "RUA-PDU-Descriptions.RUA-ELEMENTARY-PROCEDURE", "value": 1},
    {"source": "RUA-IEs.CriticalityDiagnostics-ExtIEs", "target": "RUA-Containers.RUA-PROTOCOL-EXTENSION", "value": 1},
    {"source": "RUA-Containers.RUA-PRIVATE-IES", "target": "RUA-CommonDataTypes.Criticality", "value": 1},
    {"source": "RUA-Containers.RUA-PRIVATE-IES", "target": "RUA-CommonDataTypes.Presence", "value": 1},
    {"source": "RUA-Containers.RUA-PRIVATE-IES", "target": "RUA-CommonDataTypes.PrivateIE-ID", "value": 1},
    {"source": "RUA-PDU-Contents.ErrorIndicationExtensions", "target": "RUA-Containers.RUA-PROTOCOL-EXTENSION", "value": 1},
    {"source": "RUA-CommonDataTypes.ProtocolIE-ID", "target": "RUA-CommonDataTypes.maxProtocolIEs", "value": 1},
    {"source": "RUA-PDU-Descriptions.InitiatingMessage", "target": "RUA-PDU-Descriptions.RUA-ELEMENTARY-PROCEDURE", "value": 1},
    {"source": "RUA-PDU-Descriptions.InitiatingMessage", "target": "RUA-PDU-Descriptions.RUA-ELEMENTARY-PROCEDURE", "value": 1},
    {"source": "RUA-PDU-Descriptions.InitiatingMessage", "target": "RUA-PDU-Descriptions.RUA-ELEMENTARY-PROCEDURE", "value": 1},
    {"source": "RUA-PDU-Descriptions.InitiatingMessage", "target": "RUA-PDU-Descriptions.RUA-ELEMENTARY-PROCEDURES", "value": 1},
    {"source": "RUA-Constants.id-Disconnect", "target": "RUA-CommonDataTypes.ProcedureCode", "value": 1},
    {"source": "RUA-IEs.CriticalityDiagnostics-IE-List-ExtIEs", "target": "RUA-Containers.RUA-PROTOCOL-EXTENSION", "value": 1},
    {"source": "RUA-PDU-Contents.ConnectIEs", "target": "RUA-IEs.RANAP-Message", "value": 1},
    {"source": "RUA-PDU-Contents.ConnectIEs", "target": "RUA-Containers.RUA-PROTOCOL-IES", "value": 1},
    {"source": "RUA-PDU-Contents.ConnectIEs", "target": "RUA-IEs.Context-ID", "value": 1},
    {"source": "RUA-PDU-Contents.ConnectIEs", "target": "RUA-IEs.CN-DomainIndicator", "value": 1},
    {"source": "RUA-PDU-Contents.ConnectIEs", "target": "RUA-IEs.Establishment-Cause", "value": 1},
    {"source": "RUA-PDU-Contents.ConnectIEs", "target": "RUA-IEs.IntraDomainNasNodeSelector", "value": 1},
    {"source": "RUA-PDU-Descriptions.errorIndication", "target": "RUA-PDU-Contents.ErrorIndication", "value": 1},
    {"source": "RUA-PDU-Descriptions.errorIndication", "target": "RUA-PDU-Descriptions.RUA-ELEMENTARY-PROCEDURE", "value": 1},
    {"source": "RUA-PDU-Descriptions.connectionlessTransfer", "target": "RUA-PDU-Contents.ConnectionlessTransfer", "value": 1},
    {"source": "RUA-PDU-Descriptions.connectionlessTransfer", "target": "RUA-PDU-Descriptions.RUA-ELEMENTARY-PROCEDURE", "value": 1},
    {"source": "RUA-Constants.id-Context-ID", "target": "RUA-CommonDataTypes.ProtocolIE-ID", "value": 1},
    {"source": "RUA-PDU-Descriptions.UnsuccessfulOutcome", "target": "RUA-PDU-Descriptions.RUA-ELEMENTARY-PROCEDURE", "value": 1},
    {"source": "RUA-PDU-Descriptions.UnsuccessfulOutcome", "target": "RUA-PDU-Descriptions.RUA-ELEMENTARY-PROCEDURE", "value": 1},
    {"source": "RUA-PDU-Descriptions.UnsuccessfulOutcome", "target": "RUA-PDU-Descriptions.RUA-ELEMENTARY-PROCEDURE", "value": 1},
    {"source": "RUA-PDU-Descriptions.UnsuccessfulOutcome", "target": "RUA-PDU-Descriptions.RUA-ELEMENTARY-PROCEDURES", "value": 1},
    {"source": "RUA-PDU-Contents.ConnectExtensions", "target": "RUA-Containers.RUA-PROTOCOL-EXTENSION", "value": 1},
    {"source": "RUA-PDU-Contents.ConnectExtensions", "target": "RUA-IEs.CSGMembershipStatus", "value": 1},
    {"source": "RUA-Constants.id-IntraDomainNasNodeSelector", "target": "RUA-CommonDataTypes.ProtocolIE-ID", "value": 1},
    {"source": "RUA-PDU-Contents.ErrorIndicationIEs", "target": "RUA-Containers.RUA-PROTOCOL-IES", "value": 1},
    {"source": "RUA-PDU-Contents.ErrorIndicationIEs", "target": "RUA-IEs.Cause", "value": 1},
    {"source": "RUA-PDU-Contents.ErrorIndicationIEs", "target": "RUA-IEs.CriticalityDiagnostics", "value": 1},
    {"source": "RUA-PDU-Descriptions.SuccessfulOutcome", "target": "RUA-PDU-Descriptions.RUA-ELEMENTARY-PROCEDURE", "value": 1},
    {"source": "RUA-PDU-Descriptions.SuccessfulOutcome", "target": "RUA-PDU-Descriptions.RUA-ELEMENTARY-PROCEDURE", "value": 1},
    {"source": "RUA-PDU-Descriptions.SuccessfulOutcome", "target": "RUA-PDU-Descriptions.RUA-ELEMENTARY-PROCEDURE", "value": 1},
    {"source": "RUA-PDU-Descriptions.SuccessfulOutcome", "target": "RUA-PDU-Descriptions.RUA-ELEMENTARY-PROCEDURES", "value": 1},
    {"source": "RUA-PDU-Descriptions.privateMessage", "target": "RUA-PDU-Contents.PrivateMessage", "value": 1},
    {"source": "RUA-PDU-Descriptions.privateMessage", "target": "RUA-PDU-Descriptions.RUA-ELEMENTARY-PROCEDURE", "value": 1}
  ]
}
