{
  "_comment": "code automatically generated by pycrate_asn1c",
  "nodes": [
    {"id": "SABP-CommonDataTypes.Criticality", "group": 2},
    {"id": "SABP-CommonDataTypes.Presence", "group": 2},
    {"id": "SABP-CommonDataTypes.ProcedureCode", "group": 2},
    {"id": "SABP-CommonDataTypes.ProtocolExtensionID", "group": 2},
    {"id": "SABP-CommonDataTypes.ProtocolIE-ID", "group": 2},
    {"id": "SABP-CommonDataTypes.TriggeringMessage", "group": 2},
    {"id": "SABP-Constants.id-Write-Replace", "group": 3},
    {"id": "SABP-Constants.id-Kill", "group": 3},
    {"id": "SABP-Constants.id-Load-Status-Enquiry", "group": 3},
    {"id": "SABP-Constants.id-Message-Status-Query", "group": 3},
    {"id": "SABP-Constants.id-Restart-Indication", "group": 3},
    {"id": "SABP-Constants.id-Reset", "group": 3},
    {"id": "SABP-Constants.id-Failure-Indication", "group": 3},
    {"id": "SABP-Constants.id-Error-Indication", "group": 3},
    {"id": "SABP-Constants.id-Broadcast-Message-Content", "group": 3},
    {"id": "SABP-Constants.id-Category", "group": 3},
    {"id": "SABP-Constants.id-Cause", "group": 3},
    {"id": "SABP-Constants.id-Criticality-Diagnostics", "group": 3},
    {"id": "SABP-Constants.id-Data-Coding-Scheme", "group": 3},
    {"id": "SABP-Constants.id-Failure-List", "group": 3},
    {"id": "SABP-Constants.id-Message-Identifier", "group": 3},
    {"id": "SABP-Constants.id-New-Serial-Number", "group": 3},
    {"id": "SABP-Constants.id-Number-of-Broadcasts-Completed-List", "group": 3},
    {"id": "SABP-Constants.id-Number-of-Broadcasts-Requested", "group": 3},
    {"id": "SABP-Constants.id-Old-Serial-Number", "group": 3},
    {"id": "SABP-Constants.id-Radio-Resource-Loading-List", "group": 3},
    {"id": "SABP-Constants.id-Recovery-Indication", "group": 3},
    {"id": "SABP-Constants.id-Repetition-Period", "group": 3},
    {"id": "SABP-Constants.id-Serial-Number", "group": 3},
    {"id": "SABP-Constants.id-Service-Areas-List", "group": 3},
    {"id": "SABP-Constants.id-MessageStructure", "group": 3},
    {"id": "SABP-Constants.id-TypeOfError", "group": 3},
    {"id": "SABP-Constants.id-Paging-ETWS-Indicator", "group": 3},
    {"id": "SABP-Constants.id-Warning-Type", "group": 3},
    {"id": "SABP-Constants.id-WarningSecurityInfo", "group": 3},
    {"id": "SABP-Constants.id-Broadcast-Message-Content-Validity-Indicator", "group": 3},
    {"id": "SABP-Constants.maxNrOfErrors", "group": 3},
    {"id": "SABP-Constants.maxnoofSAI", "group": 3},
    {"id": "SABP-Constants.maxProtocolExtensions", "group": 3},
    {"id": "SABP-Constants.maxProtocolIEs", "group": 3},
    {"id": "SABP-Constants.maxNrOfLevels", "group": 3},
    {"id": "SABP-Containers.SABP-PROTOCOL-IES", "group": 4},
    {"id": "SABP-Containers.SABP-PROTOCOL-EXTENSION", "group": 4},
    {"id": "SABP-Containers.ProtocolIE-Field", "group": 4},
    {"id": "SABP-Containers.ProtocolExtensionField", "group": 4},
    {"id": "SABP-IEs.Available-Bandwidth", "group": 5},
    {"id": "SABP-IEs.Broadcast-Message-Content", "group": 5},
    {"id": "SABP-IEs.Broadcast-Message-Content-Validity-Indicator", "group": 5},
    {"id": "SABP-IEs.Category", "group": 5},
    {"id": "SABP-IEs.Cause", "group": 5},
    {"id": "SABP-IEs.CriticalityDiagnostics-ExtIEs", "group": 5},
    {"id": "SABP-IEs.CriticalityDiagnostics-IE-List-ExtIEs", "group": 5},
    {"id": "SABP-IEs.MessageStructure-ExtIEs", "group": 5},
    {"id": "SABP-IEs.Data-Coding-Scheme", "group": 5},
    {"id": "SABP-IEs.Failure-List", "group": 5},
    {"id": "SABP-IEs.FailureListItemIE-ExtIEs", "group": 5},
    {"id": "SABP-IEs.Message-Identifier", "group": 5},
    {"id": "SABP-IEs.New-Serial-Number", "group": 5},
    {"id": "SABP-IEs.Number-of-Broadcasts-Completed-List", "group": 5},
    {"id": "SABP-IEs.NoOfBroadcastsCompletedListItemIE-ExtIEs", "group": 5},
    {"id": "SABP-IEs.Number-Of-Broadcasts-Completed-Info", "group": 5},
    {"id": "SABP-IEs.Number-of-Broadcasts-Requested", "group": 5},
    {"id": "SABP-IEs.Old-Serial-Number", "group": 5},
    {"id": "SABP-IEs.Paging-ETWS-Indicator", "group": 5},
    {"id": "SABP-IEs.Radio-Resource-Loading-List", "group": 5},
    {"id": "SABP-IEs.RadioResourceLoadingListItemIE-ExtIEs", "group": 5},
    {"id": "SABP-IEs.Recovery-Indication", "group": 5},
    {"id": "SABP-IEs.RepetitionNumber0", "group": 5},
    {"id": "SABP-IEs.RepetitionNumber1", "group": 5},
    {"id": "SABP-IEs.Repetition-Period", "group": 5},
    {"id": "SABP-IEs.Serial-Number", "group": 5},
    {"id": "SABP-IEs.Service-Area-Identifier", "group": 5},
    {"id": "SABP-IEs.Service-Areas-List", "group": 5},
    {"id": "SABP-IEs.TypeOfError", "group": 5},
    {"id": "SABP-IEs.WarningSecurityInfo", "group": 5},
    {"id": "SABP-IEs.Warning-Type", "group": 5},
    {"id": "SABP-PDU-Contents.Write-Replace-IEs", "group": 6},
    {"id": "SABP-PDU-Contents.Write-Replace-Extensions", "group": 6},
    {"id": "SABP-PDU-Contents.Write-Replace-Complete-IEs", "group": 6},
    {"id": "SABP-PDU-Contents.Write-Replace-Complete-Extensions", "group": 6},
    {"id": "SABP-PDU-Contents.Write-Replace-Failure-IEs", "group": 6},
    {"id": "SABP-PDU-Contents.Write-Replace-Failure-Extensions", "group": 6},
    {"id": "SABP-PDU-Contents.Kill-IEs", "group": 6},
    {"id": "SABP-PDU-Contents.Kill-Extensions", "group": 6},
    {"id": "SABP-PDU-Contents.Kill-Complete-IEs", "group": 6},
    {"id": "SABP-PDU-Contents.Kill-Complete-Extensions", "group": 6},
    {"id": "SABP-PDU-Contents.Kill-Failure-IEs", "group": 6},
    {"id": "SABP-PDU-Contents.Kill-Failure-Extensions", "group": 6},
    {"id": "SABP-PDU-Contents.Load-Query-IEs", "group": 6},
    {"id": "SABP-PDU-Contents.Load-Query-Extensions", "group": 6},
    {"id": "SABP-PDU-Contents.Load-Query-Complete-IEs", "group": 6},
    {"id": "SABP-PDU-Contents.Load-Query-Complete-Extensions", "group": 6},
    {"id": "SABP-PDU-Contents.Load-Query-Failure-IEs", "group": 6},
    {"id": "SABP-PDU-Contents.Load-Query-Failure-Extensions", "group": 6},
    {"id": "SABP-PDU-Contents.Message-Status-Query-IEs", "group": 6},
    {"id": "SABP-PDU-Contents.Message-Status-Query-Extensions", "group": 6},
    {"id": "SABP-PDU-Contents.Message-Status-Query-Complete-IEs", "group": 6},
    {"id": "SABP-PDU-Contents.Message-Status-Query-Complete-Extensions", "group": 6},
    {"id": "SABP-PDU-Contents.Message-Status-Query-Failure-IEs", "group": 6},
    {"id": "SABP-PDU-Contents.Message-Status-Query-Failure-Extensions", "group": 6},
    {"id": "SABP-PDU-Contents.Reset-IEs", "group": 6},
    {"id": "SABP-PDU-Contents.Reset-Extensions", "group": 6},
    {"id": "SABP-PDU-Contents.Reset-Complete-IEs", "group": 6},
    {"id": "SABP-PDU-Contents.Reset-Complete-Extensions", "group": 6},
    {"id": "SABP-PDU-Contents.Reset-Failure-IEs", "group": 6},
    {"id": "SABP-PDU-Contents.Reset-Failure-Extensions", "group": 6},
    {"id": "SABP-PDU-Contents.Restart-IEs", "group": 6},
    {"id": "SABP-PDU-Contents.Restart-Extensions", "group": 6},
    {"id": "SABP-PDU-Contents.Failure-IEs", "group": 6},
    {"id": "SABP-PDU-Contents.Failure-Extensions", "group": 6},
    {"id": "SABP-PDU-Contents.Error-Indication-IEs", "group": 6},
    {"id": "SABP-PDU-Contents.Error-Indication-Extensions", "group": 6},
    {"id": "SABP-PDU-Descriptions.SABP-ELEMENTARY-PROCEDURE", "group": 7},
    {"id": "SABP-PDU-Descriptions.SABP-PDU", "group": 7},
    {"id": "SABP-PDU-Descriptions.write-Replace", "group": 7},
    {"id": "SABP-PDU-Descriptions.kill", "group": 7},
    {"id": "SABP-PDU-Descriptions.load-Status-Enquiry", "group": 7},
    {"id": "SABP-PDU-Descriptions.message-Status-Query", "group": 7},
    {"id": "SABP-PDU-Descriptions.reset", "group": 7},
    {"id": "SABP-PDU-Descriptions.restart-Indication", "group": 7},
    {"id": "SABP-PDU-Descriptions.failure-Indication", "group": 7},
    {"id": "SABP-PDU-Descriptions.error-Indication", "group": 7},
    {"id": "SABP-Containers.ProtocolIE-Container", "group": 4},
    {"id": "SABP-Containers.ProtocolIE-ContainerList", "group": 4},
    {"id": "SABP-Containers.ProtocolExtensionContainer", "group": 4},
    {"id": "SABP-IEs.Criticality-Diagnostics", "group": 5},
    {"id": "SABP-IEs.CriticalityDiagnostics-IE-List", "group": 5},
    {"id": "SABP-IEs.MessageStructure", "group": 5},
    {"id": "SABP-IEs.Failure-List-Item", "group": 5},
    {"id": "SABP-IEs.Number-of-Broadcasts-Completed-List-Item", "group": 5},
    {"id": "SABP-IEs.Radio-Resource-Loading-List-Item", "group": 5},
    {"id": "SABP-PDU-Contents.Write-Replace", "group": 6},
    {"id": "SABP-PDU-Contents.Write-Replace-Complete", "group": 6},
    {"id": "SABP-PDU-Contents.Write-Replace-Failure", "group": 6},
    {"id": "SABP-PDU-Contents.Kill", "group": 6},
    {"id": "SABP-PDU-Contents.Kill-Complete", "group": 6},
    {"id": "SABP-PDU-Contents.Kill-Failure", "group": 6},
    {"id": "SABP-PDU-Contents.Load-Query", "group": 6},
    {"id": "SABP-PDU-Contents.Load-Query-Complete", "group": 6},
    {"id": "SABP-PDU-Contents.Load-Query-Failure", "group": 6},
    {"id": "SABP-PDU-Contents.Message-Status-Query", "group": 6},
    {"id": "SABP-PDU-Contents.Message-Status-Query-Complete", "group": 6},
    {"id": "SABP-PDU-Contents.Message-Status-Query-Failure", "group": 6},
    {"id": "SABP-PDU-Contents.Reset", "group": 6},
    {"id": "SABP-PDU-Contents.Reset-Complete", "group": 6},
    {"id": "SABP-PDU-Contents.Reset-Failure", "group": 6},
    {"id": "SABP-PDU-Contents.Restart", "group": 6},
    {"id": "SABP-PDU-Contents.Failure", "group": 6},
    {"id": "SABP-PDU-Contents.Error-Indication", "group": 6},
    {"id": "SABP-PDU-Descriptions.SABP-ELEMENTARY-PROCEDURES-CLASS-1", "group": 7},
    {"id": "SABP-PDU-Descriptions.SABP-ELEMENTARY-PROCEDURES-CLASS-2", "group": 7},
    {"id": "SABP-PDU-Descriptions.SABP-ELEMENTARY-PROCEDURES", "group": 7},
    {"id": "SABP-PDU-Descriptions.InitiatingMessage", "group": 7},
    {"id": "SABP-PDU-Descriptions.SuccessfulOutcome", "group": 7}
  ],
  "links": [
    {"source": "SABP-PDU-Contents.Kill-Failure", "target": "SABP-Containers.ProtocolExtensionContainer", "value": 1},
    {"source": "SABP-PDU-Contents.Kill-Failure", "target": "SABP-Containers.ProtocolIE-Container", "value": 1},
    {"source": "SABP-PDU-Contents.Kill-Failure", "target": "SABP-PDU-Contents.Kill-Failure-IEs", "value": 1},
    {"source": "SABP-PDU-Contents.Kill-Failure", "target": "SABP-PDU-Contents.Kill-Failure-Extensions", "value": 1},
    {"source": "SABP-PDU-Contents.Message-Status-Query-Failure-Extensions", "target": "SABP-Containers.SABP-PROTOCOL-EXTENSION", "value": 1},
    {"source": "SABP-IEs.CriticalityDiagnostics-ExtIEs", "target": "SABP-Containers.SABP-PROTOCOL-EXTENSION", "value": 1},
    {"source": "SABP-PDU-Descriptions.SABP-ELEMENTARY-PROCEDURES-CLASS-1", "target": "SABP-PDU-Descriptions.kill", "value": 1},
    {"source": "SABP-PDU-Descriptions.SABP-ELEMENTARY-PROCEDURES-CLASS-1", "target": "SABP-PDU-Descriptions.load-Status-Enquiry", "value": 1},
    {"source": "SABP-PDU-Descriptions.SABP-ELEMENTARY-PROCEDURES-CLASS-1", "target": "SABP-PDU-Descriptions.message-Status-Query", "value": 1},
    {"source": "SABP-PDU-Descriptions.SABP-ELEMENTARY-PROCEDURES-CLASS-1", "target": "SABP-PDU-Descriptions.write-Replace", "value": 1},
    {"source": "SABP-PDU-Descriptions.SABP-ELEMENTARY-PROCEDURES-CLASS-1", "target": "SABP-PDU-Descriptions.SABP-ELEMENTARY-PROCEDURE", "value": 1},
    {"source": "SABP-PDU-Descriptions.SABP-ELEMENTARY-PROCEDURES-CLASS-1", "target": "SABP-PDU-Descriptions.reset", "value": 1},
    {"source": "SABP-PDU-Descriptions.InitiatingMessage", "target": "SABP-PDU-Descriptions.SABP-ELEMENTARY-PROCEDURE", "value": 1},
    {"source": "SABP-PDU-Descriptions.InitiatingMessage", "target": "SABP-PDU-Descriptions.SABP-ELEMENTARY-PROCEDURES", "value": 1},
    {"source": "SABP-PDU-Descriptions.InitiatingMessage", "target": "SABP-PDU-Descriptions.SABP-ELEMENTARY-PROCEDURE", "value": 1},
    {"source": "SABP-PDU-Descriptions.InitiatingMessage", "target": "SABP-PDU-Descriptions.SABP-ELEMENTARY-PROCEDURE", "value": 1},
    {"source": "SABP-PDU-Contents.Error-Indication", "target": "SABP-Containers.ProtocolExtensionContainer", "value": 1},
    {"source": "SABP-PDU-Contents.Error-Indication", "target": "SABP-Containers.ProtocolIE-Container", "value": 1},
    {"source": "SABP-PDU-Contents.Error-Indication", "target": "SABP-PDU-Contents.Error-Indication-Extensions", "value": 1},
    {"source": "SABP-PDU-Contents.Error-Indication", "target": "SABP-PDU-Contents.Error-Indication-IEs", "value": 1},
    {"source": "SABP-PDU-Descriptions.error-Indication", "target": "SABP-PDU-Contents.Error-Indication", "value": 1},
    {"source": "SABP-PDU-Descriptions.error-Indication", "target": "SABP-PDU-Descriptions.SABP-ELEMENTARY-PROCEDURE", "value": 1},
    {"source": "SABP-PDU-Contents.Load-Query", "target": "SABP-Containers.ProtocolExtensionContainer", "value": 1},
    {"source": "SABP-PDU-Contents.Load-Query", "target": "SABP-Containers.ProtocolIE-Container", "value": 1},
    {"source": "SABP-PDU-Contents.Load-Query", "target": "SABP-PDU-Contents.Load-Query-IEs", "value": 1},
    {"source": "SABP-PDU-Contents.Load-Query", "target": "SABP-PDU-Contents.Load-Query-Extensions", "value": 1},
    {"source": "SABP-Containers.ProtocolIE-Field", "target": "SABP-Containers.SABP-PROTOCOL-IES", "value": 1},
    {"source": "SABP-Containers.ProtocolIE-Field", "target": "SABP-Containers.SABP-PROTOCOL-IES", "value": 1},
    {"source": "SABP-Containers.ProtocolIE-Field", "target": "SABP-Containers.SABP-PROTOCOL-IES", "value": 1},
    {"source": "SABP-Containers.ProtocolIE-Field", "target": "SABP-Containers.SABP-PROTOCOL-IES", "value": 1},
    {"source": "SABP-PDU-Contents.Load-Query-IEs", "target": "SABP-Containers.SABP-PROTOCOL-IES", "value": 1},
    {"source": "SABP-PDU-Contents.Load-Query-IEs", "target": "SABP-IEs.Service-Areas-List", "value": 1},
    {"source": "SABP-PDU-Contents.Reset-Failure", "target": "SABP-Containers.ProtocolExtensionContainer", "value": 1},
    {"source": "SABP-PDU-Contents.Reset-Failure", "target": "SABP-Containers.ProtocolIE-Container", "value": 1},
    {"source": "SABP-PDU-Contents.Reset-Failure", "target": "SABP-PDU-Contents.Reset-Failure-IEs", "value": 1},
    {"source": "SABP-PDU-Contents.Reset-Failure", "target": "SABP-PDU-Contents.Reset-Failure-Extensions", "value": 1},
    {"source": "SABP-PDU-Descriptions.UnsuccessfulOutcome", "target": "SABP-PDU-Descriptions.SABP-ELEMENTARY-PROCEDURE", "value": 1},
    {"source": "SABP-PDU-Descriptions.UnsuccessfulOutcome", "target": "SABP-PDU-Descriptions.SABP-ELEMENTARY-PROCEDURE", "value": 1},
    {"source": "SABP-PDU-Descriptions.UnsuccessfulOutcome", "target": "SABP-PDU-Descriptions.SABP-ELEMENTARY-PROCEDURES", "value": 1},
    {"source": "SABP-PDU-Descriptions.UnsuccessfulOutcome", "target": "SABP-PDU-Descriptions.SABP-ELEMENTARY-PROCEDURE", "value": 1},
    {"source": "SABP-Containers.ProtocolIE-ContainerList", "target": "SABP-Containers.SABP-PROTOCOL-IES", "value": 1},
    {"source": "SABP-Containers.ProtocolIE-ContainerList", "target": "SABP-Containers.ProtocolIE-Container", "value": 1},
    {"source": "SABP-PDU-Contents.Kill-IEs", "target": "SABP-IEs.Old-Serial-Number", "value": 1},
    {"source": "SABP-PDU-Contents.Kill-IEs", "target": "SABP-Containers.SABP-PROTOCOL-IES", "value": 1},
    {"source": "SABP-PDU-Contents.Kill-IEs", "target": "SABP-IEs.Service-Areas-List", "value": 1},
    {"source": "SABP-PDU-Contents.Kill-IEs", "target": "SABP-IEs.Message-Identifier", "value": 1},
    {"source": "SABP-IEs.Radio-Resource-Loading-List-Item", "target": "SABP-IEs.Available-Bandwidth", "value": 1},
    {"source": "SABP-IEs.Radio-Resource-Loading-List-Item", "target": "SABP-Containers.ProtocolExtensionContainer", "value": 1},
    {"source": "SABP-IEs.Radio-Resource-Loading-List-Item", "target": "SABP-IEs.RadioResourceLoadingListItemIE-ExtIEs", "value": 1},
    {"source": "SABP-IEs.Radio-Resource-Loading-List-Item", "target": "SABP-IEs.Service-Area-Identifier", "value": 1},
    {"source": "SABP-IEs.MessageStructure", "target": "SABP-IEs.RepetitionNumber1", "value": 1},
    {"source": "SABP-IEs.MessageStructure", "target": "SABP-Containers.ProtocolExtensionContainer", "value": 1},
    {"source": "SABP-IEs.MessageStructure", "target": "SABP-IEs.MessageStructure-ExtIEs", "value": 1},
    {"source": "SABP-IEs.MessageStructure", "target": "SABP-Constants.maxNrOfLevels", "value": 1},
    {"source": "SABP-IEs.MessageStructure", "target": "SABP-CommonDataTypes.ProtocolIE-ID", "value": 1},
    {"source": "SABP-PDU-Contents.Kill", "target": "SABP-Containers.ProtocolExtensionContainer", "value": 1},
    {"source": "SABP-PDU-Contents.Kill", "target": "SABP-Containers.ProtocolIE-Container", "value": 1},
    {"source": "SABP-PDU-Contents.Kill", "target": "SABP-PDU-Contents.Kill-Extensions", "value": 1},
    {"source": "SABP-PDU-Contents.Kill", "target": "SABP-PDU-Contents.Kill-IEs", "value": 1},
    {"source": "SABP-PDU-Contents.Write-Replace-Failure-Extensions", "target": "SABP-Containers.SABP-PROTOCOL-EXTENSION", "value": 1},
    {"source": "SABP-IEs.Number-of-Broadcasts-Completed-List", "target": "SABP-IEs.Number-of-Broadcasts-Completed-List-Item", "value": 1},
    {"source": "SABP-IEs.Number-of-Broadcasts-Completed-List", "target": "SABP-Constants.maxnoofSAI", "value": 1},
    {"source": "SABP-PDU-Contents.Write-Replace-Complete-IEs", "target": "SABP-IEs.New-Serial-Number", "value": 1},
    {"source": "SABP-PDU-Contents.Write-Replace-Complete-IEs", "target": "SABP-Containers.SABP-PROTOCOL-IES", "value": 1},
    {"source": "SABP-PDU-Contents.Write-Replace-Complete-IEs", "target": "SABP-IEs.Criticality-Diagnostics", "value": 1},
    {"source": "SABP-PDU-Contents.Write-Replace-Complete-IEs", "target": "SABP-IEs.Number-of-Broadcasts-Completed-List", "value": 1},
    {"source": "SABP-PDU-Contents.Write-Replace-Complete-IEs", "target": "SABP-IEs.Message-Identifier", "value": 1},
    {"source": "SABP-Containers.ProtocolExtensionContainer", "target": "SABP-Containers.SABP-PROTOCOL-EXTENSION", "value": 1},
    {"source": "SABP-Containers.ProtocolExtensionContainer", "target": "SABP-Constants.maxProtocolExtensions", "value": 1},
    {"source": "SABP-Containers.ProtocolExtensionContainer", "target": "SABP-Containers.ProtocolExtensionField", "value": 1},
    {"source": "SABP-PDU-Descriptions.SABP-ELEMENTARY-PROCEDURE", "target": "SABP-CommonDataTypes.Criticality", "value": 1},
    {"source": "SABP-PDU-Descriptions.SABP-ELEMENTARY-PROCEDURE", "target": "SABP-CommonDataTypes.ProcedureCode", "value": 1},
    {"source": "SABP-PDU-Contents.Message-Status-Query-Complete-IEs", "target": "SABP-IEs.Old-Serial-Number", "value": 1},
    {"source": "SABP-PDU-Contents.Message-Status-Query-Complete-IEs", "target": "SABP-Containers.SABP-PROTOCOL-IES", "value": 1},
    {"source": "SABP-PDU-Contents.Message-Status-Query-Complete-IEs", "target": "SABP-IEs.Criticality-Diagnostics", "value": 1},
    {"source": "SABP-PDU-Contents.Message-Status-Query-Complete-IEs", "target": "SABP-IEs.Number-of-Broadcasts-Completed-List", "value": 1},
    {"source": "SABP-PDU-Contents.Message-Status-Query-Complete-IEs", "target": "SABP-IEs.Message-Identifier", "value": 1},
    {"source": "SABP-PDU-Contents.Reset-Complete-Extensions", "target": "SABP-Containers.SABP-PROTOCOL-EXTENSION", "value": 1},
    {"source": "SABP-PDU-Contents.Write-Replace-Complete-Extensions", "target": "SABP-Containers.SABP-PROTOCOL-EXTENSION", "value": 1},
    {"source": "SABP-PDU-Contents.Reset-Failure-Extensions", "target": "SABP-Containers.SABP-PROTOCOL-EXTENSION", "value": 1},
    {"source": "SABP-PDU-Contents.Load-Query-Extensions", "target": "SABP-Containers.SABP-PROTOCOL-EXTENSION", "value": 1},
    {"source": "SABP-PDU-Descriptions.SABP-ELEMENTARY-PROCEDURES", "target": "SABP-PDU-Descriptions.SABP-ELEMENTARY-PROCEDURES-CLASS-2", "value": 1},
    {"source": "SABP-PDU-Descriptions.SABP-ELEMENTARY-PROCEDURES", "target": "SABP-PDU-Descriptions.SABP-ELEMENTARY-PROCEDURES-CLASS-1", "value": 1},
    {"source": "SABP-PDU-Descriptions.SABP-ELEMENTARY-PROCEDURES", "target": "SABP-PDU-Descriptions.SABP-ELEMENTARY-PROCEDURE", "value": 1},
    {"source": "SABP-PDU-Contents.Kill-Complete-Extensions", "target": "SABP-Containers.SABP-PROTOCOL-EXTENSION", "value": 1},
    {"source": "SABP-PDU-Contents.Message-Status-Query-Failure-IEs", "target": "SABP-IEs.Failure-List", "value": 1},
    {"source": "SABP-PDU-Contents.Message-Status-Query-Failure-IEs", "target": "SABP-Containers.SABP-PROTOCOL-IES", "value": 1},
    {"source": "SABP-PDU-Contents.Message-Status-Query-Failure-IEs", "target": "SABP-IEs.Message-Identifier", "value": 1},
    {"source": "SABP-PDU-Contents.Message-Status-Query-Failure-IEs", "target": "SABP-IEs.Old-Serial-Number", "value": 1},
    {"source": "SABP-PDU-Contents.Message-Status-Query-Failure-IEs", "target": "SABP-IEs.Number-of-Broadcasts-Completed-List", "value": 1},
    {"source": "SABP-PDU-Contents.Message-Status-Query-Failure-IEs", "target": "SABP-IEs.Criticality-Diagnostics", "value": 1},
    {"source": "SABP-PDU-Contents.Reset-Complete-IEs", "target": "SABP-Containers.SABP-PROTOCOL-IES", "value": 1},
    {"source": "SABP-PDU-Contents.Reset-Complete-IEs", "target": "SABP-IEs.Service-Areas-List", "value": 1},
    {"source": "SABP-PDU-Contents.Reset-Complete-IEs", "target": "SABP-IEs.Criticality-Diagnostics", "value": 1},
    {"source": "SABP-IEs.MessageStructure-ExtIEs", "target": "SABP-Containers.SABP-PROTOCOL-EXTENSION", "value": 1},
    {"source": "SABP-IEs.Service-Areas-List", "target": "SABP-Constants.maxnoofSAI", "value": 1},
    {"source": "SABP-IEs.Service-Areas-List", "target": "SABP-IEs.Service-Area-Identifier", "value": 1},
    {"source": "SABP-PDU-Contents.Reset-Complete", "target": "SABP-Containers.ProtocolExtensionContainer", "value": 1},
    {"source": "SABP-PDU-Contents.Reset-Complete", "target": "SABP-Containers.ProtocolIE-Container", "value": 1},
    {"source": "SABP-PDU-Contents.Reset-Complete", "target": "SABP-PDU-Contents.Reset-Complete-IEs", "value": 1},
    {"source": "SABP-PDU-Contents.Reset-Complete", "target": "SABP-PDU-Contents.Reset-Complete-Extensions", "value": 1},
    {"source": "SABP-IEs.CriticalityDiagnostics-IE-List", "target": "SABP-Containers.ProtocolExtensionContainer", "value": 1},
    {"source": "SABP-IEs.CriticalityDiagnostics-IE-List", "target": "SABP-Constants.maxNrOfErrors", "value": 1},
    {"source": "SABP-IEs.CriticalityDiagnostics-IE-List", "target": "SABP-IEs.RepetitionNumber0", "value": 1},
    {"source": "SABP-IEs.CriticalityDiagnostics-IE-List", "target": "SABP-CommonDataTypes.Criticality", "value": 1},
    {"source": "SABP-IEs.CriticalityDiagnostics-IE-List", "target": "SABP-CommonDataTypes.ProtocolIE-ID", "value": 1},
    {"source": "SABP-IEs.CriticalityDiagnostics-IE-List", "target": "SABP-IEs.CriticalityDiagnostics-IE-List-ExtIEs", "value": 1},
    {"source": "SABP-IEs.Criticality-Diagnostics", "target": "SABP-Containers.ProtocolExtensionContainer", "value": 1},
    {"source": "SABP-IEs.Criticality-Diagnostics", "target": "SABP-IEs.CriticalityDiagnostics-ExtIEs", "value": 1},
    {"source": "SABP-IEs.Criticality-Diagnostics", "target": "SABP-CommonDataTypes.TriggeringMessage", "value": 1},
    {"source": "SABP-IEs.Criticality-Diagnostics", "target": "SABP-CommonDataTypes.Criticality", "value": 1},
    {"source": "SABP-IEs.Criticality-Diagnostics", "target": "SABP-CommonDataTypes.ProcedureCode", "value": 1},
    {"source": "SABP-IEs.Criticality-Diagnostics", "target": "SABP-IEs.CriticalityDiagnostics-IE-List", "value": 1},
    {"source": "SABP-IEs.FailureListItemIE-ExtIEs", "target": "SABP-Containers.SABP-PROTOCOL-EXTENSION", "value": 1},
    {"source": "SABP-PDU-Contents.Load-Query-Failure-IEs", "target": "SABP-IEs.Failure-List", "value": 1},
    {"source": "SABP-PDU-Contents.Load-Query-Failure-IEs", "target": "SABP-Containers.SABP-PROTOCOL-IES", "value": 1},
    {"source": "SABP-PDU-Contents.Load-Query-Failure-IEs", "target": "SABP-IEs.Criticality-Diagnostics", "value": 1},
    {"source": "SABP-PDU-Contents.Load-Query-Failure-IEs", "target": "SABP-IEs.Radio-Resource-Loading-List", "value": 1},
    {"source": "SABP-PDU-Contents.Write-Replace-IEs", "target": "SABP-IEs.New-Serial-Number", "value": 1},
    {"source": "SABP-PDU-Contents.Write-Replace-IEs", "target": "SABP-IEs.Broadcast-Message-Content", "value": 1},
    {"source": "SABP-PDU-Contents.Write-Replace-IEs", "target": "SABP-Containers.SABP-PROTOCOL-IES", "value": 1},
    {"source": "SABP-PDU-Contents.Write-Replace-IEs", "target": "SABP-IEs.Service-Areas-List", "value": 1},
    {"source": "SABP-PDU-Contents.Write-Replace-IEs", "target": "SABP-IEs.Repetition-Period", "value": 1},
    {"source": "SABP-PDU-Contents.Write-Replace-IEs", "target": "SABP-IEs.Message-Identifier", "value": 1},
    {"source": "SABP-PDU-Contents.Write-Replace-IEs", "target": "SABP-IEs.Old-Serial-Number", "value": 1},
    {"source": "SABP-PDU-Contents.Write-Replace-IEs", "target": "SABP-IEs.Number-of-Broadcasts-Requested", "value": 1},
    {"source": "SABP-PDU-Contents.Write-Replace-IEs", "target": "SABP-IEs.Data-Coding-Scheme", "value": 1},
    {"source": "SABP-PDU-Contents.Write-Replace-IEs", "target": "SABP-IEs.Category", "value": 1},
    {"source": "SABP-PDU-Contents.Kill-Failure-IEs", "target": "SABP-IEs.Failure-List", "value": 1},
    {"source": "SABP-PDU-Contents.Kill-Failure-IEs", "target": "SABP-Containers.SABP-PROTOCOL-IES", "value": 1},
    {"source": "SABP-PDU-Contents.Kill-Failure-IEs", "target": "SABP-IEs.Message-Identifier", "value": 1},
    {"source": "SABP-PDU-Contents.Kill-Failure-IEs", "target": "SABP-IEs.Old-Serial-Number", "value": 1},
    {"source": "SABP-PDU-Contents.Kill-Failure-IEs", "target": "SABP-IEs.Number-of-Broadcasts-Completed-List", "value": 1},
    {"source": "SABP-PDU-Contents.Kill-Failure-IEs", "target": "SABP-IEs.Criticality-Diagnostics", "value": 1},
    {"source": "SABP-PDU-Contents.Message-Status-Query-Complete", "target": "SABP-Containers.ProtocolExtensionContainer", "value": 1},
    {"source": "SABP-PDU-Contents.Message-Status-Query-Complete", "target": "SABP-Containers.ProtocolIE-Container", "value": 1},
    {"source": "SABP-PDU-Contents.Message-Status-Query-Complete", "target": "SABP-PDU-Contents.Message-Status-Query-Complete-Extensions", "value": 1},
    {"source": "SABP-PDU-Contents.Message-Status-Query-Complete", "target": "SABP-PDU-Contents.Message-Status-Query-Complete-IEs", "value": 1},
    {"source": "SABP-PDU-Descriptions.write-Replace", "target": "SABP-PDU-Contents.Write-Replace-Complete", "value": 1},
    {"source": "SABP-PDU-Descriptions.write-Replace", "target": "SABP-PDU-Contents.Write-Replace-Failure", "value": 1},
    {"source": "SABP-PDU-Descriptions.write-Replace", "target": "SABP-PDU-Contents.Write-Replace", "value": 1},
    {"source": "SABP-PDU-Descriptions.write-Replace", "target": "SABP-PDU-Descriptions.SABP-ELEMENTARY-PROCEDURE", "value": 1},
    {"source": "SABP-Containers.SABP-PROTOCOL-IES", "target": "SABP-CommonDataTypes.Criticality", "value": 1},
    {"source": "SABP-Containers.SABP-PROTOCOL-IES", "target": "SABP-CommonDataTypes.Presence", "value": 1},
    {"source": "SABP-Containers.SABP-PROTOCOL-IES", "target": "SABP-CommonDataTypes.ProtocolIE-ID", "value": 1},
    {"source": "SABP-PDU-Contents.Load-Query-Complete-IEs", "target": "SABP-Containers.SABP-PROTOCOL-IES", "value": 1},
    {"source": "SABP-PDU-Contents.Load-Query-Complete-IEs", "target": "SABP-IEs.Criticality-Diagnostics", "value": 1},
    {"source": "SABP-PDU-Contents.Load-Query-Complete-IEs", "target": "SABP-IEs.Radio-Resource-Loading-List", "value": 1},
    {"source": "SABP-PDU-Descriptions.load-Status-Enquiry", "target": "SABP-PDU-Contents.Load-Query-Failure", "value": 1},
    {"source": "SABP-PDU-Descriptions.load-Status-Enquiry", "target": "SABP-PDU-Descriptions.SABP-ELEMENTARY-PROCEDURE", "value": 1},
    {"source": "SABP-PDU-Descriptions.load-Status-Enquiry", "target": "SABP-PDU-Contents.Load-Query-Complete", "value": 1},
    {"source": "SABP-PDU-Descriptions.load-Status-Enquiry", "target": "SABP-PDU-Contents.Load-Query", "value": 1},
    {"source": "SABP-PDU-Contents.Failure-Extensions", "target": "SABP-Containers.SABP-PROTOCOL-EXTENSION", "value": 1},
    {"source": "SABP-PDU-Descriptions.reset", "target": "SABP-PDU-Contents.Reset", "value": 1},
    {"source": "SABP-PDU-Descriptions.reset", "target": "SABP-PDU-Contents.Reset-Failure", "value": 1},
    {"source": "SABP-PDU-Descriptions.reset", "target": "SABP-PDU-Descriptions.SABP-ELEMENTARY-PROCEDURE", "value": 1},
    {"source": "SABP-PDU-Descriptions.reset", "target": "SABP-PDU-Contents.Reset-Complete", "value": 1},
    {"source": "SABP-IEs.New-Serial-Number", "target": "SABP-IEs.Serial-Number", "value": 1},
    {"source": "SABP-PDU-Contents.Kill-Complete-IEs", "target": "SABP-IEs.Old-Serial-Number", "value": 1},
    {"source": "SABP-PDU-Contents.Kill-Complete-IEs", "target": "SABP-Containers.SABP-PROTOCOL-IES", "value": 1},
    {"source": "SABP-PDU-Contents.Kill-Complete-IEs", "target": "SABP-IEs.Criticality-Diagnostics", "value": 1},
    {"source": "SABP-PDU-Contents.Kill-Complete-IEs", "target": "SABP-IEs.Number-of-Broadcasts-Completed-List", "value": 1},
    {"source": "SABP-PDU-Contents.Kill-Complete-IEs", "target": "SABP-IEs.Message-Identifier", "value": 1},
    {"source": "SABP-IEs.CriticalityDiagnostics-IE-List-ExtIEs", "target": "SABP-IEs.TypeOfError", "value": 1},
    {"source": "SABP-IEs.CriticalityDiagnostics-IE-List-ExtIEs", "target": "SABP-Containers.SABP-PROTOCOL-EXTENSION", "value": 1},
    {"source": "SABP-IEs.CriticalityDiagnostics-IE-List-ExtIEs", "target": "SABP-IEs.MessageStructure", "value": 1},
    {"source": "SABP-PDU-Contents.Write-Replace-Complete", "target": "SABP-Containers.ProtocolExtensionContainer", "value": 1},
    {"source": "SABP-PDU-Contents.Write-Replace-Complete", "target": "SABP-PDU-Contents.Write-Replace-Complete-Extensions", "value": 1},
    {"source": "SABP-PDU-Contents.Write-Replace-Complete", "target": "SABP-Containers.ProtocolIE-Container", "value": 1},
    {"source": "SABP-PDU-Contents.Write-Replace-Complete", "target": "SABP-PDU-Contents.Write-Replace-Complete-IEs", "value": 1},
    {"source": "SABP-IEs.Number-of-Broadcasts-Completed-List-Item", "target": "SABP-IEs.Number-Of-Broadcasts-Completed-Info", "value": 1},
    {"source": "SABP-IEs.Number-of-Broadcasts-Completed-List-Item", "target": "SABP-Containers.ProtocolExtensionContainer", "value": 1},
    {"source": "SABP-IEs.Number-of-Broadcasts-Completed-List-Item", "target": "SABP-IEs.Service-Area-Identifier", "value": 1},
    {"source": "SABP-IEs.Number-of-Broadcasts-Completed-List-Item", "target": "SABP-IEs.NoOfBroadcastsCompletedListItemIE-ExtIEs", "value": 1},
    {"source": "SABP-PDU-Descriptions.SABP-PDU", "target": "SABP-PDU-Descriptions.SuccessfulOutcome", "value": 1},
    {"source": "SABP-PDU-Descriptions.SABP-PDU", "target": "SABP-PDU-Descriptions.InitiatingMessage", "value": 1},
    {"source": "SABP-PDU-Descriptions.SABP-PDU", "target": "SABP-PDU-Descriptions.UnsuccessfulOutcome", "value": 1},
    {"source": "SABP-PDU-Contents.Write-Replace-Extensions", "target": "SABP-IEs.Broadcast-Message-Content-Validity-Indicator", "value": 1},
    {"source": "SABP-PDU-Contents.Write-Replace-Extensions", "target": "SABP-IEs.Warning-Type", "value": 1},
    {"source": "SABP-PDU-Contents.Write-Replace-Extensions", "target": "SABP-Containers.SABP-PROTOCOL-EXTENSION", "value": 1},
    {"source": "SABP-PDU-Contents.Write-Replace-Extensions", "target": "SABP-IEs.Paging-ETWS-Indicator", "value": 1},
    {"source": "SABP-PDU-Contents.Write-Replace-Extensions", "target": "SABP-IEs.WarningSecurityInfo", "value": 1},
    {"source": "SABP-PDU-Descriptions.SuccessfulOutcome", "target": "SABP-PDU-Descriptions.SABP-ELEMENTARY-PROCEDURE", "value": 1},
    {"source": "SABP-PDU-Descriptions.SuccessfulOutcome", "target": "SABP-PDU-Descriptions.SABP-ELEMENTARY-PROCEDURE", "value": 1},
    {"source": "SABP-PDU-Descriptions.SuccessfulOutcome", "target": "SABP-PDU-Descriptions.SABP-ELEMENTARY-PROCEDURES", "value": 1},
    {"source": "SABP-PDU-Descriptions.SuccessfulOutcome", "target": "SABP-PDU-Descriptions.SABP-ELEMENTARY-PROCEDURE", "value": 1},
    {"source": "SABP-PDU-Contents.Write-Replace", "target": "SABP-Containers.ProtocolExtensionContainer", "value": 1},
    {"source": "SABP-PDU-Contents.Write-Replace", "target": "SABP-Containers.ProtocolIE-Container", "value": 1},
    {"source": "SABP-PDU-Contents.Write-Replace", "target": "SABP-PDU-Contents.Write-Replace-IEs", "value": 1},
    {"source": "SABP-PDU-Contents.Write-Replace", "target": "SABP-PDU-Contents.Write-Replace-Extensions", "value": 1},
    {"source": "SABP-PDU-Contents.Message-Status-Query-IEs", "target": "SABP-IEs.Old-Serial-Number", "value": 1},
    {"source": "SABP-PDU-Contents.Message-Status-Query-IEs", "target": "SABP-Containers.SABP-PROTOCOL-IES", "value": 1},
    {"source": "SABP-PDU-Contents.Message-Status-Query-IEs", "target": "SABP-IEs.Service-Areas-List", "value": 1},
    {"source": "SABP-PDU-Contents.Message-Status-Query-IEs", "target": "SABP-IEs.Message-Identifier", "value": 1},
    {"source": "SABP-PDU-Descriptions.message-Status-Query", "target": "SABP-PDU-Contents.Message-Status-Query-Complete", "value": 1},
    {"source": "SABP-PDU-Descriptions.message-Status-Query", "target": "SABP-PDU-Contents.Message-Status-Query", "value": 1},
    {"source": "SABP-PDU-Descriptions.message-Status-Query", "target": "SABP-PDU-Descriptions.SABP-ELEMENTARY-PROCEDURE", "value": 1},
    {"source": "SABP-PDU-Descriptions.message-Status-Query", "target": "SABP-PDU-Contents.Message-Status-Query-Failure", "value": 1},
    {"source": "SABP-PDU-Contents.Error-Indication-Extensions", "target": "SABP-Containers.SABP-PROTOCOL-EXTENSION", "value": 1},
    {"source": "SABP-PDU-Contents.Reset", "target": "SABP-Containers.ProtocolExtensionContainer", "value": 1},
    {"source": "SABP-PDU-Contents.Reset", "target": "SABP-Containers.ProtocolIE-Container", "value": 1},
    {"source": "SABP-PDU-Contents.Reset", "target": "SABP-PDU-Contents.Reset-Extensions", "value": 1},
    {"source": "SABP-PDU-Contents.Reset", "target": "SABP-PDU-Contents.Reset-IEs", "value": 1},
    {"source": "SABP-PDU-Contents.Message-Status-Query", "target": "SABP-Containers.ProtocolExtensionContainer", "value": 1},
    {"source": "SABP-PDU-Contents.Message-Status-Query", "target": "SABP-Containers.ProtocolIE-Container", "value": 1},
    {"source": "SABP-PDU-Contents.Message-Status-Query", "target": "SABP-PDU-Contents.Message-Status-Query-IEs", "value": 1},
    {"source": "SABP-PDU-Contents.Message-Status-Query", "target": "SABP-PDU-Contents.Message-Status-Query-Extensions", "value": 1},
    {"source": "SABP-IEs.Old-Serial-Number", "target": "SABP-IEs.Serial-Number", "value": 1},
    {"source": "SABP-PDU-Descriptions.failure-Indication", "target": "SABP-PDU-Descriptions.SABP-ELEMENTARY-PROCEDURE", "value": 1},
    {"source": "SABP-PDU-Descriptions.failure-Indication", "target": "SABP-PDU-Contents.Failure", "value": 1},
    {"source": "SABP-PDU-Contents.Failure", "target": "SABP-Containers.ProtocolExtensionContainer", "value": 1},
    {"source": "SABP-PDU-Contents.Failure", "target": "SABP-Containers.ProtocolIE-Container", "value": 1},
    {"source": "SABP-PDU-Contents.Failure", "target": "SABP-PDU-Contents.Failure-IEs", "value": 1},
    {"source": "SABP-PDU-Contents.Failure", "target": "SABP-PDU-Contents.Failure-Extensions", "value": 1},
    {"source": "SABP-PDU-Contents.Load-Query-Complete", "target": "SABP-PDU-Contents.Load-Query-Complete-IEs", "value": 1},
    {"source": "SABP-PDU-Contents.Load-Query-Complete", "target": "SABP-Containers.ProtocolExtensionContainer", "value": 1},
    {"source": "SABP-PDU-Contents.Load-Query-Complete", "target": "SABP-Containers.ProtocolIE-Container", "value": 1},
    {"source": "SABP-PDU-Contents.Load-Query-Complete", "target": "SABP-PDU-Contents.Load-Query-Complete-Extensions", "value": 1},
    {"source": "SABP-IEs.Failure-List", "target": "SABP-Constants.maxnoofSAI", "value": 1},
    {"source": "SABP-IEs.Failure-List", "target": "SABP-IEs.Failure-List-Item", "value": 1},
    {"source": "SABP-PDU-Contents.Write-Replace-Failure-IEs", "target": "SABP-IEs.New-Serial-Number", "value": 1},
    {"source": "SABP-PDU-Contents.Write-Replace-Failure-IEs", "target": "SABP-IEs.Failure-List", "value": 1},
    {"source": "SABP-PDU-Contents.Write-Replace-Failure-IEs", "target": "SABP-Containers.SABP-PROTOCOL-IES", "value": 1},
    {"source": "SABP-PDU-Contents.Write-Replace-Failure-IEs", "target": "SABP-IEs.Message-Identifier", "value": 1},
    {"source": "SABP-PDU-Contents.Write-Replace-Failure-IEs", "target": "SABP-IEs.Number-of-Broadcasts-Completed-List", "value": 1},
    {"source": "SABP-PDU-Contents.Write-Replace-Failure-IEs", "target": "SABP-IEs.Criticality-Diagnostics", "value": 1},
    {"source": "SABP-IEs.RadioResourceLoadingListItemIE-ExtIEs", "target": "SABP-Containers.SABP-PROTOCOL-EXTENSION", "value": 1},
    {"source": "SABP-IEs.Failure-List-Item", "target": "SABP-Containers.ProtocolExtensionContainer", "value": 1},
    {"source": "SABP-IEs.Failure-List-Item", "target": "SABP-IEs.Cause", "value": 1},
    {"source": "SABP-IEs.Failure-List-Item", "target": "SABP-IEs.FailureListItemIE-ExtIEs", "value": 1},
    {"source": "SABP-IEs.Failure-List-Item", "target": "SABP-IEs.Service-Area-Identifier", "value": 1},
    {"source": "SABP-PDU-Contents.Restart-IEs", "target": "SABP-Containers.SABP-PROTOCOL-IES", "value": 1},
    {"source": "SABP-PDU-Contents.Restart-IEs", "target": "SABP-IEs.Service-Areas-List", "value": 1},
    {"source": "SABP-PDU-Contents.Restart-IEs", "target": "SABP-IEs.Recovery-Indication", "value": 1},
    {"source": "SABP-IEs.Radio-Resource-Loading-List", "target": "SABP-IEs.Radio-Resource-Loading-List-Item", "value": 1},
    {"source": "SABP-IEs.Radio-Resource-Loading-List", "target": "SABP-Constants.maxnoofSAI", "value": 1},
    {"source": "SABP-PDU-Contents.Load-Query-Failure-Extensions", "target": "SABP-Containers.SABP-PROTOCOL-EXTENSION", "value": 1},
    {"source": "SABP-Containers.ProtocolIE-Container", "target": "SABP-Containers.SABP-PROTOCOL-IES", "value": 1},
    {"source": "SABP-Containers.ProtocolIE-Container", "target": "SABP-Containers.ProtocolIE-Field", "value": 1},
    {"source": "SABP-Containers.ProtocolIE-Container", "target": "SABP-Constants.maxProtocolIEs", "value": 1},
    {"source": "SABP-PDU-Contents.Message-Status-Query-Complete-Extensions", "target": "SABP-Containers.SABP-PROTOCOL-EXTENSION", "value": 1},
    {"source": "SABP-PDU-Contents.Message-Status-Query-Failure", "target": "SABP-PDU-Contents.Message-Status-Query-Failure-IEs", "value": 1},
    {"source": "SABP-PDU-Contents.Message-Status-Query-Failure", "target": "SABP-Containers.ProtocolExtensionContainer", "value": 1},
    {"source": "SABP-PDU-Contents.Message-Status-Query-Failure", "target": "SABP-Containers.ProtocolIE-Container", "value": 1},
    {"source": "SABP-PDU-Contents.Message-Status-Query-Failure", "target": "SABP-PDU-Contents.Message-Status-Query-Failure-Extensions", "value": 1},
    {"source": "SABP-PDU-Descriptions.kill", "target": "SABP-PDU-Contents.Kill", "value": 1},
    {"source": "SABP-PDU-Descriptions.kill", "target": "SABP-PDU-Descriptions.SABP-ELEMENTARY-PROCEDURE", "value": 1},
    {"source": "SABP-PDU-Descriptions.kill", "target": "SABP-PDU-Contents.Kill-Failure", "value": 1},
    {"source": "SABP-PDU-Descriptions.kill", "target": "SABP-PDU-Contents.Kill-Complete", "value": 1},
    {"source": "SABP-Containers.SABP-PROTOCOL-EXTENSION", "target": "SABP-CommonDataTypes.Criticality", "value": 1},
    {"source": "SABP-Containers.SABP-PROTOCOL-EXTENSION", "target": "SABP-CommonDataTypes.Presence", "value": 1},
    {"source": "SABP-Containers.SABP-PROTOCOL-EXTENSION", "target": "SABP-CommonDataTypes.ProtocolExtensionID", "value": 1},
    {"source": "SABP-Containers.ProtocolExtensionField", "target": "SABP-Containers.SABP-PROTOCOL-EXTENSION", "value": 1},
    {"source": "SABP-Containers.ProtocolExtensionField", "target": "SABP-Containers.SABP-PROTOCOL-EXTENSION", "value": 1},
    {"source": "SABP-Containers.ProtocolExtensionField", "target": "SABP-Containers.SABP-PROTOCOL-EXTENSION", "value": 1},
    {"source": "SABP-Containers.ProtocolExtensionField", "target": "SABP-Containers.SABP-PROTOCOL-EXTENSION", "value": 1},
    {"source": "SABP-PDU-Contents.Error-Indication-IEs", "target": "SABP-Containers.SABP-PROTOCOL-IES", "value": 1},
    {"source": "SABP-PDU-Contents.Error-Indication-IEs", "target": "SABP-IEs.Criticality-Diagnostics", "value": 1},
    {"source": "SABP-PDU-Contents.Error-Indication-IEs", "target": "SABP-IEs.Cause", "value": 1},
    {"source": "SABP-PDU-Contents.Error-Indication-IEs", "target": "SABP-IEs.Serial-Number", "value": 1},
    {"source": "SABP-PDU-Contents.Error-Indication-IEs", "target": "SABP-IEs.Message-Identifier", "value": 1},
    {"source": "SABP-PDU-Contents.Kill-Complete", "target": "SABP-Containers.ProtocolExtensionContainer", "value": 1},
    {"source": "SABP-PDU-Contents.Kill-Complete", "target": "SABP-Containers.ProtocolIE-Container", "value": 1},
    {"source": "SABP-PDU-Contents.Kill-Complete", "target": "SABP-PDU-Contents.Kill-Complete-IEs", "value": 1},
    {"source": "SABP-PDU-Contents.Kill-Complete", "target": "SABP-PDU-Contents.Kill-Complete-Extensions", "value": 1},
    {"source": "SABP-PDU-Contents.Failure-IEs", "target": "SABP-Containers.SABP-PROTOCOL-IES", "value": 1},
    {"source": "SABP-PDU-Contents.Failure-IEs", "target": "SABP-IEs.Service-Areas-List", "value": 1},
    {"source": "SABP-PDU-Contents.Reset-IEs", "target": "SABP-Containers.SABP-PROTOCOL-IES", "value": 1},
    {"source": "SABP-PDU-Contents.Reset-IEs", "target": "SABP-IEs.Service-Areas-List", "value": 1},
    {"source": "SABP-PDU-Contents.Write-Replace-Failure", "target": "SABP-Containers.ProtocolExtensionContainer", "value": 1},
    {"source": "SABP-PDU-Contents.Write-Replace-Failure", "target": "SABP-Containers.ProtocolIE-Container", "value": 1},
    {"source": "SABP-PDU-Contents.Write-Replace-Failure", "target": "SABP-PDU-Contents.Write-Replace-Failure-IEs", "value": 1},
    {"source": "SABP-PDU-Contents.Write-Replace-Failure", "target": "SABP-PDU-Contents.Write-Replace-Failure-Extensions", "value": 1},
    {"source": "SABP-IEs.NoOfBroadcastsCompletedListItemIE-ExtIEs", "target": "SABP-Containers.SABP-PROTOCOL-EXTENSION", "value": 1},
    {"source": "SABP-PDU-Contents.Load-Query-Complete-Extensions", "target": "SABP-Containers.SABP-PROTOCOL-EXTENSION", "value": 1},
    {"source": "SABP-PDU-Contents.Load-Query-Failure", "target": "SABP-Containers.ProtocolExtensionContainer", "value": 1},
    {"source": "SABP-PDU-Contents.Load-Query-Failure", "target": "SABP-PDU-Contents.Load-Query-Failure-Extensions", "value": 1},
    {"source": "SABP-PDU-Contents.Load-Query-Failure", "target": "SABP-Containers.ProtocolIE-Container", "value": 1},
    {"source": "SABP-PDU-Contents.Load-Query-Failure", "target": "SABP-PDU-Contents.Load-Query-Failure-IEs", "value": 1},
    {"source": "SABP-PDU-Contents.Reset-Failure-IEs", "target": "SABP-IEs.Failure-List", "value": 1},
    {"source": "SABP-PDU-Contents.Reset-Failure-IEs", "target": "SABP-Containers.SABP-PROTOCOL-IES", "value": 1},
    {"source": "SABP-PDU-Contents.Reset-Failure-IEs", "target": "SABP-IEs.Service-Areas-List", "value": 1},
    {"source": "SABP-PDU-Contents.Reset-Failure-IEs", "target": "SABP-IEs.Criticality-Diagnostics", "value": 1},
    {"source": "SABP-PDU-Contents.Kill-Extensions", "target": "SABP-Containers.SABP-PROTOCOL-EXTENSION", "value": 1},
    {"source": "SABP-PDU-Descriptions.SABP-ELEMENTARY-PROCEDURES-CLASS-2", "target": "SABP-PDU-Descriptions.error-Indication", "value": 1},
    {"source": "SABP-PDU-Descriptions.SABP-ELEMENTARY-PROCEDURES-CLASS-2", "target": "SABP-PDU-Descriptions.SABP-ELEMENTARY-PROCEDURE", "value": 1},
    {"source": "SABP-PDU-Descriptions.SABP-ELEMENTARY-PROCEDURES-CLASS-2", "target": "SABP-PDU-Descriptions.failure-Indication", "value": 1},
    {"source": "SABP-PDU-Descriptions.SABP-ELEMENTARY-PROCEDURES-CLASS-2", "target": "SABP-PDU-Descriptions.restart-Indication", "value": 1},
    {"source": "SABP-PDU-Contents.Kill-Failure-Extensions", "target": "SABP-Containers.SABP-PROTOCOL-EXTENSION", "value": 1},
    {"source": "SABP-PDU-Descriptions.restart-Indication", "target": "SABP-PDU-Contents.Restart", "value": 1},
    {"source": "SABP-PDU-Descriptions.restart-Indication", "target": "SABP-PDU-Descriptions.SABP-ELEMENTARY-PROCEDURE", "value": 1},
    {"source": "SABP-PDU-Contents.Restart", "target": "SABP-Containers.ProtocolExtensionContainer", "value": 1},
    {"source": "SABP-PDU-Contents.Restart", "target": "SABP-Containers.ProtocolIE-Container", "value": 1},
    {"source": "SABP-PDU-Contents.Restart", "target": "SABP-PDU-Contents.Restart-IEs", "value": 1},
    {"source": "SABP-PDU-Contents.Restart", "target": "SABP-PDU-Contents.Restart-Extensions", "value": 1},
    {"source": "SABP-PDU-Contents.Restart-Extensions", "target": "SABP-Containers.SABP-PROTOCOL-EXTENSION", "value": 1},
    {"source": "SABP-PDU-Contents.Reset-Extensions", "target": "SABP-Containers.SABP-PROTOCOL-EXTENSION", "value": 1},
    {"source": "SABP-PDU-Contents.Message-Status-Query-Extensions", "target": "SABP-Containers.SABP-PROTOCOL-EXTENSION", "value": 1}
  ]
}
