{
  "_comment": "code automatically generated by pycrate_asn1c",
  "nodes": [
    {"id": "SLMAP-CommonDataTypes.maxPrivateIEs", "group": 2},
    {"id": "SLMAP-CommonDataTypes.maxProtocolExtensions", "group": 2},
    {"id": "SLMAP-CommonDataTypes.maxProtocolIEs", "group": 2},
    {"id": "SLMAP-CommonDataTypes.Criticality", "group": 2},
    {"id": "SLMAP-CommonDataTypes.SLMAPTransactionID", "group": 2},
    {"id": "SLMAP-CommonDataTypes.Presence", "group": 2},
    {"id": "SLMAP-CommonDataTypes.PrivateIE-ID", "group": 2},
    {"id": "SLMAP-CommonDataTypes.ProcedureCode", "group": 2},
    {"id": "SLMAP-CommonDataTypes.ProtocolIE-ID", "group": 2},
    {"id": "SLMAP-CommonDataTypes.TriggeringMessage", "group": 2},
    {"id": "SLMAP-Constants.id-errorIndication", "group": 3},
    {"id": "SLMAP-Constants.id-privateMessage", "group": 3},
    {"id": "SLMAP-Constants.id-measurement", "group": 3},
    {"id": "SLMAP-Constants.id-slmSetup", "group": 3},
    {"id": "SLMAP-Constants.id-reset", "group": 3},
    {"id": "SLMAP-Constants.id-measurementUpdate", "group": 3},
    {"id": "SLMAP-Constants.id-measurementAbort", "group": 3},
    {"id": "SLMAP-Constants.maxNrOfErrors", "group": 3},
    {"id": "SLMAP-Constants.maxServCell", "group": 3},
    {"id": "SLMAP-Constants.maxEARFCN", "group": 3},
    {"id": "SLMAP-Constants.maxNoULRTOA", "group": 3},
    {"id": "SLMAP-Constants.maxNoLMURfBands", "group": 3},
    {"id": "SLMAP-Constants.maxBWComb", "group": 3},
    {"id": "SLMAP-Constants.maxBWCombSet", "group": 3},
    {"id": "SLMAP-Constants.maxSimultaneousBands", "group": 3},
    {"id": "SLMAP-Constants.id-ESMLC-MeasurementID", "group": 3},
    {"id": "SLMAP-Constants.id-UL-RTOAMeasurementConfiguration", "group": 3},
    {"id": "SLMAP-Constants.id-CriticalityDiagnostics", "group": 3},
    {"id": "SLMAP-Constants.id-UL-RTOAMeasurements", "group": 3},
    {"id": "SLMAP-Constants.id-Cause", "group": 3},
    {"id": "SLMAP-Constants.id-LMU-ID", "group": 3},
    {"id": "SLMAP-Constants.id-LMUInformation", "group": 3},
    {"id": "SLMAP-Constants.id-ESMLC-ID", "group": 3},
    {"id": "SLMAP-Containers.SLMAP-PROTOCOL-IES", "group": 4},
    {"id": "SLMAP-Containers.SLMAP-PROTOCOL-IES-PAIR", "group": 4},
    {"id": "SLMAP-Containers.SLMAP-PROTOCOL-EXTENSION", "group": 4},
    {"id": "SLMAP-Containers.SLMAP-PRIVATE-IES", "group": 4},
    {"id": "SLMAP-Containers.ProtocolIE-Field", "group": 4},
    {"id": "SLMAP-Containers.ProtocolIE-FieldPair", "group": 4},
    {"id": "SLMAP-Containers.ProtocolExtensionField", "group": 4},
    {"id": "SLMAP-Containers.PrivateIE-Field", "group": 4},
    {"id": "SLMAP-IEs.Cause", "group": 5},
    {"id": "SLMAP-IEs.RadioNetworkLayerCause", "group": 5},
    {"id": "SLMAP-IEs.ProtocolCause", "group": 5},
    {"id": "SLMAP-IEs.MiscCause", "group": 5},
    {"id": "SLMAP-IEs.CriticalityDiagnostics-ExtIEs", "group": 5},
    {"id": "SLMAP-IEs.CriticalityDiagnostics-IE-List-ExtIEs", "group": 5},
    {"id": "SLMAP-IEs.TypeOfError", "group": 5},
    {"id": "SLMAP-IEs.UL-RTOAMeasurementConfiguration", "group": 5},
    {"id": "SLMAP-IEs.SearchWindowParameters", "group": 5},
    {"id": "SLMAP-IEs.SRSConfiguration", "group": 5},
    {"id": "SLMAP-IEs.SRSConfigurationForOneCell", "group": 5},
    {"id": "SLMAP-IEs.PCI", "group": 5},
    {"id": "SLMAP-IEs.EARFCN", "group": 5},
    {"id": "SLMAP-IEs.ChannelBandwidth", "group": 5},
    {"id": "SLMAP-IEs.CPLength", "group": 5},
    {"id": "SLMAP-IEs.BandwidthConfig", "group": 5},
    {"id": "SLMAP-IEs.SRSBandwidth", "group": 5},
    {"id": "SLMAP-IEs.AntennaPort", "group": 5},
    {"id": "SLMAP-IEs.HoppingBandwidth", "group": 5},
    {"id": "SLMAP-IEs.CyclicShift", "group": 5},
    {"id": "SLMAP-IEs.UL-RTOAMeasurements", "group": 5},
    {"id": "SLMAP-IEs.UL-RTOAMeasurement", "group": 5},
    {"id": "SLMAP-IEs.LMU-ID", "group": 5},
    {"id": "SLMAP-IEs.ESMLC-ID", "group": 5},
    {"id": "SLMAP-IEs.ESMLC-MeasurementID", "group": 5},
    {"id": "SLMAP-IEs.LMUInformation", "group": 5},
    {"id": "SLMAP-IEs.ListOfRfBands", "group": 5},
    {"id": "SLMAP-IEs.FreqBandIndicator", "group": 5},
    {"id": "SLMAP-IEs.BWCombinationParameters", "group": 5},
    {"id": "SLMAP-IEs.SupportedBandwidthCombinationSet", "group": 5},
    {"id": "SLMAP-IEs.BandCombination", "group": 5},
    {"id": "SLMAP-IEs.LMUPosition", "group": 5},
    {"id": "SLMAP-PDU-Contents.MeasurementRequest-IEs", "group": 6},
    {"id": "SLMAP-PDU-Contents.MeasurementResponse-IEs", "group": 6},
    {"id": "SLMAP-PDU-Contents.MeasurementFailure-IEs", "group": 6},
    {"id": "SLMAP-PDU-Contents.SLMSetupRequest-IEs", "group": 6},
    {"id": "SLMAP-PDU-Contents.SLMSetupResponse-IEs", "group": 6},
    {"id": "SLMAP-PDU-Contents.SLMSetupFailure-IEs", "group": 6},
    {"id": "SLMAP-PDU-Contents.ResetRequest-IEs", "group": 6},
    {"id": "SLMAP-PDU-Contents.ResetAcknowledge-IEs", "group": 6},
    {"id": "SLMAP-PDU-Contents.MeasurementAbort-IEs", "group": 6},
    {"id": "SLMAP-PDU-Contents.MeasurementUpdate-IEs", "group": 6},
    {"id": "SLMAP-PDU-Contents.ErrorIndication-IEs", "group": 6},
    {"id": "SLMAP-PDU-Contents.PrivateMessage-IEs", "group": 6},
    {"id": "SLMAP-PDU-Descriptions.SLMAP-ELEMENTARY-PROCEDURE", "group": 7},
    {"id": "SLMAP-PDU-Descriptions.SLMAP-PDU", "group": 7},
    {"id": "SLMAP-PDU-Descriptions.measurement", "group": 7},
    {"id": "SLMAP-PDU-Descriptions.slmSetup", "group": 7},
    {"id": "SLMAP-PDU-Descriptions.reset", "group": 7},
    {"id": "SLMAP-PDU-Descriptions.measurementUpdate", "group": 7},
    {"id": "SLMAP-PDU-Descriptions.measurementAbort", "group": 7},
    {"id": "SLMAP-PDU-Descriptions.errorIndication", "group": 7},
    {"id": "SLMAP-PDU-Descriptions.privateMessage", "group": 7},
    {"id": "SLMAP-Containers.ProtocolIE-Container", "group": 4},
    {"id": "SLMAP-Containers.ProtocolIE-Single-Container", "group": 4},
    {"id": "SLMAP-Containers.ProtocolIE-ContainerPair", "group": 4},
    {"id": "SLMAP-Containers.ProtocolIE-ContainerList", "group": 4},
    {"id": "SLMAP-Containers.ProtocolIE-ContainerPairList", "group": 4},
    {"id": "SLMAP-Containers.ProtocolExtensionContainer", "group": 4},
    {"id": "SLMAP-Containers.PrivateIE-Container", "group": 4},
    {"id": "SLMAP-IEs.CriticalityDiagnostics", "group": 5},
    {"id": "SLMAP-IEs.CriticalityDiagnostics-IE-List", "group": 5},
    {"id": "SLMAP-PDU-Contents.MeasurementRequest", "group": 6},
    {"id": "SLMAP-PDU-Contents.MeasurementResponse", "group": 6},
    {"id": "SLMAP-PDU-Contents.MeasurementFailure", "group": 6},
    {"id": "SLMAP-PDU-Contents.SLMSetupRequest", "group": 6},
    {"id": "SLMAP-PDU-Contents.SLMSetupResponse", "group": 6},
    {"id": "SLMAP-PDU-Contents.SLMSetupFailure", "group": 6},
    {"id": "SLMAP-PDU-Contents.ResetRequest", "group": 6},
    {"id": "SLMAP-PDU-Contents.ResetAcknowledge", "group": 6},
    {"id": "SLMAP-PDU-Contents.MeasurementAbort", "group": 6},
    {"id": "SLMAP-PDU-Contents.MeasurementUpdate", "group": 6},
    {"id": "SLMAP-PDU-Contents.ErrorIndication", "group": 6},
    {"id": "SLMAP-PDU-Contents.PrivateMessage", "group": 6},
    {"id": "SLMAP-PDU-Descriptions.SLMAP-ELEMENTARY-PROCEDURES-CLASS-1", "group": 7},
    {"id": "SLMAP-PDU-Descriptions.SLMAP-ELEMENTARY-PROCEDURES-CLASS-2", "group": 7},
    {"id": "SLMAP-PDU-Descriptions.SLMAP-ELEMENTARY-PROCEDURES", "group": 7},
    {"id": "SLMAP-PDU-Descriptions.InitiatingMessage", "group": 7},
    {"id": "SLMAP-PDU-Descriptions.SuccessfulOutcome", "group": 7}
  ],
  "links": [
    {"source": "SLMAP-PDU-Contents.MeasurementFailure-IEs", "target": "SLMAP-IEs.Cause", "value": 1},
    {"source": "SLMAP-PDU-Contents.MeasurementFailure-IEs", "target": "SLMAP-IEs.ESMLC-MeasurementID", "value": 1},
    {"source": "SLMAP-PDU-Contents.MeasurementFailure-IEs", "target": "SLMAP-Containers.SLMAP-PROTOCOL-IES", "value": 1},
    {"source": "SLMAP-PDU-Contents.MeasurementFailure-IEs", "target": "SLMAP-IEs.CriticalityDiagnostics", "value": 1},
    {"source": "SLMAP-PDU-Contents.MeasurementRequest-IEs", "target": "SLMAP-IEs.ESMLC-MeasurementID", "value": 1},
    {"source": "SLMAP-PDU-Contents.MeasurementRequest-IEs", "target": "SLMAP-Containers.SLMAP-PROTOCOL-IES", "value": 1},
    {"source": "SLMAP-PDU-Contents.MeasurementRequest-IEs", "target": "SLMAP-IEs.UL-RTOAMeasurementConfiguration", "value": 1},
    {"source": "SLMAP-PDU-Contents.MeasurementFailure", "target": "SLMAP-Containers.ProtocolIE-Container", "value": 1},
    {"source": "SLMAP-PDU-Contents.MeasurementFailure", "target": "SLMAP-PDU-Contents.MeasurementFailure-IEs", "value": 1},
    {"source": "SLMAP-IEs.CriticalityDiagnostics-IE-List-ExtIEs", "target": "SLMAP-Containers.SLMAP-PROTOCOL-EXTENSION", "value": 1},
    {"source": "SLMAP-IEs.CriticalityDiagnostics", "target": "SLMAP-CommonDataTypes.ProcedureCode", "value": 1},
    {"source": "SLMAP-IEs.CriticalityDiagnostics", "target": "SLMAP-Containers.ProtocolExtensionContainer", "value": 1},
    {"source": "SLMAP-IEs.CriticalityDiagnostics", "target": "SLMAP-CommonDataTypes.TriggeringMessage", "value": 1},
    {"source": "SLMAP-IEs.CriticalityDiagnostics", "target": "SLMAP-CommonDataTypes.Criticality", "value": 1},
    {"source": "SLMAP-IEs.CriticalityDiagnostics", "target": "SLMAP-IEs.CriticalityDiagnostics-ExtIEs", "value": 1},
    {"source": "SLMAP-IEs.CriticalityDiagnostics", "target": "SLMAP-IEs.CriticalityDiagnostics-IE-List", "value": 1},
    {"source": "SLMAP-IEs.CriticalityDiagnostics", "target": "SLMAP-CommonDataTypes.SLMAPTransactionID", "value": 1},
    {"source": "SLMAP-IEs.BandCombination", "target": "SLMAP-IEs.FreqBandIndicator", "value": 1},
    {"source": "SLMAP-IEs.BandCombination", "target": "SLMAP-Constants.maxSimultaneousBands", "value": 1},
    {"source": "SLMAP-Containers.ProtocolIE-FieldPair", "target": "SLMAP-Containers.SLMAP-PROTOCOL-IES-PAIR", "value": 1},
    {"source": "SLMAP-Containers.ProtocolIE-FieldPair", "target": "SLMAP-Containers.SLMAP-PROTOCOL-IES-PAIR", "value": 1},
    {"source": "SLMAP-Containers.ProtocolIE-FieldPair", "target": "SLMAP-Containers.SLMAP-PROTOCOL-IES-PAIR", "value": 1},
    {"source": "SLMAP-Containers.ProtocolIE-FieldPair", "target": "SLMAP-Containers.SLMAP-PROTOCOL-IES-PAIR", "value": 1},
    {"source": "SLMAP-Containers.ProtocolIE-FieldPair", "target": "SLMAP-Containers.SLMAP-PROTOCOL-IES-PAIR", "value": 1},
    {"source": "SLMAP-Containers.ProtocolIE-FieldPair", "target": "SLMAP-Containers.SLMAP-PROTOCOL-IES-PAIR", "value": 1},
    {"source": "SLMAP-PDU-Contents.ErrorIndication-IEs", "target": "SLMAP-IEs.Cause", "value": 1},
    {"source": "SLMAP-PDU-Contents.ErrorIndication-IEs", "target": "SLMAP-IEs.CriticalityDiagnostics", "value": 1},
    {"source": "SLMAP-PDU-Contents.ErrorIndication-IEs", "target": "SLMAP-Containers.SLMAP-PROTOCOL-IES", "value": 1},
    {"source": "SLMAP-PDU-Descriptions.SLMAP-PDU", "target": "SLMAP-PDU-Descriptions.SuccessfulOutcome", "value": 1},
    {"source": "SLMAP-PDU-Descriptions.SLMAP-PDU", "target": "SLMAP-PDU-Descriptions.UnsuccessfulOutcome", "value": 1},
    {"source": "SLMAP-PDU-Descriptions.SLMAP-PDU", "target": "SLMAP-PDU-Descriptions.InitiatingMessage", "value": 1},
    {"source": "SLMAP-IEs.UL-RTOAMeasurementConfiguration", "target": "SLMAP-IEs.SRSConfiguration", "value": 1},
    {"source": "SLMAP-IEs.UL-RTOAMeasurementConfiguration", "target": "SLMAP-IEs.SearchWindowParameters", "value": 1},
    {"source": "SLMAP-Containers.PrivateIE-Container", "target": "SLMAP-Containers.SLMAP-PRIVATE-IES", "value": 1},
    {"source": "SLMAP-Containers.PrivateIE-Container", "target": "SLMAP-CommonDataTypes.maxPrivateIEs", "value": 1},
    {"source": "SLMAP-Containers.PrivateIE-Container", "target": "SLMAP-Containers.PrivateIE-Field", "value": 1},
    {"source": "SLMAP-PDU-Descriptions.measurement", "target": "SLMAP-PDU-Descriptions.SLMAP-ELEMENTARY-PROCEDURE", "value": 1},
    {"source": "SLMAP-PDU-Descriptions.measurement", "target": "SLMAP-PDU-Contents.MeasurementFailure", "value": 1},
    {"source": "SLMAP-PDU-Descriptions.measurement", "target": "SLMAP-PDU-Contents.MeasurementRequest", "value": 1},
    {"source": "SLMAP-PDU-Descriptions.measurement", "target": "SLMAP-PDU-Contents.MeasurementResponse", "value": 1},
    {"source": "SLMAP-Constants.id-measurement", "target": "SLMAP-CommonDataTypes.ProcedureCode", "value": 1},
    {"source": "SLMAP-PDU-Descriptions.InitiatingMessage", "target": "SLMAP-PDU-Descriptions.SLMAP-ELEMENTARY-PROCEDURE", "value": 1},
    {"source": "SLMAP-PDU-Descriptions.InitiatingMessage", "target": "SLMAP-PDU-Descriptions.SLMAP-ELEMENTARY-PROCEDURE", "value": 1},
    {"source": "SLMAP-PDU-Descriptions.InitiatingMessage", "target": "SLMAP-PDU-Descriptions.SLMAP-ELEMENTARY-PROCEDURES", "value": 1},
    {"source": "SLMAP-PDU-Descriptions.InitiatingMessage", "target": "SLMAP-PDU-Descriptions.SLMAP-ELEMENTARY-PROCEDURE", "value": 1},
    {"source": "SLMAP-PDU-Descriptions.InitiatingMessage", "target": "SLMAP-CommonDataTypes.SLMAPTransactionID", "value": 1},
    {"source": "SLMAP-Constants.id-errorIndication", "target": "SLMAP-CommonDataTypes.ProcedureCode", "value": 1},
    {"source": "SLMAP-IEs.SupportedBandwidthCombinationSet", "target": "SLMAP-Constants.maxBWCombSet", "value": 1},
    {"source": "SLMAP-IEs.SupportedBandwidthCombinationSet", "target": "SLMAP-IEs.BandCombination", "value": 1},
    {"source": "SLMAP-PDU-Descriptions.privateMessage", "target": "SLMAP-PDU-Descriptions.SLMAP-ELEMENTARY-PROCEDURE", "value": 1},
    {"source": "SLMAP-PDU-Descriptions.privateMessage", "target": "SLMAP-PDU-Contents.PrivateMessage", "value": 1},
    {"source": "SLMAP-Containers.ProtocolIE-Field", "target": "SLMAP-Containers.SLMAP-PROTOCOL-IES", "value": 1},
    {"source": "SLMAP-Containers.ProtocolIE-Field", "target": "SLMAP-Containers.SLMAP-PROTOCOL-IES", "value": 1},
    {"source": "SLMAP-Containers.ProtocolIE-Field", "target": "SLMAP-Containers.SLMAP-PROTOCOL-IES", "value": 1},
    {"source": "SLMAP-Containers.ProtocolIE-Field", "target": "SLMAP-Containers.SLMAP-PROTOCOL-IES", "value": 1},
    {"source": "SLMAP-PDU-Contents.MeasurementUpdate-IEs", "target": "SLMAP-IEs.ESMLC-MeasurementID", "value": 1},
    {"source": "SLMAP-PDU-Contents.MeasurementUpdate-IEs", "target": "SLMAP-Containers.SLMAP-PROTOCOL-IES", "value": 1},
    {"source": "SLMAP-PDU-Contents.MeasurementUpdate-IEs", "target": "SLMAP-IEs.UL-RTOAMeasurementConfiguration", "value": 1},
    {"source": "SLMAP-IEs.EARFCN", "target": "SLMAP-Constants.maxEARFCN", "value": 1},
    {"source": "SLMAP-PDU-Contents.ResetRequest-IEs", "target": "SLMAP-IEs.Cause", "value": 1},
    {"source": "SLMAP-PDU-Contents.ResetRequest-IEs", "target": "SLMAP-Containers.SLMAP-PROTOCOL-IES", "value": 1},
    {"source": "SLMAP-CommonDataTypes.PrivateIE-ID", "target": "SLMAP-CommonDataTypes.maxPrivateIEs", "value": 1},
    {"source": "SLMAP-IEs.CriticalityDiagnostics-IE-List", "target": "SLMAP-CommonDataTypes.ProtocolIE-ID", "value": 1},
    {"source": "SLMAP-IEs.CriticalityDiagnostics-IE-List", "target": "SLMAP-IEs.TypeOfError", "value": 1},
    {"source": "SLMAP-IEs.CriticalityDiagnostics-IE-List", "target": "SLMAP-Containers.ProtocolExtensionContainer", "value": 1},
    {"source": "SLMAP-IEs.CriticalityDiagnostics-IE-List", "target": "SLMAP-IEs.CriticalityDiagnostics-IE-List-ExtIEs", "value": 1},
    {"source": "SLMAP-IEs.CriticalityDiagnostics-IE-List", "target": "SLMAP-Constants.maxNrOfErrors", "value": 1},
    {"source": "SLMAP-IEs.CriticalityDiagnostics-IE-List", "target": "SLMAP-CommonDataTypes.Criticality", "value": 1},
    {"source": "SLMAP-IEs.LMUInformation", "target": "SLMAP-IEs.LMUPosition", "value": 1},
    {"source": "SLMAP-IEs.LMUInformation", "target": "SLMAP-IEs.BWCombinationParameters", "value": 1},
    {"source": "SLMAP-IEs.LMUInformation", "target": "SLMAP-IEs.ListOfRfBands", "value": 1},
    {"source": "SLMAP-PDU-Contents.ResetAcknowledge-IEs", "target": "SLMAP-IEs.CriticalityDiagnostics", "value": 1},
    {"source": "SLMAP-PDU-Contents.ResetAcknowledge-IEs", "target": "SLMAP-Containers.SLMAP-PROTOCOL-IES", "value": 1},
    {"source": "SLMAP-PDU-Contents.MeasurementUpdate", "target": "SLMAP-Containers.ProtocolIE-Container", "value": 1},
    {"source": "SLMAP-PDU-Contents.MeasurementUpdate", "target": "SLMAP-PDU-Contents.MeasurementUpdate-IEs", "value": 1},
    {"source": "SLMAP-Constants.id-slmSetup", "target": "SLMAP-CommonDataTypes.ProcedureCode", "value": 1},
    {"source": "SLMAP-IEs.ListOfRfBands", "target": "SLMAP-IEs.FreqBandIndicator", "value": 1},
    {"source": "SLMAP-IEs.ListOfRfBands", "target": "SLMAP-Constants.maxNoLMURfBands", "value": 1},
    {"source": "SLMAP-PDU-Contents.MeasurementRequest", "target": "SLMAP-Containers.ProtocolIE-Container", "value": 1},
    {"source": "SLMAP-PDU-Contents.MeasurementRequest", "target": "SLMAP-PDU-Contents.MeasurementRequest-IEs", "value": 1},
    {"source": "SLMAP-PDU-Descriptions.SLMAP-ELEMENTARY-PROCEDURES-CLASS-2", "target": "SLMAP-PDU-Descriptions.errorIndication", "value": 1},
    {"source": "SLMAP-PDU-Descriptions.SLMAP-ELEMENTARY-PROCEDURES-CLASS-2", "target": "SLMAP-PDU-Descriptions.SLMAP-ELEMENTARY-PROCEDURE", "value": 1},
    {"source": "SLMAP-PDU-Descriptions.SLMAP-ELEMENTARY-PROCEDURES-CLASS-2", "target": "SLMAP-PDU-Descriptions.privateMessage", "value": 1},
    {"source": "SLMAP-PDU-Descriptions.SLMAP-ELEMENTARY-PROCEDURES-CLASS-2", "target": "SLMAP-PDU-Descriptions.measurementUpdate", "value": 1},
    {"source": "SLMAP-PDU-Descriptions.SLMAP-ELEMENTARY-PROCEDURES-CLASS-2", "target": "SLMAP-PDU-Descriptions.measurementAbort", "value": 1},
    {"source": "SLMAP-PDU-Contents.MeasurementAbort-IEs", "target": "SLMAP-IEs.ESMLC-MeasurementID", "value": 1},
    {"source": "SLMAP-PDU-Contents.MeasurementAbort-IEs", "target": "SLMAP-Containers.SLMAP-PROTOCOL-IES", "value": 1},
    {"source": "SLMAP-Constants.id-CriticalityDiagnostics", "target": "SLMAP-CommonDataTypes.ProtocolIE-ID", "value": 1},
    {"source": "SLMAP-IEs.Cause", "target": "SLMAP-IEs.MiscCause", "value": 1},
    {"source": "SLMAP-IEs.Cause", "target": "SLMAP-IEs.ProtocolCause", "value": 1},
    {"source": "SLMAP-IEs.Cause", "target": "SLMAP-IEs.RadioNetworkLayerCause", "value": 1},
    {"source": "SLMAP-Constants.id-ESMLC-MeasurementID", "target": "SLMAP-CommonDataTypes.ProtocolIE-ID", "value": 1},
    {"source": "SLMAP-PDU-Contents.ErrorIndication", "target": "SLMAP-Containers.ProtocolIE-Container", "value": 1},
    {"source": "SLMAP-PDU-Contents.ErrorIndication", "target": "SLMAP-PDU-Contents.ErrorIndication-IEs", "value": 1},
    {"source": "SLMAP-PDU-Contents.SLMSetupFailure", "target": "SLMAP-Containers.ProtocolIE-Container", "value": 1},
    {"source": "SLMAP-PDU-Contents.SLMSetupFailure", "target": "SLMAP-PDU-Contents.SLMSetupFailure-IEs", "value": 1},
    {"source": "SLMAP-IEs.SRSConfigurationForOneCell", "target": "SLMAP-IEs.SRSBandwidth", "value": 1},
    {"source": "SLMAP-IEs.SRSConfigurationForOneCell", "target": "SLMAP-IEs.AntennaPort", "value": 1},
    {"source": "SLMAP-IEs.SRSConfigurationForOneCell", "target": "SLMAP-IEs.HoppingBandwidth", "value": 1},
    {"source": "SLMAP-IEs.SRSConfigurationForOneCell", "target": "SLMAP-IEs.EARFCN", "value": 1},
    {"source": "SLMAP-IEs.SRSConfigurationForOneCell", "target": "SLMAP-IEs.CPLength", "value": 1},
    {"source": "SLMAP-IEs.SRSConfigurationForOneCell", "target": "SLMAP-IEs.PCI", "value": 1},
    {"source": "SLMAP-IEs.SRSConfigurationForOneCell", "target": "SLMAP-IEs.ChannelBandwidth", "value": 1},
    {"source": "SLMAP-IEs.SRSConfigurationForOneCell", "target": "SLMAP-IEs.CyclicShift", "value": 1},
    {"source": "SLMAP-IEs.SRSConfigurationForOneCell", "target": "SLMAP-IEs.BandwidthConfig", "value": 1},
    {"source": "SLMAP-PDU-Descriptions.SLMAP-ELEMENTARY-PROCEDURES-CLASS-1", "target": "SLMAP-PDU-Descriptions.measurement", "value": 1},
    {"source": "SLMAP-PDU-Descriptions.SLMAP-ELEMENTARY-PROCEDURES-CLASS-1", "target": "SLMAP-PDU-Descriptions.SLMAP-ELEMENTARY-PROCEDURE", "value": 1},
    {"source": "SLMAP-PDU-Descriptions.SLMAP-ELEMENTARY-PROCEDURES-CLASS-1", "target": "SLMAP-PDU-Descriptions.slmSetup", "value": 1},
    {"source": "SLMAP-PDU-Descriptions.SLMAP-ELEMENTARY-PROCEDURES-CLASS-1", "target": "SLMAP-PDU-Descriptions.reset", "value": 1},
    {"source": "SLMAP-Constants.id-ESMLC-ID", "target": "SLMAP-CommonDataTypes.ProtocolIE-ID", "value": 1},
    {"source": "SLMAP-IEs.SRSConfiguration", "target": "SLMAP-Constants.maxServCell", "value": 1},
    {"source": "SLMAP-IEs.SRSConfiguration", "target": "SLMAP-IEs.SRSConfigurationForOneCell", "value": 1},
    {"source": "SLMAP-PDU-Descriptions.errorIndication", "target": "SLMAP-PDU-Descriptions.SLMAP-ELEMENTARY-PROCEDURE", "value": 1},
    {"source": "SLMAP-PDU-Descriptions.errorIndication", "target": "SLMAP-PDU-Contents.ErrorIndication", "value": 1},
    {"source": "SLMAP-PDU-Contents.PrivateMessage-IEs", "target": "SLMAP-Containers.SLMAP-PRIVATE-IES", "value": 1},
    {"source": "SLMAP-PDU-Descriptions.measurementUpdate", "target": "SLMAP-PDU-Contents.MeasurementUpdate", "value": 1},
    {"source": "SLMAP-PDU-Descriptions.measurementUpdate", "target": "SLMAP-PDU-Descriptions.SLMAP-ELEMENTARY-PROCEDURE", "value": 1},
    {"source": "SLMAP-IEs.BWCombinationParameters", "target": "SLMAP-Constants.maxBWComb", "value": 1},
    {"source": "SLMAP-IEs.BWCombinationParameters", "target": "SLMAP-IEs.SupportedBandwidthCombinationSet", "value": 1},
    {"source": "SLMAP-Constants.id-reset", "target": "SLMAP-CommonDataTypes.ProcedureCode", "value": 1},
    {"source": "SLMAP-PDU-Descriptions.SuccessfulOutcome", "target": "SLMAP-PDU-Descriptions.SLMAP-ELEMENTARY-PROCEDURE", "value": 1},
    {"source": "SLMAP-PDU-Descriptions.SuccessfulOutcome", "target": "SLMAP-PDU-Descriptions.SLMAP-ELEMENTARY-PROCEDURE", "value": 1},
    {"source": "SLMAP-PDU-Descriptions.SuccessfulOutcome", "target": "SLMAP-PDU-Descriptions.SLMAP-ELEMENTARY-PROCEDURE", "value": 1},
    {"source": "SLMAP-PDU-Descriptions.SuccessfulOutcome", "target": "SLMAP-PDU-Descriptions.SLMAP-ELEMENTARY-PROCEDURES", "value": 1},
    {"source": "SLMAP-PDU-Descriptions.SuccessfulOutcome", "target": "SLMAP-CommonDataTypes.SLMAPTransactionID", "value": 1},
    {"source": "SLMAP-IEs.UL-RTOAMeasurements", "target": "SLMAP-IEs.UL-RTOAMeasurement", "value": 1},
    {"source": "SLMAP-IEs.UL-RTOAMeasurements", "target": "SLMAP-Constants.maxNoULRTOA", "value": 1},
    {"source": "SLMAP-Constants.id-measurementAbort", "target": "SLMAP-CommonDataTypes.ProcedureCode", "value": 1},
    {"source": "SLMAP-IEs.CriticalityDiagnostics-ExtIEs", "target": "SLMAP-Containers.SLMAP-PROTOCOL-EXTENSION", "value": 1},
    {"source": "SLMAP-Containers.ProtocolIE-ContainerList", "target": "SLMAP-Containers.ProtocolIE-Container", "value": 1},
    {"source": "SLMAP-Containers.ProtocolIE-ContainerList", "target": "SLMAP-Containers.SLMAP-PROTOCOL-IES", "value": 1},
    {"source": "SLMAP-Constants.id-LMUInformation", "target": "SLMAP-CommonDataTypes.ProtocolIE-ID", "value": 1},
    {"source": "SLMAP-CommonDataTypes.ProtocolIE-ID", "target": "SLMAP-CommonDataTypes.maxProtocolIEs", "value": 1},
    {"source": "SLMAP-Constants.id-UL-RTOAMeasurements", "target": "SLMAP-CommonDataTypes.ProtocolIE-ID", "value": 1},
    {"source": "SLMAP-Constants.id-LMU-ID", "target": "SLMAP-CommonDataTypes.ProtocolIE-ID", "value": 1},
    {"source": "SLMAP-PDU-Contents.MeasurementAbort", "target": "SLMAP-Containers.ProtocolIE-Container", "value": 1},
    {"source": "SLMAP-PDU-Contents.MeasurementAbort", "target": "SLMAP-PDU-Contents.MeasurementAbort-IEs", "value": 1},
    {"source": "SLMAP-PDU-Descriptions.reset", "target": "SLMAP-PDU-Descriptions.SLMAP-ELEMENTARY-PROCEDURE", "value": 1},
    {"source": "SLMAP-PDU-Descriptions.reset", "target": "SLMAP-PDU-Contents.ResetRequest", "value": 1},
    {"source": "SLMAP-PDU-Descriptions.reset", "target": "SLMAP-PDU-Contents.ResetAcknowledge", "value": 1},
    {"source": "SLMAP-Containers.SLMAP-PROTOCOL-EXTENSION", "target": "SLMAP-CommonDataTypes.ProtocolIE-ID", "value": 1},
    {"source": "SLMAP-Containers.SLMAP-PROTOCOL-EXTENSION", "target": "SLMAP-CommonDataTypes.Presence", "value": 1},
    {"source": "SLMAP-Containers.SLMAP-PROTOCOL-EXTENSION", "target": "SLMAP-CommonDataTypes.Criticality", "value": 1},
    {"source": "SLMAP-Containers.ProtocolIE-ContainerPair", "target": "SLMAP-Containers.ProtocolIE-FieldPair", "value": 1},
    {"source": "SLMAP-Containers.ProtocolIE-ContainerPair", "target": "SLMAP-Containers.SLMAP-PROTOCOL-IES-PAIR", "value": 1},
    {"source": "SLMAP-Containers.ProtocolIE-ContainerPair", "target": "SLMAP-CommonDataTypes.maxProtocolIEs", "value": 1},
    {"source": "SLMAP-PDU-Contents.PrivateMessage", "target": "SLMAP-PDU-Contents.PrivateMessage-IEs", "value": 1},
    {"source": "SLMAP-PDU-Contents.PrivateMessage", "target": "SLMAP-Containers.PrivateIE-Container", "value": 1},
    {"source": "SLMAP-Containers.SLMAP-PRIVATE-IES", "target": "SLMAP-CommonDataTypes.PrivateIE-ID", "value": 1},
    {"source": "SLMAP-Containers.SLMAP-PRIVATE-IES", "target": "SLMAP-CommonDataTypes.Presence", "value": 1},
    {"source": "SLMAP-Containers.SLMAP-PRIVATE-IES", "target": "SLMAP-CommonDataTypes.Criticality", "value": 1},
    {"source": "SLMAP-Constants.id-Cause", "target": "SLMAP-CommonDataTypes.ProtocolIE-ID", "value": 1},
    {"source": "SLMAP-Containers.ProtocolIE-Single-Container", "target": "SLMAP-Containers.SLMAP-PROTOCOL-IES", "value": 1},
    {"source": "SLMAP-Containers.ProtocolIE-Single-Container", "target": "SLMAP-Containers.ProtocolIE-Field", "value": 1},
    {"source": "SLMAP-PDU-Descriptions.UnsuccessfulOutcome", "target": "SLMAP-PDU-Descriptions.SLMAP-ELEMENTARY-PROCEDURE", "value": 1},
    {"source": "SLMAP-PDU-Descriptions.UnsuccessfulOutcome", "target": "SLMAP-PDU-Descriptions.SLMAP-ELEMENTARY-PROCEDURE", "value": 1},
    {"source": "SLMAP-PDU-Descriptions.UnsuccessfulOutcome", "target": "SLMAP-PDU-Descriptions.SLMAP-ELEMENTARY-PROCEDURES", "value": 1},
    {"source": "SLMAP-PDU-Descriptions.UnsuccessfulOutcome", "target": "SLMAP-PDU-Descriptions.SLMAP-ELEMENTARY-PROCEDURE", "value": 1},
    {"source": "SLMAP-PDU-Descriptions.UnsuccessfulOutcome", "target": "SLMAP-CommonDataTypes.SLMAPTransactionID", "value": 1},
    {"source": "SLMAP-Containers.SLMAP-PROTOCOL-IES-PAIR", "target": "SLMAP-CommonDataTypes.ProtocolIE-ID", "value": 1},
    {"source": "SLMAP-Containers.SLMAP-PROTOCOL-IES-PAIR", "target": "SLMAP-CommonDataTypes.Presence", "value": 1},
    {"source": "SLMAP-Containers.SLMAP-PROTOCOL-IES-PAIR", "target": "SLMAP-CommonDataTypes.Criticality", "value": 1},
    {"source": "SLMAP-Constants.id-privateMessage", "target": "SLMAP-CommonDataTypes.ProcedureCode", "value": 1},
    {"source": "SLMAP-IEs.UL-RTOAMeasurement", "target": "SLMAP-IEs.EARFCN", "value": 1},
    {"source": "SLMAP-PDU-Contents.SLMSetupRequest", "target": "SLMAP-Containers.ProtocolIE-Container", "value": 1},
    {"source": "SLMAP-PDU-Contents.SLMSetupRequest", "target": "SLMAP-PDU-Contents.SLMSetupRequest-IEs", "value": 1},
    {"source": "SLMAP-Containers.ProtocolIE-ContainerPairList", "target": "SLMAP-Containers.ProtocolIE-ContainerPair", "value": 1},
    {"source": "SLMAP-Containers.ProtocolIE-ContainerPairList", "target": "SLMAP-Containers.SLMAP-PROTOCOL-IES-PAIR", "value": 1},
    {"source": "SLMAP-PDU-Contents.MeasurementResponse", "target": "SLMAP-Containers.ProtocolIE-Container", "value": 1},
    {"source": "SLMAP-PDU-Contents.MeasurementResponse", "target": "SLMAP-PDU-Contents.MeasurementResponse-IEs", "value": 1},
    {"source": "SLMAP-Containers.ProtocolExtensionContainer", "target": "SLMAP-CommonDataTypes.maxProtocolExtensions", "value": 1},
    {"source": "SLMAP-Containers.ProtocolExtensionContainer", "target": "SLMAP-Containers.SLMAP-PROTOCOL-EXTENSION", "value": 1},
    {"source": "SLMAP-Containers.ProtocolExtensionContainer", "target": "SLMAP-Containers.ProtocolExtensionField", "value": 1},
    {"source": "SLMAP-PDU-Contents.SLMSetupFailure-IEs", "target": "SLMAP-IEs.Cause", "value": 1},
    {"source": "SLMAP-PDU-Contents.SLMSetupFailure-IEs", "target": "SLMAP-IEs.CriticalityDiagnostics", "value": 1},
    {"source": "SLMAP-PDU-Contents.SLMSetupFailure-IEs", "target": "SLMAP-Containers.SLMAP-PROTOCOL-IES", "value": 1},
    {"source": "SLMAP-Containers.ProtocolExtensionField", "target": "SLMAP-Containers.SLMAP-PROTOCOL-EXTENSION", "value": 1},
    {"source": "SLMAP-Containers.ProtocolExtensionField", "target": "SLMAP-Containers.SLMAP-PROTOCOL-EXTENSION", "value": 1},
    {"source": "SLMAP-Containers.ProtocolExtensionField", "target": "SLMAP-Containers.SLMAP-PROTOCOL-EXTENSION", "value": 1},
    {"source": "SLMAP-Containers.ProtocolExtensionField", "target": "SLMAP-Containers.SLMAP-PROTOCOL-EXTENSION", "value": 1},
    {"source": "SLMAP-PDU-Descriptions.measurementAbort", "target": "SLMAP-PDU-Descriptions.SLMAP-ELEMENTARY-PROCEDURE", "value": 1},
    {"source": "SLMAP-PDU-Descriptions.measurementAbort", "target": "SLMAP-PDU-Contents.MeasurementAbort", "value": 1},
    {"source": "SLMAP-PDU-Contents.MeasurementResponse-IEs", "target": "SLMAP-IEs.ESMLC-MeasurementID", "value": 1},
    {"source": "SLMAP-PDU-Contents.MeasurementResponse-IEs", "target": "SLMAP-Containers.SLMAP-PROTOCOL-IES", "value": 1},
    {"source": "SLMAP-PDU-Contents.MeasurementResponse-IEs", "target": "SLMAP-IEs.UL-RTOAMeasurements", "value": 1},
    {"source": "SLMAP-PDU-Contents.MeasurementResponse-IEs", "target": "SLMAP-IEs.CriticalityDiagnostics", "value": 1},
    {"source": "SLMAP-PDU-Contents.SLMSetupResponse-IEs", "target": "SLMAP-IEs.CriticalityDiagnostics", "value": 1},
    {"source": "SLMAP-PDU-Contents.SLMSetupResponse-IEs", "target": "SLMAP-Containers.SLMAP-PROTOCOL-IES", "value": 1},
    {"source": "SLMAP-PDU-Contents.SLMSetupResponse-IEs", "target": "SLMAP-IEs.ESMLC-ID", "value": 1},
    {"source": "SLMAP-Containers.ProtocolIE-Container", "target": "SLMAP-Containers.SLMAP-PROTOCOL-IES", "value": 1},
    {"source": "SLMAP-Containers.ProtocolIE-Container", "target": "SLMAP-CommonDataTypes.maxProtocolIEs", "value": 1},
    {"source": "SLMAP-Containers.ProtocolIE-Container", "target": "SLMAP-Containers.ProtocolIE-Field", "value": 1},
    {"source": "SLMAP-PDU-Contents.ResetRequest", "target": "SLMAP-Containers.ProtocolIE-Container", "value": 1},
    {"source": "SLMAP-PDU-Contents.ResetRequest", "target": "SLMAP-PDU-Contents.ResetRequest-IEs", "value": 1},
    {"source": "SLMAP-PDU-Descriptions.SLMAP-ELEMENTARY-PROCEDURE", "target": "SLMAP-CommonDataTypes.ProcedureCode", "value": 1},
    {"source": "SLMAP-PDU-Descriptions.SLMAP-ELEMENTARY-PROCEDURE", "target": "SLMAP-CommonDataTypes.Criticality", "value": 1},
    {"source": "SLMAP-Containers.SLMAP-PROTOCOL-IES", "target": "SLMAP-CommonDataTypes.ProtocolIE-ID", "value": 1},
    {"source": "SLMAP-Containers.SLMAP-PROTOCOL-IES", "target": "SLMAP-CommonDataTypes.Presence", "value": 1},
    {"source": "SLMAP-Containers.SLMAP-PROTOCOL-IES", "target": "SLMAP-CommonDataTypes.Criticality", "value": 1},
    {"source": "SLMAP-Constants.id-UL-RTOAMeasurementConfiguration", "target": "SLMAP-CommonDataTypes.ProtocolIE-ID", "value": 1},
    {"source": "SLMAP-PDU-Descriptions.SLMAP-ELEMENTARY-PROCEDURES", "target": "SLMAP-PDU-Descriptions.SLMAP-ELEMENTARY-PROCEDURE", "value": 1},
    {"source": "SLMAP-PDU-Descriptions.SLMAP-ELEMENTARY-PROCEDURES", "target": "SLMAP-PDU-Descriptions.SLMAP-ELEMENTARY-PROCEDURES-CLASS-1", "value": 1},
    {"source": "SLMAP-PDU-Descriptions.SLMAP-ELEMENTARY-PROCEDURES", "target": "SLMAP-PDU-Descriptions.SLMAP-ELEMENTARY-PROCEDURES-CLASS-2", "value": 1},
    {"source": "SLMAP-PDU-Contents.ResetAcknowledge", "target": "SLMAP-Containers.ProtocolIE-Container", "value": 1},
    {"source": "SLMAP-PDU-Contents.ResetAcknowledge", "target": "SLMAP-PDU-Contents.ResetAcknowledge-IEs", "value": 1},
    {"source": "SLMAP-PDU-Contents.SLMSetupResponse", "target": "SLMAP-Containers.ProtocolIE-Container", "value": 1},
    {"source": "SLMAP-PDU-Contents.SLMSetupResponse", "target": "SLMAP-PDU-Contents.SLMSetupResponse-IEs", "value": 1},
    {"source": "SLMAP-Constants.id-measurementUpdate", "target": "SLMAP-CommonDataTypes.ProcedureCode", "value": 1},
    {"source": "SLMAP-PDU-Contents.SLMSetupRequest-IEs", "target": "SLMAP-Containers.SLMAP-PROTOCOL-IES", "value": 1},
    {"source": "SLMAP-PDU-Contents.SLMSetupRequest-IEs", "target": "SLMAP-IEs.LMUInformation", "value": 1},
    {"source": "SLMAP-PDU-Contents.SLMSetupRequest-IEs", "target": "SLMAP-IEs.LMU-ID", "value": 1},
    {"source": "SLMAP-Containers.PrivateIE-Field", "target": "SLMAP-Containers.SLMAP-PRIVATE-IES", "value": 1},
    {"source": "SLMAP-Containers.PrivateIE-Field", "target": "SLMAP-Containers.SLMAP-PRIVATE-IES", "value": 1},
    {"source": "SLMAP-Containers.PrivateIE-Field", "target": "SLMAP-Containers.SLMAP-PRIVATE-IES", "value": 1},
    {"source": "SLMAP-Containers.PrivateIE-Field", "target": "SLMAP-Containers.SLMAP-PRIVATE-IES", "value": 1},
    {"source": "SLMAP-PDU-Descriptions.slmSetup", "target": "SLMAP-PDU-Contents.SLMSetupFailure", "value": 1},
    {"source": "SLMAP-PDU-Descriptions.slmSetup", "target": "SLMAP-PDU-Descriptions.SLMAP-ELEMENTARY-PROCEDURE", "value": 1},
    {"source": "SLMAP-PDU-Descriptions.slmSetup", "target": "SLMAP-PDU-Contents.SLMSetupResponse", "value": 1},
    {"source": "SLMAP-PDU-Descriptions.slmSetup", "target": "SLMAP-PDU-Contents.SLMSetupRequest", "value": 1}
  ]
}
