{
  "_comment": "code automatically generated by pycrate_asn1c",
  "nodes": [
    {"id": "RFC1155-SMI.internet", "group": 2},
    {"id": "RFC1155-SMI.directory", "group": 2},
    {"id": "RFC1155-SMI.mgmt", "group": 2},
    {"id": "RFC1155-SMI.experimental", "group": 2},
    {"id": "RFC1155-SMI.private", "group": 2},
    {"id": "RFC1155-SMI.enterprises", "group": 2},
    {"id": "RFC1155-SMI.ObjectName", "group": 2},
    {"id": "RFC1155-SMI.SimpleSyntax", "group": 2},
    {"id": "RFC1155-SMI.IpAddress", "group": 2},
    {"id": "RFC1155-SMI.Counter", "group": 2},
    {"id": "RFC1155-SMI.Gauge", "group": 2},
    {"id": "RFC1155-SMI.TimeTicks", "group": 2},
    {"id": "RFC1155-SMI.Opaque", "group": 2},
    {"id": "RFC1157-SNMP.Message", "group": 3},
    {"id": "RFC1155-SMI.NetworkAddress", "group": 2},
    {"id": "RFC1155-SMI.ApplicationSyntax", "group": 2},
    {"id": "RFC1155-SMI.ObjectSyntax", "group": 2},
    {"id": "RFC1157-SNMP.VarBind", "group": 3},
    {"id": "RFC1157-SNMP.VarBindList", "group": 3},
    {"id": "RFC1157-SNMP.PDU", "group": 3},
    {"id": "RFC1157-SNMP.Trap-PDU", "group": 3},
    {"id": "RFC1157-SNMP.GetRequest-PDU", "group": 3},
    {"id": "RFC1157-SNMP.GetNextRequest-PDU", "group": 3},
    {"id": "RFC1157-SNMP.GetResponse-PDU", "group": 3},
    {"id": "RFC1157-SNMP.SetRequest-PDU", "group": 3}
  ],
  "links": [
    {"source": "RFC1157-SNMP.GetResponse-PDU", "target": "RFC1157-SNMP.PDU", "value": 1},
    {"source": "RFC1157-SNMP.PDU", "target": "RFC1157-SNMP.VarBindList", "value": 1},
    {"source": "RFC1157-SNMP.GetRequest-PDU", "target": "RFC1157-SNMP.PDU", "value": 1},
    {"source": "RFC1157-SNMP.Trap-PDU", "target": "RFC1155-SMI.NetworkAddress", "value": 1},
    {"source": "RFC1157-SNMP.Trap-PDU", "target": "RFC1157-SNMP.VarBindList", "value": 1},
    {"source": "RFC1157-SNMP.Trap-PDU", "target": "RFC1155-SMI.TimeTicks", "value": 1},
    {"source": "RFC1155-SMI.experimental", "target": "RFC1155-SMI.internet", "value": 1},
    {"source": "RFC1157-SNMP.SetRequest-PDU", "target": "RFC1157-SNMP.PDU", "value": 1},
    {"source": "RFC1155-SMI.NetworkAddress", "target": "RFC1155-SMI.IpAddress", "value": 1},
    {"source": "RFC1157-SNMP.VarBind", "target": "RFC1155-SMI.ObjectSyntax", "value": 1},
    {"source": "RFC1157-SNMP.VarBind", "target": "RFC1155-SMI.ObjectName", "value": 1},
    {"source": "RFC1155-SMI.ApplicationSyntax", "target": "RFC1155-SMI.Gauge", "value": 1},
    {"source": "RFC1155-SMI.ApplicationSyntax", "target": "RFC1155-SMI.Counter", "value": 1},
    {"source": "RFC1155-SMI.ApplicationSyntax", "target": "RFC1155-SMI.NetworkAddress", "value": 1},
    {"source": "RFC1155-SMI.ApplicationSyntax", "target": "RFC1155-SMI.TimeTicks", "value": 1},
    {"source": "RFC1155-SMI.ApplicationSyntax", "target": "RFC1155-SMI.Opaque", "value": 1},
    {"source": "RFC1155-SMI.ObjectSyntax", "target": "RFC1155-SMI.SimpleSyntax", "value": 1},
    {"source": "RFC1155-SMI.ObjectSyntax", "target": "RFC1155-SMI.ApplicationSyntax", "value": 1},
    {"source": "RFC1155-SMI.directory", "target": "RFC1155-SMI.internet", "value": 1},
    {"source": "RFC1157-SNMP.GetNextRequest-PDU", "target": "RFC1157-SNMP.PDU", "value": 1},
    {"source": "RFC1157-SNMP.PDUs", "target": "RFC1157-SNMP.Trap-PDU", "value": 1},
    {"source": "RFC1157-SNMP.PDUs", "target": "RFC1157-SNMP.GetNextRequest-PDU", "value": 1},
    {"source": "RFC1157-SNMP.PDUs", "target": "RFC1157-SNMP.SetRequest-PDU", "value": 1},
    {"source": "RFC1157-SNMP.PDUs", "target": "RFC1157-SNMP.GetResponse-PDU", "value": 1},
    {"source": "RFC1157-SNMP.PDUs", "target": "RFC1157-SNMP.GetRequest-PDU", "value": 1},
    {"source": "RFC1155-SMI.enterprises", "target": "RFC1155-SMI.private", "value": 1},
    {"source": "RFC1155-SMI.private", "target": "RFC1155-SMI.internet", "value": 1},
    {"source": "RFC1157-SNMP.VarBindList", "target": "RFC1157-SNMP.VarBind", "value": 1},
    {"source": "RFC1155-SMI.mgmt", "target": "RFC1155-SMI.internet", "value": 1}
  ]
}
