{
  "_comment": "code automatically generated by pycrate_asn1c",
  "nodes": [
    {"id": "TAP-0312.CallEventDetailList", "group": 2},
    {"id": "TAP-0312.MessageDescriptionInfoList", "group": 2},
    {"id": "TAP-0312.AccessPointNameNI", "group": 2},
    {"id": "TAP-0312.AccessPointNameOI", "group": 2},
    {"id": "TAP-0312.ActualDeliveryTimeStamp", "group": 2},
    {"id": "TAP-0312.AddressStringDigits", "group": 2},
    {"id": "TAP-0312.AdvisedChargeCurrency", "group": 2},
    {"id": "TAP-0312.AgeOfLocation", "group": 2},
    {"id": "TAP-0312.BasicServiceCodeList", "group": 2},
    {"id": "TAP-0312.BasicServiceUsedList", "group": 2},
    {"id": "TAP-0312.BearerServiceCode", "group": 2},
    {"id": "TAP-0312.CalledNumber", "group": 2},
    {"id": "TAP-0312.CalledPlace", "group": 2},
    {"id": "TAP-0312.CalledRegion", "group": 2},
    {"id": "TAP-0312.CallEventDetailsCount", "group": 2},
    {"id": "TAP-0312.CallEventStartTimeStamp", "group": 2},
    {"id": "TAP-0312.CallingNumber", "group": 2},
    {"id": "TAP-0312.CallReference", "group": 2},
    {"id": "TAP-0312.CallTypeLevel1", "group": 2},
    {"id": "TAP-0312.CallTypeLevel2", "group": 2},
    {"id": "TAP-0312.CallTypeLevel3", "group": 2},
    {"id": "TAP-0312.CamelDestinationNumber", "group": 2},
    {"id": "TAP-0312.CamelInvocationFee", "group": 2},
    {"id": "TAP-0312.CamelServiceKey", "group": 2},
    {"id": "TAP-0312.CamelServiceLevel", "group": 2},
    {"id": "TAP-0312.CauseForTerm", "group": 2},
    {"id": "TAP-0312.CellId", "group": 2},
    {"id": "TAP-0312.Charge", "group": 2},
    {"id": "TAP-0312.ChargeableUnits", "group": 2},
    {"id": "TAP-0312.ChargeDetailList", "group": 2},
    {"id": "TAP-0312.ChargedItem", "group": 2},
    {"id": "TAP-0312.ChargedPartyHomeIdList", "group": 2},
    {"id": "TAP-0312.ChargedPartyIdentifier", "group": 2},
    {"id": "TAP-0312.ChargedPartyIdList", "group": 2},
    {"id": "TAP-0312.ChargedPartyIdType", "group": 2},
    {"id": "TAP-0312.ChargedPartyLocationList", "group": 2},
    {"id": "TAP-0312.ChargedPartyStatus", "group": 2},
    {"id": "TAP-0312.ChargedUnits", "group": 2},
    {"id": "TAP-0312.ChargeInformationList", "group": 2},
    {"id": "TAP-0312.ChargeRefundIndicator", "group": 2},
    {"id": "TAP-0312.ChargeType", "group": 2},
    {"id": "TAP-0312.ChargingId", "group": 2},
    {"id": "TAP-0312.ChargingPoint", "group": 2},
    {"id": "TAP-0312.ChargingTimeStamp", "group": 2},
    {"id": "TAP-0312.ClirIndicator", "group": 2},
    {"id": "TAP-0312.Commission", "group": 2},
    {"id": "TAP-0312.CompletionTimeStamp", "group": 2},
    {"id": "TAP-0312.ContentChargingPoint", "group": 2},
    {"id": "TAP-0312.ContentProviderIdentifier", "group": 2},
    {"id": "TAP-0312.ContentProviderIdList", "group": 2},
    {"id": "TAP-0312.ContentProviderIdType", "group": 2},
    {"id": "TAP-0312.ContentProviderName", "group": 2},
    {"id": "TAP-0312.ContentServiceUsedList", "group": 2},
    {"id": "TAP-0312.ContentTransactionCode", "group": 2},
    {"id": "TAP-0312.ContentTransactionType", "group": 2},
    {"id": "TAP-0312.CseInformation", "group": 2},
    {"id": "TAP-0312.CurrencyConversionList", "group": 2},
    {"id": "TAP-0312.CustomerIdentifier", "group": 2},
    {"id": "TAP-0312.CustomerIdType", "group": 2},
    {"id": "TAP-0312.DataVolume", "group": 2},
    {"id": "TAP-0312.DataVolumeIncoming", "group": 2},
    {"id": "TAP-0312.DataVolumeOutgoing", "group": 2},
    {"id": "TAP-0312.DefaultCallHandlingIndicator", "group": 2},
    {"id": "TAP-0312.DepositTimeStamp", "group": 2},
    {"id": "TAP-0312.DialledDigits", "group": 2},
    {"id": "TAP-0312.DiscountableAmount", "group": 2},
    {"id": "TAP-0312.DiscountCode", "group": 2},
    {"id": "TAP-0312.DiscountingList", "group": 2},
    {"id": "TAP-0312.DiscountRate", "group": 2},
    {"id": "TAP-0312.DiscountValue", "group": 2},
    {"id": "TAP-0312.DistanceChargeBandCode", "group": 2},
    {"id": "TAP-0312.EarliestCallTimeStamp", "group": 2},
    {"id": "TAP-0312.ElementId", "group": 2},
    {"id": "TAP-0312.ElementType", "group": 2},
    {"id": "TAP-0312.EquipmentId", "group": 2},
    {"id": "TAP-0312.EquipmentIdType", "group": 2},
    {"id": "TAP-0312.Esn", "group": 2},
    {"id": "TAP-0312.EventReference", "group": 2},
    {"id": "TAP-0312.ExchangeRate", "group": 2},
    {"id": "TAP-0312.ExchangeRateCode", "group": 2},
    {"id": "TAP-0312.FileAvailableTimeStamp", "group": 2},
    {"id": "TAP-0312.FileCreationTimeStamp", "group": 2},
    {"id": "TAP-0312.FileSequenceNumber", "group": 2},
    {"id": "TAP-0312.FileTypeIndicator", "group": 2},
    {"id": "TAP-0312.FixedDiscountValue", "group": 2},
    {"id": "TAP-0312.Fnur", "group": 2},
    {"id": "TAP-0312.GprsDestination", "group": 2},
    {"id": "TAP-0312.GuaranteedBitRate", "group": 2},
    {"id": "TAP-0312.HomeIdentifier", "group": 2},
    {"id": "TAP-0312.HomeIdType", "group": 2},
    {"id": "TAP-0312.HorizontalAccuracyDelivered", "group": 2},
    {"id": "TAP-0312.HorizontalAccuracyRequested", "group": 2},
    {"id": "TAP-0312.HSCSDIndicator", "group": 2},
    {"id": "TAP-0312.Imei", "group": 2},
    {"id": "TAP-0312.ImeiOrEsn", "group": 2},
    {"id": "TAP-0312.Imsi", "group": 2},
    {"id": "TAP-0312.IMSSignallingContext", "group": 2},
    {"id": "TAP-0312.InternetServiceProviderIdList", "group": 2},
    {"id": "TAP-0312.IspIdentifier", "group": 2},
    {"id": "TAP-0312.IspIdType", "group": 2},
    {"id": "TAP-0312.ISPList", "group": 2},
    {"id": "TAP-0312.NetworkIdType", "group": 2},
    {"id": "TAP-0312.NetworkIdentifier", "group": 2},
    {"id": "TAP-0312.Network", "group": 2},
    {"id": "TAP-0312.NetworkList", "group": 2},
    {"id": "TAP-0312.LatestCallTimeStamp", "group": 2},
    {"id": "TAP-0312.LCSRequestTimestamp", "group": 2},
    {"id": "TAP-0312.LCSSPIdentification", "group": 2},
    {"id": "TAP-0312.LCSSPIdentificationList", "group": 2},
    {"id": "TAP-0312.LCSSPInformation", "group": 2},
    {"id": "TAP-0312.LCSTransactionStatus", "group": 2},
    {"id": "TAP-0312.LocalCurrency", "group": 2},
    {"id": "TAP-0312.LocalTimeStamp", "group": 2},
    {"id": "TAP-0312.LocationArea", "group": 2},
    {"id": "TAP-0312.LocationDescription", "group": 2},
    {"id": "TAP-0312.LocationIdentifier", "group": 2},
    {"id": "TAP-0312.LocationIdType", "group": 2},
    {"id": "TAP-0312.MaximumBitRate", "group": 2},
    {"id": "TAP-0312.Mdn", "group": 2},
    {"id": "TAP-0312.MessageDescription", "group": 2},
    {"id": "TAP-0312.MessageDescriptionCode", "group": 2},
    {"id": "TAP-0312.MessageDescriptionInformation", "group": 2},
    {"id": "TAP-0312.MessageStatus", "group": 2},
    {"id": "TAP-0312.MessageType", "group": 2},
    {"id": "TAP-0312.MessagingEventService", "group": 2},
    {"id": "TAP-0312.Min", "group": 2},
    {"id": "TAP-0312.MinChargeableSubscriber", "group": 2},
    {"id": "TAP-0312.MobileSessionService", "group": 2},
    {"id": "TAP-0312.Msisdn", "group": 2},
    {"id": "TAP-0312.NetworkAccessIdentifier", "group": 2},
    {"id": "TAP-0312.NetworkElement", "group": 2},
    {"id": "TAP-0312.NetworkElementList", "group": 2},
    {"id": "TAP-0312.NetworkId", "group": 2},
    {"id": "TAP-0312.NetworkInitPDPContext", "group": 2},
    {"id": "TAP-0312.NonChargedNumber", "group": 2},
    {"id": "TAP-0312.NonChargedPartyNumber", "group": 2},
    {"id": "TAP-0312.NonChargedPublicUserId", "group": 2},
    {"id": "TAP-0312.NumberOfDecimalPlaces", "group": 2},
    {"id": "TAP-0312.ObjectType", "group": 2},
    {"id": "TAP-0312.OperatorSpecInformation", "group": 2},
    {"id": "TAP-0312.OrderPlacedTimeStamp", "group": 2},
    {"id": "TAP-0312.OriginatingNetwork", "group": 2},
    {"id": "TAP-0312.PacketDataProtocolAddress", "group": 2},
    {"id": "TAP-0312.PaidIndicator", "group": 2},
    {"id": "TAP-0312.PartialTypeIndicator", "group": 2},
    {"id": "TAP-0312.PaymentMethod", "group": 2},
    {"id": "TAP-0312.PdpAddress", "group": 2},
    {"id": "TAP-0312.PDPContextStartTimestamp", "group": 2},
    {"id": "TAP-0312.PlmnId", "group": 2},
    {"id": "TAP-0312.PositioningMethod", "group": 2},
    {"id": "TAP-0312.PriorityCode", "group": 2},
    {"id": "TAP-0312.PublicUserId", "group": 2},
    {"id": "TAP-0312.RapFileSequenceNumber", "group": 2},
    {"id": "TAP-0312.RecEntityCode", "group": 2},
    {"id": "TAP-0312.RecEntityCodeList", "group": 2},
    {"id": "TAP-0312.RecEntityId", "group": 2},
    {"id": "TAP-0312.RecEntityInfoList", "group": 2},
    {"id": "TAP-0312.RecEntityType", "group": 2},
    {"id": "TAP-0312.Recipient", "group": 2},
    {"id": "TAP-0312.ReleaseVersionNumber", "group": 2},
    {"id": "TAP-0312.RequestedDeliveryTimeStamp", "group": 2},
    {"id": "TAP-0312.RequestedNumber", "group": 2},
    {"id": "TAP-0312.RequestedPublicUserId", "group": 2},
    {"id": "TAP-0312.ResponseTime", "group": 2},
    {"id": "TAP-0312.ResponseTimeCategory", "group": 2},
    {"id": "TAP-0312.ScuChargeType", "group": 2},
    {"id": "TAP-0312.ScuTimeStamps", "group": 2},
    {"id": "TAP-0312.Sender", "group": 2},
    {"id": "TAP-0312.ServiceStartTimestamp", "group": 2},
    {"id": "TAP-0312.ServingLocationDescription", "group": 2},
    {"id": "TAP-0312.ServingNetwork", "group": 2},
    {"id": "TAP-0312.ServingPartiesInformation", "group": 2},
    {"id": "TAP-0312.SessionChargeInfoList", "group": 2},
    {"id": "TAP-0312.SimChargeableSubscriber", "group": 2},
    {"id": "TAP-0312.SimToolkitIndicator", "group": 2},
    {"id": "TAP-0312.SMSDestinationNumber", "group": 2},
    {"id": "TAP-0312.SMSOriginator", "group": 2},
    {"id": "TAP-0312.SpecificationVersionNumber", "group": 2},
    {"id": "TAP-0312.SsParameters", "group": 2},
    {"id": "TAP-0312.SupplServiceActionCode", "group": 2},
    {"id": "TAP-0312.SupplServiceCode", "group": 2},
    {"id": "TAP-0312.TapCurrency", "group": 2},
    {"id": "TAP-0312.TapDecimalPlaces", "group": 2},
    {"id": "TAP-0312.TaxableAmount", "group": 2},
    {"id": "TAP-0312.TaxationList", "group": 2},
    {"id": "TAP-0312.TaxCode", "group": 2},
    {"id": "TAP-0312.TaxIndicator", "group": 2},
    {"id": "TAP-0312.TaxInformationList", "group": 2},
    {"id": "TAP-0312.TaxRate", "group": 2},
    {"id": "TAP-0312.TaxType", "group": 2},
    {"id": "TAP-0312.TaxValue", "group": 2},
    {"id": "TAP-0312.TeleServiceCode", "group": 2},
    {"id": "TAP-0312.ThirdPartyNumber", "group": 2},
    {"id": "TAP-0312.ThreeGcamelDestination", "group": 2},
    {"id": "TAP-0312.TotalAdvisedCharge", "group": 2},
    {"id": "TAP-0312.TotalAdvisedChargeRefund", "group": 2},
    {"id": "TAP-0312.TotalAdvisedChargeValueList", "group": 2},
    {"id": "TAP-0312.TotalCallEventDuration", "group": 2},
    {"id": "TAP-0312.TotalCharge", "group": 2},
    {"id": "TAP-0312.TotalChargeRefund", "group": 2},
    {"id": "TAP-0312.TotalCommission", "group": 2},
    {"id": "TAP-0312.TotalCommissionRefund", "group": 2},
    {"id": "TAP-0312.TotalDataVolume", "group": 2},
    {"id": "TAP-0312.TotalDiscountRefund", "group": 2},
    {"id": "TAP-0312.TotalDiscountValue", "group": 2},
    {"id": "TAP-0312.TotalTaxRefund", "group": 2},
    {"id": "TAP-0312.TotalTaxValue", "group": 2},
    {"id": "TAP-0312.TotalTransactionDuration", "group": 2},
    {"id": "TAP-0312.TrackedCustomerEquipment", "group": 2},
    {"id": "TAP-0312.TrackedCustomerHomeId", "group": 2},
    {"id": "TAP-0312.TrackedCustomerHomeIdList", "group": 2},
    {"id": "TAP-0312.TrackedCustomerIdentification", "group": 2},
    {"id": "TAP-0312.TrackedCustomerIdList", "group": 2},
    {"id": "TAP-0312.TrackedCustomerLocation", "group": 2},
    {"id": "TAP-0312.TrackedCustomerLocList", "group": 2},
    {"id": "TAP-0312.TrackingCustomerEquipment", "group": 2},
    {"id": "TAP-0312.TrackingCustomerHomeId", "group": 2},
    {"id": "TAP-0312.TrackingCustomerHomeIdList", "group": 2},
    {"id": "TAP-0312.TrackingCustomerIdentification", "group": 2},
    {"id": "TAP-0312.TrackingCustomerIdList", "group": 2},
    {"id": "TAP-0312.TrackingCustomerLocation", "group": 2},
    {"id": "TAP-0312.TrackingCustomerLocList", "group": 2},
    {"id": "TAP-0312.TrackingFrequency", "group": 2},
    {"id": "TAP-0312.TrackingPeriod", "group": 2},
    {"id": "TAP-0312.TransactionAuthCode", "group": 2},
    {"id": "TAP-0312.TransactionDescriptionSupp", "group": 2},
    {"id": "TAP-0312.TransactionDetailDescription", "group": 2},
    {"id": "TAP-0312.TransactionIdentifier", "group": 2},
    {"id": "TAP-0312.TransactionShortDescription", "group": 2},
    {"id": "TAP-0312.TransactionStatus", "group": 2},
    {"id": "TAP-0312.TransferCutOffTimeStamp", "group": 2},
    {"id": "TAP-0312.TransparencyIndicator", "group": 2},
    {"id": "TAP-0312.UserProtocolIndicator", "group": 2},
    {"id": "TAP-0312.UtcTimeOffset", "group": 2},
    {"id": "TAP-0312.UtcTimeOffsetCode", "group": 2},
    {"id": "TAP-0312.UtcTimeOffsetInfo", "group": 2},
    {"id": "TAP-0312.UtcTimeOffsetInfoList", "group": 2},
    {"id": "TAP-0312.VerticalAccuracyDelivered", "group": 2},
    {"id": "TAP-0312.VerticalAccuracyRequested", "group": 2},
    {"id": "TAP-0312.AbsoluteAmount", "group": 2},
    {"id": "TAP-0312.Bid", "group": 2},
    {"id": "TAP-0312.Code", "group": 2},
    {"id": "TAP-0312.AsciiString", "group": 2},
    {"id": "TAP-0312.BCDString", "group": 2},
    {"id": "TAP-0312.Currency", "group": 2},
    {"id": "TAP-0312.HexString", "group": 2},
    {"id": "TAP-0312.NumberString", "group": 2},
    {"id": "TAP-0312.PercentageRate", "group": 2},
    {"id": "RAP-0105.ReturnBatch", "group": 3},
    {"id": "RAP-0105.ReturnDetailList", "group": 3},
    {"id": "RAP-0105.AccountingInfoError", "group": 3},
    {"id": "RAP-0105.AuditControlInfoError", "group": 3},
    {"id": "RAP-0105.AckFileAvailableTimeStamp", "group": 3},
    {"id": "RAP-0105.AckFileCreationTimeStamp", "group": 3},
    {"id": "RAP-0105.BatchControlError", "group": 3},
    {"id": "RAP-0105.EndMissingSeqNumber", "group": 3},
    {"id": "RAP-0105.ErrorCode", "group": 3},
    {"id": "RAP-0105.ErrorContextList", "group": 3},
    {"id": "RAP-0105.ErrorDetailList", "group": 3},
    {"id": "RAP-0105.ItemLevel", "group": 3},
    {"id": "RAP-0105.ItemOccurrence", "group": 3},
    {"id": "RAP-0105.ItemOffset", "group": 3},
    {"id": "RAP-0105.LastSeqNumber", "group": 3},
    {"id": "RAP-0105.MessageDescriptionError", "group": 3},
    {"id": "RAP-0105.MessageDescriptionInfoList", "group": 3},
    {"id": "RAP-0105.MessageDescriptionInformationDefinition", "group": 3},
    {"id": "RAP-0105.NetworkInfoError", "group": 3},
    {"id": "RAP-0105.NotificationError", "group": 3},
    {"id": "RAP-0105.OperatorSpecList", "group": 3},
    {"id": "RAP-0105.PathItemId", "group": 3},
    {"id": "RAP-0105.RapFileAvailableTimeStamp", "group": 3},
    {"id": "RAP-0105.RapFileCreationTimeStamp", "group": 3},
    {"id": "RAP-0105.RapReleaseVersionNumber", "group": 3},
    {"id": "RAP-0105.RapSpecificationVersionNumber", "group": 3},
    {"id": "RAP-0105.ReturnDetailsCount", "group": 3},
    {"id": "RAP-0105.RoamingPartner", "group": 3},
    {"id": "RAP-0105.StartMissingSeqNumber", "group": 3},
    {"id": "RAP-0105.TotalSevereReturnTax", "group": 3},
    {"id": "RAP-0105.TotalSevereReturnValue", "group": 3},
    {"id": "RAP-0105.TransferBatchError", "group": 3},
    {"id": "TAP-0312.AccountingInfo", "group": 2},
    {"id": "TAP-0312.NetworkInfo", "group": 2},
    {"id": "TAP-0312.AdvisedCharge", "group": 2},
    {"id": "TAP-0312.AdvisedChargeInformation", "group": 2},
    {"id": "TAP-0312.BasicServiceCode", "group": 2},
    {"id": "TAP-0312.CallOriginator", "group": 2},
    {"id": "TAP-0312.CallTypeGroup", "group": 2},
    {"id": "TAP-0312.ChargeableSubscriber", "group": 2},
    {"id": "TAP-0312.ChargeDetailTimeStamp", "group": 2},
    {"id": "TAP-0312.ChargedPartyEquipment", "group": 2},
    {"id": "TAP-0312.ChargedPartyHomeIdentification", "group": 2},
    {"id": "TAP-0312.ChargedPartyIdentification", "group": 2},
    {"id": "TAP-0312.ChargedPartyInformation", "group": 2},
    {"id": "TAP-0312.ChargedPartyLocation", "group": 2},
    {"id": "TAP-0312.ContentProvider", "group": 2},
    {"id": "TAP-0312.ContentServiceUsed", "group": 2},
    {"id": "TAP-0312.ContentTransactionBasicInfo", "group": 2},
    {"id": "TAP-0312.CurrencyConversion", "group": 2},
    {"id": "TAP-0312.DateTime", "group": 2},
    {"id": "TAP-0312.DateTimeLong", "group": 2},
    {"id": "TAP-0312.Destination", "group": 2},
    {"id": "TAP-0312.DestinationNetwork", "group": 2},
    {"id": "TAP-0312.Discount", "group": 2},
    {"id": "TAP-0312.DiscountApplied", "group": 2},
    {"id": "TAP-0312.DiscountInformation", "group": 2},
    {"id": "TAP-0312.Discounting", "group": 2},
    {"id": "TAP-0312.GprsChargeableSubscriber", "group": 2},
    {"id": "TAP-0312.GprsNetworkLocation", "group": 2},
    {"id": "TAP-0312.GprsServiceUsed", "group": 2},
    {"id": "TAP-0312.GsmChargeableSubscriber", "group": 2},
    {"id": "TAP-0312.HomeBid", "group": 2},
    {"id": "TAP-0312.HomeLocationDescription", "group": 2},
    {"id": "TAP-0312.HomeLocationInformation", "group": 2},
    {"id": "TAP-0312.InternetServiceProvider", "group": 2},
    {"id": "TAP-0312.LCSQosDelivered", "group": 2},
    {"id": "TAP-0312.LCSQosRequested", "group": 2},
    {"id": "TAP-0312.LocationServiceUsage", "group": 2},
    {"id": "TAP-0312.MoBasicCallInformation", "group": 2},
    {"id": "TAP-0312.MtBasicCallInformation", "group": 2},
    {"id": "TAP-0312.NetworkLocation", "group": 2},
    {"id": "TAP-0312.NonChargedParty", "group": 2},
    {"id": "TAP-0312.OperatorSpecInfoList", "group": 2},
    {"id": "TAP-0312.RecEntityInformation", "group": 2},
    {"id": "TAP-0312.RequestedDestination", "group": 2},
    {"id": "TAP-0312.ScuChargeableSubscriber", "group": 2},
    {"id": "TAP-0312.ServingBid", "group": 2},
    {"id": "TAP-0312.SessionChargeInformation", "group": 2},
    {"id": "TAP-0312.Taxation", "group": 2},
    {"id": "TAP-0312.TaxInformation", "group": 2},
    {"id": "TAP-0312.ThirdPartyInformation", "group": 2},
    {"id": "TAP-0312.TotalAdvisedChargeValue", "group": 2},
    {"id": "TAP-0312.TrackedCustomerInformation", "group": 2},
    {"id": "TAP-0312.TrackingCustomerInformation", "group": 2},
    {"id": "RAP-0105.Acknowledgement", "group": 3},
    {"id": "RAP-0105.RapBatchControlInfo", "group": 3},
    {"id": "RAP-0105.StopReturn", "group": 3},
    {"id": "RAP-0105.MissingReturn", "group": 3},
    {"id": "RAP-0105.FatalReturn", "group": 3},
    {"id": "RAP-0105.SevereReturn", "group": 3},
    {"id": "RAP-0105.RapAuditControlInfo", "group": 3},
    {"id": "RAP-0105.ErrorContext", "group": 3},
    {"id": "RAP-0105.ErrorDetail", "group": 3},
    {"id": "TAP-0312.Notification", "group": 2},
    {"id": "TAP-0312.BatchControlInfo", "group": 2},
    {"id": "TAP-0312.ContentTransaction", "group": 2},
    {"id": "TAP-0312.LocationService", "group": 2},
    {"id": "TAP-0312.AuditControlInfo", "group": 2},
    {"id": "TAP-0312.BasicService", "group": 2},
    {"id": "TAP-0312.BasicServiceUsed", "group": 2},
    {"id": "TAP-0312.CamelServiceUsed", "group": 2},
    {"id": "TAP-0312.ChargeDetail", "group": 2},
    {"id": "TAP-0312.ChargedParty", "group": 2},
    {"id": "TAP-0312.ChargeInformation", "group": 2},
    {"id": "TAP-0312.GeographicalLocation", "group": 2},
    {"id": "TAP-0312.GprsBasicCallInformation", "group": 2},
    {"id": "TAP-0312.GprsLocationInformation", "group": 2},
    {"id": "TAP-0312.LocationInformation", "group": 2},
    {"id": "TAP-0312.ScuBasicInformation", "group": 2},
    {"id": "TAP-0312.SupplServiceUsed", "group": 2},
    {"id": "RAP-0105.RapDataInterChange", "group": 3},
    {"id": "RAP-0105.ReturnDetail", "group": 3},
    {"id": "TAP-0312.TransferBatch", "group": 2},
    {"id": "TAP-0312.MobileOriginatedCall", "group": 2},
    {"id": "TAP-0312.MobileTerminatedCall", "group": 2},
    {"id": "TAP-0312.SupplServiceEvent", "group": 2},
    {"id": "TAP-0312.ServiceCentreUsage", "group": 2},
    {"id": "TAP-0312.GprsCall", "group": 2},
    {"id": "TAP-0312.MessagingEvent", "group": 2},
    {"id": "TAP-0312.MobileSession", "group": 2},
    {"id": "TAP-0312.DataInterChange", "group": 2}
  ],
  "links": [
    {"source": "RAP-0105.AckFileAvailableTimeStamp", "target": "TAP-0312.DateTimeLong", "value": 1},
    {"source": "TAP-0312.Min", "target": "TAP-0312.NumberString", "value": 1},
    {"source": "TAP-0312.ContentProvider", "target": "TAP-0312.ContentProviderIdentifier", "value": 1},
    {"source": "TAP-0312.ContentProvider", "target": "TAP-0312.ContentProviderIdType", "value": 1},
    {"source": "TAP-0312.PDPContextStartTimestamp", "target": "TAP-0312.DateTime", "value": 1},
    {"source": "TAP-0312.FileTypeIndicator", "target": "TAP-0312.AsciiString", "value": 1},
    {"source": "TAP-0312.RequestedPublicUserId", "target": "TAP-0312.AsciiString", "value": 1},
    {"source": "TAP-0312.MobileTerminatedCall", "target": "TAP-0312.MtBasicCallInformation", "value": 1},
    {"source": "TAP-0312.MobileTerminatedCall", "target": "TAP-0312.ImeiOrEsn", "value": 1},
    {"source": "TAP-0312.MobileTerminatedCall", "target": "TAP-0312.CamelServiceUsed", "value": 1},
    {"source": "TAP-0312.MobileTerminatedCall", "target": "TAP-0312.OperatorSpecInfoList", "value": 1},
    {"source": "TAP-0312.MobileTerminatedCall", "target": "TAP-0312.BasicServiceUsedList", "value": 1},
    {"source": "TAP-0312.MobileTerminatedCall", "target": "TAP-0312.LocationInformation", "value": 1},
    {"source": "TAP-0312.DataVolumeOutgoing", "target": "TAP-0312.DataVolume", "value": 1},
    {"source": "TAP-0312.GprsCall", "target": "TAP-0312.OperatorSpecInfoList", "value": 1},
    {"source": "TAP-0312.GprsCall", "target": "TAP-0312.GprsLocationInformation", "value": 1},
    {"source": "TAP-0312.GprsCall", "target": "TAP-0312.CamelServiceUsed", "value": 1},
    {"source": "TAP-0312.GprsCall", "target": "TAP-0312.GprsBasicCallInformation", "value": 1},
    {"source": "TAP-0312.GprsCall", "target": "TAP-0312.ImeiOrEsn", "value": 1},
    {"source": "TAP-0312.GprsCall", "target": "TAP-0312.GprsServiceUsed", "value": 1},
    {"source": "TAP-0312.OriginatingNetwork", "target": "TAP-0312.NetworkId", "value": 1},
    {"source": "TAP-0312.GprsLocationInformation", "target": "TAP-0312.GprsNetworkLocation", "value": 1},
    {"source": "TAP-0312.GprsLocationInformation", "target": "TAP-0312.HomeLocationInformation", "value": 1},
    {"source": "TAP-0312.GprsLocationInformation", "target": "TAP-0312.GeographicalLocation", "value": 1},
    {"source": "TAP-0312.Msisdn", "target": "TAP-0312.BCDString", "value": 1},
    {"source": "RAP-0105.AckFileCreationTimeStamp", "target": "TAP-0312.DateTimeLong", "value": 1},
    {"source": "TAP-0312.RecEntityInformation", "target": "TAP-0312.RecEntityCode", "value": 1},
    {"source": "TAP-0312.RecEntityInformation", "target": "TAP-0312.RecEntityType", "value": 1},
    {"source": "TAP-0312.RecEntityInformation", "target": "TAP-0312.RecEntityId", "value": 1},
    {"source": "TAP-0312.MobileOriginatedCall", "target": "TAP-0312.OperatorSpecInfoList", "value": 1},
    {"source": "TAP-0312.MobileOriginatedCall", "target": "TAP-0312.ImeiOrEsn", "value": 1},
    {"source": "TAP-0312.MobileOriginatedCall", "target": "TAP-0312.CamelServiceUsed", "value": 1},
    {"source": "TAP-0312.MobileOriginatedCall", "target": "TAP-0312.BasicServiceUsedList", "value": 1},
    {"source": "TAP-0312.MobileOriginatedCall", "target": "TAP-0312.MoBasicCallInformation", "value": 1},
    {"source": "TAP-0312.MobileOriginatedCall", "target": "TAP-0312.ThirdPartyInformation", "value": 1},
    {"source": "TAP-0312.MobileOriginatedCall", "target": "TAP-0312.LocationInformation", "value": 1},
    {"source": "TAP-0312.MobileOriginatedCall", "target": "TAP-0312.SupplServiceCode", "value": 1},
    {"source": "TAP-0312.TaxInformation", "target": "TAP-0312.TaxableAmount", "value": 1},
    {"source": "TAP-0312.TaxInformation", "target": "TAP-0312.TaxValue", "value": 1},
    {"source": "TAP-0312.TaxInformation", "target": "TAP-0312.TaxCode", "value": 1},
    {"source": "TAP-0312.MobileSession", "target": "TAP-0312.RequestedDestination", "value": 1},
    {"source": "TAP-0312.MobileSession", "target": "TAP-0312.EventReference", "value": 1},
    {"source": "TAP-0312.MobileSession", "target": "TAP-0312.NonChargedParty", "value": 1},
    {"source": "TAP-0312.MobileSession", "target": "TAP-0312.CauseForTerm", "value": 1},
    {"source": "TAP-0312.MobileSession", "target": "TAP-0312.SimToolkitIndicator", "value": 1},
    {"source": "TAP-0312.MobileSession", "target": "TAP-0312.TotalCallEventDuration", "value": 1},
    {"source": "TAP-0312.MobileSession", "target": "TAP-0312.CellId", "value": 1},
    {"source": "TAP-0312.MobileSession", "target": "TAP-0312.OperatorSpecInfoList", "value": 1},
    {"source": "TAP-0312.MobileSession", "target": "TAP-0312.LocationArea", "value": 1},
    {"source": "TAP-0312.MobileSession", "target": "TAP-0312.ChargedParty", "value": 1},
    {"source": "TAP-0312.MobileSession", "target": "TAP-0312.SessionChargeInfoList", "value": 1},
    {"source": "TAP-0312.MobileSession", "target": "TAP-0312.RapFileSequenceNumber", "value": 1},
    {"source": "TAP-0312.MobileSession", "target": "TAP-0312.GeographicalLocation", "value": 1},
    {"source": "TAP-0312.MobileSession", "target": "TAP-0312.ServiceStartTimestamp", "value": 1},
    {"source": "TAP-0312.MobileSession", "target": "TAP-0312.RecEntityCodeList", "value": 1},
    {"source": "TAP-0312.MobileSession", "target": "TAP-0312.MobileSessionService", "value": 1},
    {"source": "TAP-0312.TotalCharge", "target": "TAP-0312.AbsoluteAmount", "value": 1},
    {"source": "TAP-0312.ImeiOrEsn", "target": "TAP-0312.Esn", "value": 1},
    {"source": "TAP-0312.ImeiOrEsn", "target": "TAP-0312.Imei", "value": 1},
    {"source": "TAP-0312.TrackingCustomerEquipment", "target": "TAP-0312.EquipmentId", "value": 1},
    {"source": "TAP-0312.TrackingCustomerEquipment", "target": "TAP-0312.EquipmentIdType", "value": 1},
    {"source": "TAP-0312.Esn", "target": "TAP-0312.NumberString", "value": 1},
    {"source": "TAP-0312.PartialTypeIndicator", "target": "TAP-0312.AsciiString", "value": 1},
    {"source": "TAP-0312.ScuBasicInformation", "target": "TAP-0312.OriginatingNetwork", "value": 1},
    {"source": "TAP-0312.ScuBasicInformation", "target": "TAP-0312.ScuChargeableSubscriber", "value": 1},
    {"source": "TAP-0312.ScuBasicInformation", "target": "TAP-0312.DestinationNetwork", "value": 1},
    {"source": "TAP-0312.ScuBasicInformation", "target": "TAP-0312.ChargedPartyStatus", "value": 1},
    {"source": "TAP-0312.ScuBasicInformation", "target": "TAP-0312.NonChargedNumber", "value": 1},
    {"source": "TAP-0312.ScuBasicInformation", "target": "TAP-0312.ClirIndicator", "value": 1},
    {"source": "TAP-0312.TotalDiscountRefund", "target": "TAP-0312.AbsoluteAmount", "value": 1},
    {"source": "TAP-0312.TaxIndicator", "target": "TAP-0312.AsciiString", "value": 1},
    {"source": "TAP-0312.TrackedCustomerInformation", "target": "TAP-0312.TrackedCustomerIdList", "value": 1},
    {"source": "TAP-0312.TrackedCustomerInformation", "target": "TAP-0312.TrackedCustomerEquipment", "value": 1},
    {"source": "TAP-0312.TrackedCustomerInformation", "target": "TAP-0312.TrackedCustomerHomeIdList", "value": 1},
    {"source": "TAP-0312.TrackedCustomerInformation", "target": "TAP-0312.TrackedCustomerLocList", "value": 1},
    {"source": "RAP-0105.ReturnBatch", "target": "RAP-0105.RapBatchControlInfo", "value": 1},
    {"source": "RAP-0105.ReturnBatch", "target": "RAP-0105.RapAuditControlInfo", "value": 1},
    {"source": "RAP-0105.ReturnBatch", "target": "RAP-0105.ReturnDetailList", "value": 1},
    {"source": "TAP-0312.ScuChargeType", "target": "TAP-0312.MessageDescriptionCode", "value": 1},
    {"source": "TAP-0312.ScuChargeType", "target": "TAP-0312.MessageType", "value": 1},
    {"source": "TAP-0312.ScuChargeType", "target": "TAP-0312.DistanceChargeBandCode", "value": 1},
    {"source": "TAP-0312.ScuChargeType", "target": "TAP-0312.MessageStatus", "value": 1},
    {"source": "TAP-0312.ScuChargeType", "target": "TAP-0312.PriorityCode", "value": 1},
    {"source": "TAP-0312.PublicUserId", "target": "TAP-0312.AsciiString", "value": 1},
    {"source": "TAP-0312.LCSSPInformation", "target": "TAP-0312.LCSSPIdentificationList", "value": 1},
    {"source": "TAP-0312.LCSSPInformation", "target": "TAP-0312.ISPList", "value": 1},
    {"source": "TAP-0312.LCSSPInformation", "target": "TAP-0312.NetworkList", "value": 1},
    {"source": "TAP-0312.NetworkElementList", "target": "TAP-0312.NetworkElement", "value": 1},
    {"source": "TAP-0312.FileCreationTimeStamp", "target": "TAP-0312.DateTimeLong", "value": 1},
    {"source": "TAP-0312.TrackingCustomerHomeIdList", "target": "TAP-0312.TrackingCustomerHomeId", "value": 1},
    {"source": "TAP-0312.Commission", "target": "TAP-0312.Charge", "value": 1},
    {"source": "RAP-0105.OperatorSpecList", "target": "TAP-0312.OperatorSpecInformation", "value": 1},
    {"source": "TAP-0312.SupplServiceCode", "target": "TAP-0312.HexString", "value": 1},
    {"source": "TAP-0312.ChargedPartyIdentifier", "target": "TAP-0312.AsciiString", "value": 1},
    {"source": "TAP-0312.ChargedPartyIdList", "target": "TAP-0312.ChargedPartyIdentification", "value": 1},
    {"source": "RAP-0105.LastSeqNumber", "target": "TAP-0312.FileSequenceNumber", "value": 1},
    {"source": "TAP-0312.CalledRegion", "target": "TAP-0312.AsciiString", "value": 1},
    {"source": "TAP-0312.NetworkIdentifier", "target": "TAP-0312.AsciiString", "value": 1},
    {"source": "TAP-0312.ExchangeRateCode", "target": "TAP-0312.Code", "value": 1},
    {"source": "TAP-0312.ServiceStartTimestamp", "target": "TAP-0312.DateTime", "value": 1},
    {"source": "TAP-0312.OrderPlacedTimeStamp", "target": "TAP-0312.DateTime", "value": 1},
    {"source": "RAP-0105.SevereReturn", "target": "TAP-0312.CallEventDetail", "value": 1},
    {"source": "RAP-0105.SevereReturn", "target": "TAP-0312.FileSequenceNumber", "value": 1},
    {"source": "RAP-0105.SevereReturn", "target": "RAP-0105.OperatorSpecList", "value": 1},
    {"source": "RAP-0105.SevereReturn", "target": "RAP-0105.ErrorDetailList", "value": 1},
    {"source": "TAP-0312.ChargeDetailList", "target": "TAP-0312.ChargeDetail", "value": 1},
    {"source": "TAP-0312.TrackedCustomerHomeId", "target": "TAP-0312.HomeIdType", "value": 1},
    {"source": "TAP-0312.TrackedCustomerHomeId", "target": "TAP-0312.HomeIdentifier", "value": 1},
    {"source": "RAP-0105.RapAuditControlInfo", "target": "RAP-0105.TotalSevereReturnTax", "value": 1},
    {"source": "RAP-0105.RapAuditControlInfo", "target": "RAP-0105.ReturnDetailsCount", "value": 1},
    {"source": "RAP-0105.RapAuditControlInfo", "target": "RAP-0105.TotalSevereReturnValue", "value": 1},
    {"source": "RAP-0105.RapAuditControlInfo", "target": "RAP-0105.OperatorSpecList", "value": 1},
    {"source": "TAP-0312.GprsNetworkLocation", "target": "TAP-0312.LocationArea", "value": 1},
    {"source": "TAP-0312.GprsNetworkLocation", "target": "TAP-0312.RecEntityCodeList", "value": 1},
    {"source": "TAP-0312.GprsNetworkLocation", "target": "TAP-0312.CellId", "value": 1},
    {"source": "TAP-0312.SupplServiceUsed", "target": "TAP-0312.ChargeInformation", "value": 1},
    {"source": "TAP-0312.SupplServiceUsed", "target": "TAP-0312.BasicServiceCodeList", "value": 1},
    {"source": "TAP-0312.SupplServiceUsed", "target": "TAP-0312.SupplServiceActionCode", "value": 1},
    {"source": "TAP-0312.SupplServiceUsed", "target": "TAP-0312.ChargingTimeStamp", "value": 1},
    {"source": "TAP-0312.SupplServiceUsed", "target": "TAP-0312.SupplServiceCode", "value": 1},
    {"source": "TAP-0312.SupplServiceUsed", "target": "TAP-0312.SsParameters", "value": 1},
    {"source": "TAP-0312.LCSQosDelivered", "target": "TAP-0312.HorizontalAccuracyDelivered", "value": 1},
    {"source": "TAP-0312.LCSQosDelivered", "target": "TAP-0312.VerticalAccuracyDelivered", "value": 1},
    {"source": "TAP-0312.LCSQosDelivered", "target": "TAP-0312.LCSTransactionStatus", "value": 1},
    {"source": "TAP-0312.LCSQosDelivered", "target": "TAP-0312.PositioningMethod", "value": 1},
    {"source": "TAP-0312.LCSQosDelivered", "target": "TAP-0312.AgeOfLocation", "value": 1},
    {"source": "TAP-0312.LCSQosDelivered", "target": "TAP-0312.TrackingPeriod", "value": 1},
    {"source": "TAP-0312.LCSQosDelivered", "target": "TAP-0312.TrackingFrequency", "value": 1},
    {"source": "TAP-0312.LCSQosDelivered", "target": "TAP-0312.ResponseTime", "value": 1},
    {"source": "TAP-0312.ChargedPartyHomeIdentification", "target": "TAP-0312.HomeIdType", "value": 1},
    {"source": "TAP-0312.ChargedPartyHomeIdentification", "target": "TAP-0312.HomeIdentifier", "value": 1},
    {"source": "TAP-0312.LCSQosRequested", "target": "TAP-0312.LCSRequestTimestamp", "value": 1},
    {"source": "TAP-0312.LCSQosRequested", "target": "TAP-0312.ResponseTimeCategory", "value": 1},
    {"source": "TAP-0312.LCSQosRequested", "target": "TAP-0312.TrackingFrequency", "value": 1},
    {"source": "TAP-0312.LCSQosRequested", "target": "TAP-0312.HorizontalAccuracyRequested", "value": 1},
    {"source": "TAP-0312.LCSQosRequested", "target": "TAP-0312.VerticalAccuracyRequested", "value": 1},
    {"source": "TAP-0312.LCSQosRequested", "target": "TAP-0312.TrackingPeriod", "value": 1},
    {"source": "TAP-0312.GprsDestination", "target": "TAP-0312.AccessPointNameOI", "value": 1},
    {"source": "TAP-0312.GprsDestination", "target": "TAP-0312.AccessPointNameNI", "value": 1},
    {"source": "TAP-0312.Imsi", "target": "TAP-0312.BCDString", "value": 1},
    {"source": "TAP-0312.LocationIdentifier", "target": "TAP-0312.AsciiString", "value": 1},
    {"source": "RAP-0105.StartMissingSeqNumber", "target": "TAP-0312.FileSequenceNumber", "value": 1},
    {"source": "TAP-0312.ChargeDetailTimeStamp", "target": "TAP-0312.ChargingTimeStamp", "value": 1},
    {"source": "TAP-0312.MtBasicCallInformation", "target": "TAP-0312.OriginatingNetwork", "value": 1},
    {"source": "TAP-0312.MtBasicCallInformation", "target": "TAP-0312.ChargeableSubscriber", "value": 1},
    {"source": "TAP-0312.MtBasicCallInformation", "target": "TAP-0312.CauseForTerm", "value": 1},
    {"source": "TAP-0312.MtBasicCallInformation", "target": "TAP-0312.CallEventStartTimeStamp", "value": 1},
    {"source": "TAP-0312.MtBasicCallInformation", "target": "TAP-0312.CallOriginator", "value": 1},
    {"source": "TAP-0312.MtBasicCallInformation", "target": "TAP-0312.RapFileSequenceNumber", "value": 1},
    {"source": "TAP-0312.MtBasicCallInformation", "target": "TAP-0312.SimToolkitIndicator", "value": 1},
    {"source": "TAP-0312.MtBasicCallInformation", "target": "TAP-0312.TotalCallEventDuration", "value": 1},
    {"source": "TAP-0312.CalledPlace", "target": "TAP-0312.AsciiString", "value": 1},
    {"source": "TAP-0312.CallOriginator", "target": "TAP-0312.SMSOriginator", "value": 1},
    {"source": "TAP-0312.CallOriginator", "target": "TAP-0312.ClirIndicator", "value": 1},
    {"source": "TAP-0312.CallOriginator", "target": "TAP-0312.CallingNumber", "value": 1},
    {"source": "TAP-0312.ContentProviderIdList", "target": "TAP-0312.ContentProvider", "value": 1},
    {"source": "RAP-0105.MessageDescriptionInformationDefinition", "target": "TAP-0312.MessageDescriptionCode", "value": 1},
    {"source": "RAP-0105.MessageDescriptionInformationDefinition", "target": "TAP-0312.MessageDescription", "value": 1},
    {"source": "TAP-0312.TransferCutOffTimeStamp", "target": "TAP-0312.DateTimeLong", "value": 1},
    {"source": "TAP-0312.HomeIdentifier", "target": "TAP-0312.AsciiString", "value": 1},
    {"source": "RAP-0105.MessageDescriptionError", "target": "RAP-0105.ErrorDetailList", "value": 1},
    {"source": "RAP-0105.MessageDescriptionError", "target": "RAP-0105.MessageDescriptionInfoList", "value": 1},
    {"source": "TAP-0312.NetworkInfo", "target": "TAP-0312.RecEntityInfoList", "value": 1},
    {"source": "TAP-0312.NetworkInfo", "target": "TAP-0312.UtcTimeOffsetInfoList", "value": 1},
    {"source": "TAP-0312.AccessPointNameOI", "target": "TAP-0312.AsciiString", "value": 1},
    {"source": "TAP-0312.CustomerIdentifier", "target": "TAP-0312.AsciiString", "value": 1},
    {"source": "TAP-0312.DataVolumeIncoming", "target": "TAP-0312.DataVolume", "value": 1},
    {"source": "TAP-0312.LocationService", "target": "TAP-0312.RecEntityCode", "value": 1},
    {"source": "TAP-0312.LocationService", "target": "TAP-0312.CallReference", "value": 1},
    {"source": "TAP-0312.LocationService", "target": "TAP-0312.OperatorSpecInfoList", "value": 1},
    {"source": "TAP-0312.LocationService", "target": "TAP-0312.TrackingCustomerInformation", "value": 1},
    {"source": "TAP-0312.LocationService", "target": "TAP-0312.RapFileSequenceNumber", "value": 1},
    {"source": "TAP-0312.LocationService", "target": "TAP-0312.LocationServiceUsage", "value": 1},
    {"source": "TAP-0312.LocationService", "target": "TAP-0312.TrackedCustomerInformation", "value": 1},
    {"source": "TAP-0312.LocationService", "target": "TAP-0312.LCSSPInformation", "value": 1},
    {"source": "TAP-0312.AddressStringDigits", "target": "TAP-0312.BCDString", "value": 1},
    {"source": "TAP-0312.ServingBid", "target": "TAP-0312.Bid", "value": 1},
    {"source": "TAP-0312.SimToolkitIndicator", "target": "TAP-0312.AsciiString", "value": 1},
    {"source": "RAP-0105.TotalSevereReturnValue", "target": "TAP-0312.AbsoluteAmount", "value": 1},
    {"source": "TAP-0312.TrackingCustomerLocation", "target": "TAP-0312.LocationIdType", "value": 1},
    {"source": "TAP-0312.TrackingCustomerLocation", "target": "TAP-0312.LocationIdentifier", "value": 1},
    {"source": "TAP-0312.ServingNetwork", "target": "TAP-0312.AsciiString", "value": 1},
    {"source": "TAP-0312.AccountingInfo", "target": "TAP-0312.DiscountingList", "value": 1},
    {"source": "TAP-0312.AccountingInfo", "target": "TAP-0312.TapCurrency", "value": 1},
    {"source": "TAP-0312.AccountingInfo", "target": "TAP-0312.LocalCurrency", "value": 1},
    {"source": "TAP-0312.AccountingInfo", "target": "TAP-0312.TapDecimalPlaces", "value": 1},
    {"source": "TAP-0312.AccountingInfo", "target": "TAP-0312.TaxationList", "value": 1},
    {"source": "TAP-0312.AccountingInfo", "target": "TAP-0312.CurrencyConversionList", "value": 1},
    {"source": "TAP-0312.TaxableAmount", "target": "TAP-0312.AbsoluteAmount", "value": 1},
    {"source": "TAP-0312.TransferBatch", "target": "TAP-0312.NetworkInfo", "value": 1},
    {"source": "TAP-0312.TransferBatch", "target": "TAP-0312.BatchControlInfo", "value": 1},
    {"source": "TAP-0312.TransferBatch", "target": "TAP-0312.AccountingInfo", "value": 1},
    {"source": "TAP-0312.TransferBatch", "target": "TAP-0312.CallEventDetailList", "value": 1},
    {"source": "TAP-0312.TransferBatch", "target": "TAP-0312.AuditControlInfo", "value": 1},
    {"source": "TAP-0312.TransferBatch", "target": "TAP-0312.MessageDescriptionInfoList", "value": 1},
    {"source": "TAP-0312.AdvisedChargeInformation", "target": "TAP-0312.PaidIndicator", "value": 1},
    {"source": "TAP-0312.AdvisedChargeInformation", "target": "TAP-0312.PaymentMethod", "value": 1},
    {"source": "TAP-0312.AdvisedChargeInformation", "target": "TAP-0312.Commission", "value": 1},
    {"source": "TAP-0312.AdvisedChargeInformation", "target": "TAP-0312.AdvisedChargeCurrency", "value": 1},
    {"source": "TAP-0312.AdvisedChargeInformation", "target": "TAP-0312.AdvisedCharge", "value": 1},
    {"source": "TAP-0312.ContentTransaction", "target": "TAP-0312.ChargedPartyInformation", "value": 1},
    {"source": "TAP-0312.ContentTransaction", "target": "TAP-0312.ServingPartiesInformation", "value": 1},
    {"source": "TAP-0312.ContentTransaction", "target": "TAP-0312.OperatorSpecInfoList", "value": 1},
    {"source": "TAP-0312.ContentTransaction", "target": "TAP-0312.ContentTransactionBasicInfo", "value": 1},
    {"source": "TAP-0312.ContentTransaction", "target": "TAP-0312.ContentServiceUsedList", "value": 1},
    {"source": "RAP-0105.NetworkInfoError", "target": "TAP-0312.NetworkInfo", "value": 1},
    {"source": "RAP-0105.NetworkInfoError", "target": "RAP-0105.ErrorDetailList", "value": 1},
    {"source": "TAP-0312.ChargedPartyInformation", "target": "TAP-0312.ChargedPartyLocationList", "value": 1},
    {"source": "TAP-0312.ChargedPartyInformation", "target": "TAP-0312.ChargedPartyHomeIdList", "value": 1},
    {"source": "TAP-0312.ChargedPartyInformation", "target": "TAP-0312.ChargedPartyIdList", "value": 1},
    {"source": "TAP-0312.ChargedPartyInformation", "target": "TAP-0312.ChargedPartyEquipment", "value": 1},
    {"source": "TAP-0312.CamelServiceUsed", "target": "TAP-0312.DefaultCallHandlingIndicator", "value": 1},
    {"source": "TAP-0312.CamelServiceUsed", "target": "TAP-0312.CseInformation", "value": 1},
    {"source": "TAP-0312.CamelServiceUsed", "target": "TAP-0312.DiscountInformation", "value": 1},
    {"source": "TAP-0312.CamelServiceUsed", "target": "TAP-0312.CamelInvocationFee", "value": 1},
    {"source": "TAP-0312.CamelServiceUsed", "target": "TAP-0312.ThreeGcamelDestination", "value": 1},
    {"source": "TAP-0312.CamelServiceUsed", "target": "TAP-0312.TaxInformationList", "value": 1},
    {"source": "TAP-0312.CamelServiceUsed", "target": "TAP-0312.ExchangeRateCode", "value": 1},
    {"source": "TAP-0312.CamelServiceUsed", "target": "TAP-0312.CamelServiceLevel", "value": 1},
    {"source": "TAP-0312.CamelServiceUsed", "target": "TAP-0312.CamelServiceKey", "value": 1},
    {"source": "TAP-0312.TotalCommission", "target": "TAP-0312.AbsoluteAmount", "value": 1},
    {"source": "TAP-0312.AccessPointNameNI", "target": "TAP-0312.AsciiString", "value": 1},
    {"source": "TAP-0312.ChargedPartyEquipment", "target": "TAP-0312.EquipmentId", "value": 1},
    {"source": "TAP-0312.ChargedPartyEquipment", "target": "TAP-0312.EquipmentIdType", "value": 1},
    {"source": "TAP-0312.Sender", "target": "TAP-0312.PlmnId", "value": 1},
    {"source": "TAP-0312.DestinationNetwork", "target": "TAP-0312.NetworkId", "value": 1},
    {"source": "TAP-0312.ChargedPartyLocation", "target": "TAP-0312.LocationIdType", "value": 1},
    {"source": "TAP-0312.ChargedPartyLocation", "target": "TAP-0312.LocationIdentifier", "value": 1},
    {"source": "TAP-0312.BasicService", "target": "TAP-0312.TransparencyIndicator", "value": 1},
    {"source": "TAP-0312.BasicService", "target": "TAP-0312.GuaranteedBitRate", "value": 1},
    {"source": "TAP-0312.BasicService", "target": "TAP-0312.Fnur", "value": 1},
    {"source": "TAP-0312.BasicService", "target": "TAP-0312.UserProtocolIndicator", "value": 1},
    {"source": "TAP-0312.BasicService", "target": "TAP-0312.BasicServiceCode", "value": 1},
    {"source": "TAP-0312.BasicService", "target": "TAP-0312.MaximumBitRate", "value": 1},
    {"source": "TAP-0312.EquipmentId", "target": "TAP-0312.AsciiString", "value": 1},
    {"source": "RAP-0105.FatalReturn", "target": "RAP-0105.NetworkInfoError", "value": 1},
    {"source": "RAP-0105.FatalReturn", "target": "RAP-0105.AccountingInfoError", "value": 1},
    {"source": "RAP-0105.FatalReturn", "target": "RAP-0105.TransferBatchError", "value": 1},
    {"source": "RAP-0105.FatalReturn", "target": "RAP-0105.BatchControlError", "value": 1},
    {"source": "RAP-0105.FatalReturn", "target": "RAP-0105.NotificationError", "value": 1},
    {"source": "RAP-0105.FatalReturn", "target": "RAP-0105.MessageDescriptionError", "value": 1},
    {"source": "RAP-0105.FatalReturn", "target": "RAP-0105.AuditControlInfoError", "value": 1},
    {"source": "RAP-0105.FatalReturn", "target": "TAP-0312.FileSequenceNumber", "value": 1},
    {"source": "RAP-0105.FatalReturn", "target": "RAP-0105.OperatorSpecList", "value": 1},
    {"source": "TAP-0312.ScuChargeableSubscriber", "target": "TAP-0312.GsmChargeableSubscriber", "value": 1},
    {"source": "TAP-0312.ScuChargeableSubscriber", "target": "TAP-0312.MinChargeableSubscriber", "value": 1},
    {"source": "RAP-0105.RapFileCreationTimeStamp", "target": "TAP-0312.DateTimeLong", "value": 1},
    {"source": "TAP-0312.LCSSPIdentificationList", "target": "TAP-0312.LCSSPIdentification", "value": 1},
    {"source": "TAP-0312.TrackedCustomerHomeIdList", "target": "TAP-0312.TrackedCustomerHomeId", "value": 1},
    {"source": "RAP-0105.AccountingInfoError", "target": "TAP-0312.AccountingInfo", "value": 1},
    {"source": "RAP-0105.AccountingInfoError", "target": "RAP-0105.ErrorDetailList", "value": 1},
    {"source": "TAP-0312.SsParameters", "target": "TAP-0312.AsciiString", "value": 1},
    {"source": "TAP-0312.GprsChargeableSubscriber", "target": "TAP-0312.ChargeableSubscriber", "value": 1},
    {"source": "TAP-0312.GprsChargeableSubscriber", "target": "TAP-0312.NetworkAccessIdentifier", "value": 1},
    {"source": "TAP-0312.GprsChargeableSubscriber", "target": "TAP-0312.PdpAddress", "value": 1},
    {"source": "TAP-0312.TrackedCustomerLocList", "target": "TAP-0312.TrackedCustomerLocation", "value": 1},
    {"source": "TAP-0312.PacketDataProtocolAddress", "target": "TAP-0312.AsciiString", "value": 1},
    {"source": "TAP-0312.LocalCurrency", "target": "TAP-0312.Currency", "value": 1},
    {"source": "RAP-0105.MessageDescriptionInfoList", "target": "RAP-0105.MessageDescriptionInformationDefinition", "value": 1},
    {"source": "TAP-0312.BasicServiceUsedList", "target": "TAP-0312.BasicServiceUsed", "value": 1},
    {"source": "TAP-0312.UtcTimeOffset", "target": "TAP-0312.AsciiString", "value": 1},
    {"source": "TAP-0312.LatestCallTimeStamp", "target": "TAP-0312.DateTimeLong", "value": 1},
    {"source": "TAP-0312.DateTimeLong", "target": "TAP-0312.UtcTimeOffset", "value": 1},
    {"source": "TAP-0312.DateTimeLong", "target": "TAP-0312.LocalTimeStamp", "value": 1},
    {"source": "TAP-0312.TrackedCustomerIdList", "target": "TAP-0312.TrackedCustomerIdentification", "value": 1},
    {"source": "TAP-0312.ChargedPartyLocationList", "target": "TAP-0312.ChargedPartyLocation", "value": 1},
    {"source": "TAP-0312.BasicServiceCode", "target": "TAP-0312.TeleServiceCode", "value": 1},
    {"source": "TAP-0312.BasicServiceCode", "target": "TAP-0312.BearerServiceCode", "value": 1},
    {"source": "TAP-0312.ChargeInformation", "target": "TAP-0312.DiscountInformation", "value": 1},
    {"source": "TAP-0312.ChargeInformation", "target": "TAP-0312.CallTypeGroup", "value": 1},
    {"source": "TAP-0312.ChargeInformation", "target": "TAP-0312.TaxInformationList", "value": 1},
    {"source": "TAP-0312.ChargeInformation", "target": "TAP-0312.ExchangeRateCode", "value": 1},
    {"source": "TAP-0312.ChargeInformation", "target": "TAP-0312.ChargedItem", "value": 1},
    {"source": "TAP-0312.ChargeInformation", "target": "TAP-0312.ChargeDetailList", "value": 1},
    {"source": "TAP-0312.BearerServiceCode", "target": "TAP-0312.HexString", "value": 1},
    {"source": "TAP-0312.ChargedPartyIdentification", "target": "TAP-0312.ChargedPartyIdType", "value": 1},
    {"source": "TAP-0312.ChargedPartyIdentification", "target": "TAP-0312.ChargedPartyIdentifier", "value": 1},
    {"source": "TAP-0312.TaxationList", "target": "TAP-0312.Taxation", "value": 1},
    {"source": "TAP-0312.FileSequenceNumber", "target": "TAP-0312.NumberString", "value": 1},
    {"source": "TAP-0312.RequestedDeliveryTimeStamp", "target": "TAP-0312.DateTime", "value": 1},
    {"source": "TAP-0312.SMSDestinationNumber", "target": "TAP-0312.AsciiString", "value": 1},
    {"source": "RAP-0105.MissingReturn", "target": "RAP-0105.StartMissingSeqNumber", "value": 1},
    {"source": "RAP-0105.MissingReturn", "target": "RAP-0105.OperatorSpecList", "value": 1},
    {"source": "RAP-0105.MissingReturn", "target": "RAP-0105.EndMissingSeqNumber", "value": 1},
    {"source": "TAP-0312.HomeLocationDescription", "target": "TAP-0312.LocationDescription", "value": 1},
    {"source": "TAP-0312.ServingLocationDescription", "target": "TAP-0312.LocationDescription", "value": 1},
    {"source": "TAP-0312.RecEntityCode", "target": "TAP-0312.Code", "value": 1},
    {"source": "TAP-0312.NonChargedNumber", "target": "TAP-0312.AsciiString", "value": 1},
    {"source": "TAP-0312.TrackedCustomerEquipment", "target": "TAP-0312.EquipmentId", "value": 1},
    {"source": "TAP-0312.TrackedCustomerEquipment", "target": "TAP-0312.EquipmentIdType", "value": 1},
    {"source": "TAP-0312.TotalAdvisedCharge", "target": "TAP-0312.AbsoluteAmount", "value": 1},
    {"source": "TAP-0312.EarliestCallTimeStamp", "target": "TAP-0312.DateTimeLong", "value": 1},
    {"source": "TAP-0312.TransactionAuthCode", "target": "TAP-0312.AsciiString", "value": 1},
    {"source": "TAP-0312.BasicServiceUsed", "target": "TAP-0312.ChargeInformationList", "value": 1},
    {"source": "TAP-0312.BasicServiceUsed", "target": "TAP-0312.HSCSDIndicator", "value": 1},
    {"source": "TAP-0312.BasicServiceUsed", "target": "TAP-0312.ChargingTimeStamp", "value": 1},
    {"source": "TAP-0312.BasicServiceUsed", "target": "TAP-0312.BasicService", "value": 1},
    {"source": "TAP-0312.TaxValue", "target": "TAP-0312.AbsoluteAmount", "value": 1},
    {"source": "TAP-0312.SimChargeableSubscriber", "target": "TAP-0312.Msisdn", "value": 1},
    {"source": "TAP-0312.SimChargeableSubscriber", "target": "TAP-0312.Imsi", "value": 1},
    {"source": "TAP-0312.ActualDeliveryTimeStamp", "target": "TAP-0312.DateTime", "value": 1},
    {"source": "TAP-0312.SessionChargeInformation", "target": "TAP-0312.CallTypeGroup", "value": 1},
    {"source": "TAP-0312.SessionChargeInformation", "target": "TAP-0312.TaxInformationList", "value": 1},
    {"source": "TAP-0312.SessionChargeInformation", "target": "TAP-0312.ExchangeRateCode", "value": 1},
    {"source": "TAP-0312.SessionChargeInformation", "target": "TAP-0312.ChargedItem", "value": 1},
    {"source": "TAP-0312.SessionChargeInformation", "target": "TAP-0312.ChargeDetailList", "value": 1},
    {"source": "TAP-0312.LCSRequestTimestamp", "target": "TAP-0312.DateTime", "value": 1},
    {"source": "TAP-0312.EventReference", "target": "TAP-0312.AsciiString", "value": 1},
    {"source": "TAP-0312.TaxRate", "target": "TAP-0312.NumberString", "value": 1},
    {"source": "TAP-0312.BasicServiceCodeList", "target": "TAP-0312.BasicServiceCode", "value": 1},
    {"source": "TAP-0312.Bid", "target": "TAP-0312.AsciiString", "value": 1},
    {"source": "TAP-0312.ChargingTimeStamp", "target": "TAP-0312.DateTime", "value": 1},
    {"source": "TAP-0312.FixedDiscountValue", "target": "TAP-0312.DiscountValue", "value": 1},
    {"source": "TAP-0312.TotalChargeRefund", "target": "TAP-0312.AbsoluteAmount", "value": 1},
    {"source": "TAP-0312.DepositTimeStamp", "target": "TAP-0312.DateTime", "value": 1},
    {"source": "TAP-0312.ChargingPoint", "target": "TAP-0312.AsciiString", "value": 1},
    {"source": "RAP-0105.ErrorContextList", "target": "RAP-0105.ErrorContext", "value": 1},
    {"source": "TAP-0312.ChargedItem", "target": "TAP-0312.AsciiString", "value": 1},
    {"source": "TAP-0312.OperatorSpecInfoList", "target": "TAP-0312.OperatorSpecInformation", "value": 1},
    {"source": "TAP-0312.TrackingCustomerInformation", "target": "TAP-0312.TrackingCustomerLocList", "value": 1},
    {"source": "TAP-0312.TrackingCustomerInformation", "target": "TAP-0312.TrackingCustomerEquipment", "value": 1},
    {"source": "TAP-0312.TrackingCustomerInformation", "target": "TAP-0312.TrackingCustomerIdList", "value": 1},
    {"source": "TAP-0312.TrackingCustomerInformation", "target": "TAP-0312.TrackingCustomerHomeIdList", "value": 1},
    {"source": "TAP-0312.ServiceCentreUsage", "target": "TAP-0312.RecEntityCode", "value": 1},
    {"source": "TAP-0312.ServiceCentreUsage", "target": "TAP-0312.ChargeInformation", "value": 1},
    {"source": "TAP-0312.ServiceCentreUsage", "target": "TAP-0312.ServingNetwork", "value": 1},
    {"source": "TAP-0312.ServiceCentreUsage", "target": "TAP-0312.ScuTimeStamps", "value": 1},
    {"source": "TAP-0312.ServiceCentreUsage", "target": "TAP-0312.ScuBasicInformation", "value": 1},
    {"source": "TAP-0312.ServiceCentreUsage", "target": "TAP-0312.RapFileSequenceNumber", "value": 1},
    {"source": "TAP-0312.ServiceCentreUsage", "target": "TAP-0312.ScuChargeType", "value": 1},
    {"source": "TAP-0312.ServiceCentreUsage", "target": "TAP-0312.OperatorSpecInfoList", "value": 1},
    {"source": "TAP-0312.MessageDescriptionInformation", "target": "TAP-0312.MessageDescriptionCode", "value": 1},
    {"source": "TAP-0312.MessageDescriptionInformation", "target": "TAP-0312.MessageDescription", "value": 1},
    {"source": "TAP-0312.DiscountValue", "target": "TAP-0312.AbsoluteAmount", "value": 1},
    {"source": "TAP-0312.AuditControlInfo", "target": "TAP-0312.TotalCharge", "value": 1},
    {"source": "TAP-0312.AuditControlInfo", "target": "TAP-0312.TotalDiscountRefund", "value": 1},
    {"source": "TAP-0312.AuditControlInfo", "target": "TAP-0312.TotalDiscountValue", "value": 1},
    {"source": "TAP-0312.AuditControlInfo", "target": "TAP-0312.TotalChargeRefund", "value": 1},
    {"source": "TAP-0312.AuditControlInfo", "target": "TAP-0312.CallEventDetailsCount", "value": 1},
    {"source": "TAP-0312.AuditControlInfo", "target": "TAP-0312.LatestCallTimeStamp", "value": 1},
    {"source": "TAP-0312.AuditControlInfo", "target": "TAP-0312.EarliestCallTimeStamp", "value": 1},
    {"source": "TAP-0312.AuditControlInfo", "target": "TAP-0312.OperatorSpecInfoList", "value": 1},
    {"source": "TAP-0312.AuditControlInfo", "target": "TAP-0312.TotalTaxValue", "value": 1},
    {"source": "TAP-0312.AuditControlInfo", "target": "TAP-0312.TotalTaxRefund", "value": 1},
    {"source": "TAP-0312.AuditControlInfo", "target": "TAP-0312.TotalAdvisedChargeValueList", "value": 1},
    {"source": "TAP-0312.ChargeInformationList", "target": "TAP-0312.ChargeInformation", "value": 1},
    {"source": "TAP-0312.NetworkId", "target": "TAP-0312.AsciiString", "value": 1},
    {"source": "TAP-0312.NetworkList", "target": "TAP-0312.Network", "value": 1},
    {"source": "TAP-0312.LCSSPIdentification", "target": "TAP-0312.ContentProviderIdentifier", "value": 1},
    {"source": "TAP-0312.LCSSPIdentification", "target": "TAP-0312.ContentProviderIdType", "value": 1},
    {"source": "TAP-0312.ContentProviderIdentifier", "target": "TAP-0312.AsciiString", "value": 1},
    {"source": "TAP-0312.TrackedCustomerIdentification", "target": "TAP-0312.CustomerIdType", "value": 1},
    {"source": "TAP-0312.TrackedCustomerIdentification", "target": "TAP-0312.CustomerIdentifier", "value": 1},
    {"source": "TAP-0312.TotalCommissionRefund", "target": "TAP-0312.AbsoluteAmount", "value": 1},
    {"source": "TAP-0312.ScuTimeStamps", "target": "TAP-0312.CompletionTimeStamp", "value": 1},
    {"source": "TAP-0312.ScuTimeStamps", "target": "TAP-0312.DepositTimeStamp", "value": 1},
    {"source": "TAP-0312.ScuTimeStamps", "target": "TAP-0312.ChargingPoint", "value": 1},
    {"source": "TAP-0312.TapCurrency", "target": "TAP-0312.Currency", "value": 1},
    {"source": "TAP-0312.Discount", "target": "TAP-0312.DiscountValue", "value": 1},
    {"source": "TAP-0312.NetworkLocation", "target": "TAP-0312.RecEntityCode", "value": 1},
    {"source": "TAP-0312.NetworkLocation", "target": "TAP-0312.CallReference", "value": 1},
    {"source": "TAP-0312.NetworkLocation", "target": "TAP-0312.LocationArea", "value": 1},
    {"source": "TAP-0312.NetworkLocation", "target": "TAP-0312.CellId", "value": 1},
    {"source": "TAP-0312.RecEntityInfoList", "target": "TAP-0312.RecEntityInformation", "value": 1},
    {"source": "TAP-0312.MinChargeableSubscriber", "target": "TAP-0312.Mdn", "value": 1},
    {"source": "TAP-0312.MinChargeableSubscriber", "target": "TAP-0312.Min", "value": 1},
    {"source": "RAP-0105.RoamingPartner", "target": "TAP-0312.PlmnId", "value": 1},
    {"source": "TAP-0312.ChargeableSubscriber", "target": "TAP-0312.SimChargeableSubscriber", "value": 1},
    {"source": "TAP-0312.ChargeableSubscriber", "target": "TAP-0312.MinChargeableSubscriber", "value": 1},
    {"source": "TAP-0312.DateTime", "target": "TAP-0312.UtcTimeOffsetCode", "value": 1},
    {"source": "TAP-0312.DateTime", "target": "TAP-0312.LocalTimeStamp", "value": 1},
    {"source": "TAP-0312.TotalTransactionDuration", "target": "TAP-0312.TotalCallEventDuration", "value": 1},
    {"source": "TAP-0312.InternetServiceProvider", "target": "TAP-0312.IspIdentifier", "value": 1},
    {"source": "TAP-0312.InternetServiceProvider", "target": "TAP-0312.IspIdType", "value": 1},
    {"source": "TAP-0312.RapFileSequenceNumber", "target": "TAP-0312.FileSequenceNumber", "value": 1},
    {"source": "TAP-0312.ThirdPartyInformation", "target": "TAP-0312.ClirIndicator", "value": 1},
    {"source": "TAP-0312.ThirdPartyInformation", "target": "TAP-0312.ThirdPartyNumber", "value": 1},
    {"source": "TAP-0312.MoBasicCallInformation", "target": "TAP-0312.SimToolkitIndicator", "value": 1},
    {"source": "TAP-0312.MoBasicCallInformation", "target": "TAP-0312.ChargeableSubscriber", "value": 1},
    {"source": "TAP-0312.MoBasicCallInformation", "target": "TAP-0312.CauseForTerm", "value": 1},
    {"source": "TAP-0312.MoBasicCallInformation", "target": "TAP-0312.CallEventStartTimeStamp", "value": 1},
    {"source": "TAP-0312.MoBasicCallInformation", "target": "TAP-0312.TotalCallEventDuration", "value": 1},
    {"source": "TAP-0312.MoBasicCallInformation", "target": "TAP-0312.RapFileSequenceNumber", "value": 1},
    {"source": "TAP-0312.MoBasicCallInformation", "target": "TAP-0312.Destination", "value": 1},
    {"source": "TAP-0312.MoBasicCallInformation", "target": "TAP-0312.DestinationNetwork", "value": 1},
    {"source": "TAP-0312.RecEntityId", "target": "TAP-0312.AsciiString", "value": 1},
    {"source": "TAP-0312.RequestedDestination", "target": "TAP-0312.RequestedNumber", "value": 1},
    {"source": "TAP-0312.RequestedDestination", "target": "TAP-0312.RequestedPublicUserId", "value": 1},
    {"source": "TAP-0312.ContentServiceUsedList", "target": "TAP-0312.ContentServiceUsed", "value": 1},
    {"source": "TAP-0312.NonChargedPublicUserId", "target": "TAP-0312.AsciiString", "value": 1},
    {"source": "RAP-0105.RapBatchControlInfo", "target": "TAP-0312.Recipient", "value": 1},
    {"source": "RAP-0105.RapBatchControlInfo", "target": "TAP-0312.TapCurrency", "value": 1},
    {"source": "RAP-0105.RapBatchControlInfo", "target": "TAP-0312.SpecificationVersionNumber", "value": 1},
    {"source": "RAP-0105.RapBatchControlInfo", "target": "TAP-0312.Sender", "value": 1},
    {"source": "RAP-0105.RapBatchControlInfo", "target": "TAP-0312.ReleaseVersionNumber", "value": 1},
    {"source": "RAP-0105.RapBatchControlInfo", "target": "TAP-0312.TapDecimalPlaces", "value": 1},
    {"source": "RAP-0105.RapBatchControlInfo", "target": "RAP-0105.RapFileAvailableTimeStamp", "value": 1},
    {"source": "RAP-0105.RapBatchControlInfo", "target": "RAP-0105.OperatorSpecList", "value": 1},
    {"source": "RAP-0105.RapBatchControlInfo", "target": "RAP-0105.RapSpecificationVersionNumber", "value": 1},
    {"source": "RAP-0105.RapBatchControlInfo", "target": "RAP-0105.RapReleaseVersionNumber", "value": 1},
    {"source": "RAP-0105.RapBatchControlInfo", "target": "RAP-0105.RoamingPartner", "value": 1},
    {"source": "RAP-0105.RapBatchControlInfo", "target": "RAP-0105.RapFileCreationTimeStamp", "value": 1},
    {"source": "RAP-0105.RapBatchControlInfo", "target": "TAP-0312.RapFileSequenceNumber", "value": 1},
    {"source": "RAP-0105.RapBatchControlInfo", "target": "TAP-0312.FileTypeIndicator", "value": 1},
    {"source": "TAP-0312.TotalDataVolume", "target": "TAP-0312.DataVolume", "value": 1},
    {"source": "TAP-0312.AdvisedChargeCurrency", "target": "TAP-0312.Currency", "value": 1},
    {"source": "TAP-0312.GeographicalLocation", "target": "TAP-0312.ServingLocationDescription", "value": 1},
    {"source": "TAP-0312.GeographicalLocation", "target": "TAP-0312.ServingBid", "value": 1},
    {"source": "TAP-0312.GeographicalLocation", "target": "TAP-0312.ServingNetwork", "value": 1},
    {"source": "TAP-0312.GprsServiceUsed", "target": "TAP-0312.DataVolumeIncoming", "value": 1},
    {"source": "TAP-0312.GprsServiceUsed", "target": "TAP-0312.IMSSignallingContext", "value": 1},
    {"source": "TAP-0312.GprsServiceUsed", "target": "TAP-0312.ChargeInformationList", "value": 1},
    {"source": "TAP-0312.GprsServiceUsed", "target": "TAP-0312.DataVolumeOutgoing", "value": 1},
    {"source": "TAP-0312.HSCSDIndicator", "target": "TAP-0312.AsciiString", "value": 1},
    {"source": "TAP-0312.TotalTaxValue", "target": "TAP-0312.AbsoluteAmount", "value": 1},
    {"source": "TAP-0312.CamelInvocationFee", "target": "TAP-0312.AbsoluteAmount", "value": 1},
    {"source": "TAP-0312.CompletionTimeStamp", "target": "TAP-0312.DateTime", "value": 1},
    {"source": "TAP-0312.Imei", "target": "TAP-0312.BCDString", "value": 1},
    {"source": "TAP-0312.DiscountRate", "target": "TAP-0312.PercentageRate", "value": 1},
    {"source": "TAP-0312.ThirdPartyNumber", "target": "TAP-0312.AddressStringDigits", "value": 1},
    {"source": "TAP-0312.PdpAddress", "target": "TAP-0312.PacketDataProtocolAddress", "value": 1},
    {"source": "TAP-0312.TransactionShortDescription", "target": "TAP-0312.AsciiString", "value": 1},
    {"source": "TAP-0312.TrackingCustomerLocList", "target": "TAP-0312.TrackingCustomerLocation", "value": 1},
    {"source": "TAP-0312.TrackingCustomerHomeId", "target": "TAP-0312.HomeIdType", "value": 1},
    {"source": "TAP-0312.TrackingCustomerHomeId", "target": "TAP-0312.HomeIdentifier", "value": 1},
    {"source": "TAP-0312.RecEntityCodeList", "target": "TAP-0312.RecEntityCode", "value": 1},
    {"source": "TAP-0312.CallingNumber", "target": "TAP-0312.AddressStringDigits", "value": 1},
    {"source": "TAP-0312.TotalDiscountValue", "target": "TAP-0312.AbsoluteAmount", "value": 1},
    {"source": "TAP-0312.PlmnId", "target": "TAP-0312.AsciiString", "value": 1},
    {"source": "TAP-0312.TrackingCustomerIdList", "target": "TAP-0312.TrackingCustomerIdentification", "value": 1},
    {"source": "TAP-0312.DiscountApplied", "target": "TAP-0312.FixedDiscountValue", "value": 1},
    {"source": "TAP-0312.DiscountApplied", "target": "TAP-0312.DiscountRate", "value": 1},
    {"source": "TAP-0312.Charge", "target": "TAP-0312.AbsoluteAmount", "value": 1},
    {"source": "TAP-0312.TrackingCustomerIdentification", "target": "TAP-0312.CustomerIdType", "value": 1},
    {"source": "TAP-0312.TrackingCustomerIdentification", "target": "TAP-0312.CustomerIdentifier", "value": 1},
    {"source": "RAP-0105.ErrorDetailList", "target": "RAP-0105.ErrorDetail", "value": 1},
    {"source": "TAP-0312.ThreeGcamelDestination", "target": "TAP-0312.GprsDestination", "value": 1},
    {"source": "TAP-0312.ThreeGcamelDestination", "target": "TAP-0312.CamelDestinationNumber", "value": 1},
    {"source": "TAP-0312.OperatorSpecInformation", "target": "TAP-0312.AsciiString", "value": 1},
    {"source": "TAP-0312.DialledDigits", "target": "TAP-0312.AsciiString", "value": 1},
    {"source": "TAP-0312.NetworkElement", "target": "TAP-0312.ElementId", "value": 1},
    {"source": "TAP-0312.NetworkElement", "target": "TAP-0312.ElementType", "value": 1},
    {"source": "TAP-0312.DiscountableAmount", "target": "TAP-0312.AbsoluteAmount", "value": 1},
    {"source": "TAP-0312.DataInterChange", "target": "TAP-0312.Notification", "value": 1},
    {"source": "TAP-0312.DataInterChange", "target": "TAP-0312.TransferBatch", "value": 1},
    {"source": "TAP-0312.DiscountInformation", "target": "TAP-0312.Discount", "value": 1},
    {"source": "TAP-0312.DiscountInformation", "target": "TAP-0312.DiscountCode", "value": 1},
    {"source": "TAP-0312.DiscountInformation", "target": "TAP-0312.DiscountableAmount", "value": 1},
    {"source": "TAP-0312.ChargeDetail", "target": "TAP-0312.ChargeDetailTimeStamp", "value": 1},
    {"source": "TAP-0312.ChargeDetail", "target": "TAP-0312.ChargedUnits", "value": 1},
    {"source": "TAP-0312.ChargeDetail", "target": "TAP-0312.Charge", "value": 1},
    {"source": "TAP-0312.ChargeDetail", "target": "TAP-0312.ChargeableUnits", "value": 1},
    {"source": "TAP-0312.ChargeDetail", "target": "TAP-0312.ChargeType", "value": 1},
    {"source": "TAP-0312.RequestedNumber", "target": "TAP-0312.AddressStringDigits", "value": 1},
    {"source": "TAP-0312.AdvisedCharge", "target": "TAP-0312.Charge", "value": 1},
    {"source": "TAP-0312.DiscountingList", "target": "TAP-0312.Discounting", "value": 1},
    {"source": "TAP-0312.FileAvailableTimeStamp", "target": "TAP-0312.DateTimeLong", "value": 1},
    {"source": "RAP-0105.AuditControlInfoError", "target": "TAP-0312.AuditControlInfo", "value": 1},
    {"source": "RAP-0105.AuditControlInfoError", "target": "RAP-0105.ErrorDetailList", "value": 1},
    {"source": "TAP-0312.UtcTimeOffsetInfoList", "target": "TAP-0312.UtcTimeOffsetInfo", "value": 1},
    {"source": "RAP-0105.BatchControlError", "target": "TAP-0312.BatchControlInfo", "value": 1},
    {"source": "RAP-0105.BatchControlError", "target": "RAP-0105.ErrorDetailList", "value": 1},
    {"source": "RAP-0105.ErrorContext", "target": "RAP-0105.PathItemId", "value": 1},
    {"source": "RAP-0105.ErrorContext", "target": "RAP-0105.ItemOccurrence", "value": 1},
    {"source": "RAP-0105.ErrorContext", "target": "RAP-0105.ItemLevel", "value": 1},
    {"source": "TAP-0312.Mdn", "target": "TAP-0312.NumberString", "value": 1},
    {"source": "TAP-0312.CallEventStartTimeStamp", "target": "TAP-0312.DateTime", "value": 1},
    {"source": "TAP-0312.MessagingEvent", "target": "TAP-0312.MessagingEventService", "value": 1},
    {"source": "TAP-0312.MessagingEvent", "target": "TAP-0312.EventReference", "value": 1},
    {"source": "TAP-0312.MessagingEvent", "target": "TAP-0312.NonChargedParty", "value": 1},
    {"source": "TAP-0312.MessagingEvent", "target": "TAP-0312.NetworkElementList", "value": 1},
    {"source": "TAP-0312.MessagingEvent", "target": "TAP-0312.SimToolkitIndicator", "value": 1},
    {"source": "TAP-0312.MessagingEvent", "target": "TAP-0312.CallTypeGroup", "value": 1},
    {"source": "TAP-0312.MessagingEvent", "target": "TAP-0312.TaxInformationList", "value": 1},
    {"source": "TAP-0312.MessagingEvent", "target": "TAP-0312.Charge", "value": 1},
    {"source": "TAP-0312.MessagingEvent", "target": "TAP-0312.RecEntityCodeList", "value": 1},
    {"source": "TAP-0312.MessagingEvent", "target": "TAP-0312.OperatorSpecInfoList", "value": 1},
    {"source": "TAP-0312.MessagingEvent", "target": "TAP-0312.LocationArea", "value": 1},
    {"source": "TAP-0312.MessagingEvent", "target": "TAP-0312.ChargedParty", "value": 1},
    {"source": "TAP-0312.MessagingEvent", "target": "TAP-0312.ExchangeRateCode", "value": 1},
    {"source": "TAP-0312.MessagingEvent", "target": "TAP-0312.RapFileSequenceNumber", "value": 1},
    {"source": "TAP-0312.MessagingEvent", "target": "TAP-0312.GeographicalLocation", "value": 1},
    {"source": "TAP-0312.MessagingEvent", "target": "TAP-0312.ServiceStartTimestamp", "value": 1},
    {"source": "TAP-0312.MessagingEvent", "target": "TAP-0312.CellId", "value": 1},
    {"source": "TAP-0312.ContentServiceUsed", "target": "TAP-0312.TransactionDescriptionSupp", "value": 1},
    {"source": "TAP-0312.ContentServiceUsed", "target": "TAP-0312.ObjectType", "value": 1},
    {"source": "TAP-0312.ContentServiceUsed", "target": "TAP-0312.ContentTransactionType", "value": 1},
    {"source": "TAP-0312.ContentServiceUsed", "target": "TAP-0312.TotalDataVolume", "value": 1},
    {"source": "TAP-0312.ContentServiceUsed", "target": "TAP-0312.DataVolumeIncoming", "value": 1},
    {"source": "TAP-0312.ContentServiceUsed", "target": "TAP-0312.TransactionIdentifier", "value": 1},
    {"source": "TAP-0312.ContentServiceUsed", "target": "TAP-0312.TransactionShortDescription", "value": 1},
    {"source": "TAP-0312.ContentServiceUsed", "target": "TAP-0312.ContentTransactionCode", "value": 1},
    {"source": "TAP-0312.ContentServiceUsed", "target": "TAP-0312.AdvisedChargeInformation", "value": 1},
    {"source": "TAP-0312.ContentServiceUsed", "target": "TAP-0312.ChargeRefundIndicator", "value": 1},
    {"source": "TAP-0312.ContentServiceUsed", "target": "TAP-0312.ContentChargingPoint", "value": 1},
    {"source": "TAP-0312.ContentServiceUsed", "target": "TAP-0312.TransactionAuthCode", "value": 1},
    {"source": "TAP-0312.ContentServiceUsed", "target": "TAP-0312.ChargeInformationList", "value": 1},
    {"source": "TAP-0312.ContentServiceUsed", "target": "TAP-0312.DataVolumeOutgoing", "value": 1},
    {"source": "TAP-0312.ContentServiceUsed", "target": "TAP-0312.TransactionDetailDescription", "value": 1},
    {"source": "TAP-0312.TotalAdvisedChargeValue", "target": "TAP-0312.TotalAdvisedChargeRefund", "value": 1},
    {"source": "TAP-0312.TotalAdvisedChargeValue", "target": "TAP-0312.TotalAdvisedCharge", "value": 1},
    {"source": "TAP-0312.TotalAdvisedChargeValue", "target": "TAP-0312.AdvisedChargeCurrency", "value": 1},
    {"source": "TAP-0312.TotalAdvisedChargeValue", "target": "TAP-0312.TotalCommissionRefund", "value": 1},
    {"source": "TAP-0312.TotalAdvisedChargeValue", "target": "TAP-0312.TotalCommission", "value": 1},
    {"source": "RAP-0105.TotalSevereReturnTax", "target": "TAP-0312.AbsoluteAmount", "value": 1},
    {"source": "TAP-0312.ContentProviderName", "target": "TAP-0312.AsciiString", "value": 1},
    {"source": "TAP-0312.IspIdentifier", "target": "TAP-0312.AsciiString", "value": 1},
    {"source": "TAP-0312.TeleServiceCode", "target": "TAP-0312.HexString", "value": 1},
    {"source": "TAP-0312.HomeLocationInformation", "target": "TAP-0312.HomeBid", "value": 1},
    {"source": "TAP-0312.HomeLocationInformation", "target": "TAP-0312.HomeLocationDescription", "value": 1},
    {"source": "TAP-0312.ChargedPartyHomeIdList", "target": "TAP-0312.ChargedPartyHomeIdentification", "value": 1},
    {"source": "TAP-0312.DistanceChargeBandCode", "target": "TAP-0312.AsciiString", "value": 1},
    {"source": "TAP-0312.ChargeType", "target": "TAP-0312.NumberString", "value": 1},
    {"source": "TAP-0312.Recipient", "target": "TAP-0312.PlmnId", "value": 1},
    {"source": "TAP-0312.SMSOriginator", "target": "TAP-0312.AsciiString", "value": 1},
    {"source": "TAP-0312.Destination", "target": "TAP-0312.DialledDigits", "value": 1},
    {"source": "TAP-0312.Destination", "target": "TAP-0312.CalledRegion", "value": 1},
    {"source": "TAP-0312.Destination", "target": "TAP-0312.CalledNumber", "value": 1},
    {"source": "TAP-0312.Destination", "target": "TAP-0312.SMSDestinationNumber", "value": 1},
    {"source": "TAP-0312.Destination", "target": "TAP-0312.CalledPlace", "value": 1},
    {"source": "TAP-0312.CallTypeGroup", "target": "TAP-0312.CallTypeLevel1", "value": 1},
    {"source": "TAP-0312.CallTypeGroup", "target": "TAP-0312.CallTypeLevel2", "value": 1},
    {"source": "TAP-0312.CallTypeGroup", "target": "TAP-0312.CallTypeLevel3", "value": 1},
    {"source": "TAP-0312.TaxInformationList", "target": "TAP-0312.TaxInformation", "value": 1},
    {"source": "TAP-0312.MessageDescriptionCode", "target": "TAP-0312.Code", "value": 1},
    {"source": "RAP-0105.ReturnDetail", "target": "RAP-0105.StopReturn", "value": 1},
    {"source": "RAP-0105.ReturnDetail", "target": "RAP-0105.FatalReturn", "value": 1},
    {"source": "RAP-0105.ReturnDetail", "target": "RAP-0105.SevereReturn", "value": 1},
    {"source": "RAP-0105.ReturnDetail", "target": "RAP-0105.MissingReturn", "value": 1},
    {"source": "TAP-0312.LocationServiceUsage", "target": "TAP-0312.LCSQosDelivered", "value": 1},
    {"source": "TAP-0312.LocationServiceUsage", "target": "TAP-0312.ChargeInformationList", "value": 1},
    {"source": "TAP-0312.LocationServiceUsage", "target": "TAP-0312.LCSQosRequested", "value": 1},
    {"source": "TAP-0312.LocationServiceUsage", "target": "TAP-0312.ChargingTimeStamp", "value": 1},
    {"source": "TAP-0312.TransactionIdentifier", "target": "TAP-0312.AsciiString", "value": 1},
    {"source": "TAP-0312.BatchControlInfo", "target": "TAP-0312.Recipient", "value": 1},
    {"source": "TAP-0312.BatchControlInfo", "target": "TAP-0312.FileCreationTimeStamp", "value": 1},
    {"source": "TAP-0312.BatchControlInfo", "target": "TAP-0312.FileAvailableTimeStamp", "value": 1},
    {"source": "TAP-0312.BatchControlInfo", "target": "TAP-0312.SpecificationVersionNumber", "value": 1},
    {"source": "TAP-0312.BatchControlInfo", "target": "TAP-0312.Sender", "value": 1},
    {"source": "TAP-0312.BatchControlInfo", "target": "TAP-0312.ReleaseVersionNumber", "value": 1},
    {"source": "TAP-0312.BatchControlInfo", "target": "TAP-0312.FileSequenceNumber", "value": 1},
    {"source": "TAP-0312.BatchControlInfo", "target": "TAP-0312.OperatorSpecInfoList", "value": 1},
    {"source": "TAP-0312.BatchControlInfo", "target": "TAP-0312.RapFileSequenceNumber", "value": 1},
    {"source": "TAP-0312.BatchControlInfo", "target": "TAP-0312.FileTypeIndicator", "value": 1},
    {"source": "TAP-0312.BatchControlInfo", "target": "TAP-0312.TransferCutOffTimeStamp", "value": 1},
    {"source": "TAP-0312.GprsBasicCallInformation", "target": "TAP-0312.ChargingId", "value": 1},
    {"source": "TAP-0312.GprsBasicCallInformation", "target": "TAP-0312.NetworkInitPDPContext", "value": 1},
    {"source": "TAP-0312.GprsBasicCallInformation", "target": "TAP-0312.GprsChargeableSubscriber", "value": 1},
    {"source": "TAP-0312.GprsBasicCallInformation", "target": "TAP-0312.CauseForTerm", "value": 1},
    {"source": "TAP-0312.GprsBasicCallInformation", "target": "TAP-0312.CallEventStartTimeStamp", "value": 1},
    {"source": "TAP-0312.GprsBasicCallInformation", "target": "TAP-0312.TotalCallEventDuration", "value": 1},
    {"source": "TAP-0312.GprsBasicCallInformation", "target": "TAP-0312.PDPContextStartTimestamp", "value": 1},
    {"source": "TAP-0312.GprsBasicCallInformation", "target": "TAP-0312.RapFileSequenceNumber", "value": 1},
    {"source": "TAP-0312.GprsBasicCallInformation", "target": "TAP-0312.GprsDestination", "value": 1},
    {"source": "TAP-0312.GprsBasicCallInformation", "target": "TAP-0312.PartialTypeIndicator", "value": 1},
    {"source": "TAP-0312.NonChargedPartyNumber", "target": "TAP-0312.AddressStringDigits", "value": 1},
    {"source": "TAP-0312.TotalTaxRefund", "target": "TAP-0312.AbsoluteAmount", "value": 1},
    {"source": "TAP-0312.GsmChargeableSubscriber", "target": "TAP-0312.Msisdn", "value": 1},
    {"source": "TAP-0312.GsmChargeableSubscriber", "target": "TAP-0312.Imsi", "value": 1},
    {"source": "TAP-0312.CallEventDetail", "target": "TAP-0312.GprsCall", "value": 1},
    {"source": "TAP-0312.CallEventDetail", "target": "TAP-0312.SupplServiceEvent", "value": 1},
    {"source": "TAP-0312.CallEventDetail", "target": "TAP-0312.ServiceCentreUsage", "value": 1},
    {"source": "TAP-0312.CallEventDetail", "target": "TAP-0312.MobileOriginatedCall", "value": 1},
    {"source": "TAP-0312.CallEventDetail", "target": "TAP-0312.LocationService", "value": 1},
    {"source": "TAP-0312.CallEventDetail", "target": "TAP-0312.MobileSession", "value": 1},
    {"source": "TAP-0312.CallEventDetail", "target": "TAP-0312.MobileTerminatedCall", "value": 1},
    {"source": "TAP-0312.CallEventDetail", "target": "TAP-0312.MessagingEvent", "value": 1},
    {"source": "TAP-0312.CallEventDetail", "target": "TAP-0312.ContentTransaction", "value": 1},
    {"source": "TAP-0312.NonChargedParty", "target": "TAP-0312.NonChargedPublicUserId", "value": 1},
    {"source": "TAP-0312.NonChargedParty", "target": "TAP-0312.NonChargedPartyNumber", "value": 1},
    {"source": "RAP-0105.TransferBatchError", "target": "RAP-0105.ErrorDetailList", "value": 1},
    {"source": "RAP-0105.RapFileAvailableTimeStamp", "target": "TAP-0312.DateTimeLong", "value": 1},
    {"source": "TAP-0312.LocationInformation", "target": "TAP-0312.NetworkLocation", "value": 1},
    {"source": "TAP-0312.LocationInformation", "target": "TAP-0312.HomeLocationInformation", "value": 1},
    {"source": "TAP-0312.LocationInformation", "target": "TAP-0312.GeographicalLocation", "value": 1},
    {"source": "TAP-0312.MessageDescriptionInfoList", "target": "TAP-0312.MessageDescriptionInformation", "value": 1},
    {"source": "TAP-0312.TrackedCustomerLocation", "target": "TAP-0312.LocationIdType", "value": 1},
    {"source": "TAP-0312.TrackedCustomerLocation", "target": "TAP-0312.LocationIdentifier", "value": 1},
    {"source": "RAP-0105.ErrorDetail", "target": "RAP-0105.ErrorCode", "value": 1},
    {"source": "RAP-0105.ErrorDetail", "target": "RAP-0105.ItemOffset", "value": 1},
    {"source": "RAP-0105.ErrorDetail", "target": "RAP-0105.ErrorContextList", "value": 1},
    {"source": "TAP-0312.Taxation", "target": "TAP-0312.TaxRate", "value": 1},
    {"source": "TAP-0312.Taxation", "target": "TAP-0312.TaxType", "value": 1},
    {"source": "TAP-0312.Taxation", "target": "TAP-0312.TaxIndicator", "value": 1},
    {"source": "TAP-0312.Taxation", "target": "TAP-0312.ChargeType", "value": 1},
    {"source": "TAP-0312.Taxation", "target": "TAP-0312.TaxCode", "value": 1},
    {"source": "TAP-0312.ServingPartiesInformation", "target": "TAP-0312.InternetServiceProviderIdList", "value": 1},
    {"source": "TAP-0312.ServingPartiesInformation", "target": "TAP-0312.ContentProviderIdList", "value": 1},
    {"source": "TAP-0312.ServingPartiesInformation", "target": "TAP-0312.NetworkList", "value": 1},
    {"source": "TAP-0312.ServingPartiesInformation", "target": "TAP-0312.ContentProviderName", "value": 1},
    {"source": "TAP-0312.TotalAdvisedChargeValueList", "target": "TAP-0312.TotalAdvisedChargeValue", "value": 1},
    {"source": "RAP-0105.NotificationError", "target": "TAP-0312.Notification", "value": 1},
    {"source": "RAP-0105.NotificationError", "target": "RAP-0105.ErrorDetailList", "value": 1},
    {"source": "TAP-0312.CallEventDetailList", "target": "TAP-0312.CallEventDetail", "value": 1},
    {"source": "TAP-0312.SessionChargeInfoList", "target": "TAP-0312.SessionChargeInformation", "value": 1},
    {"source": "TAP-0312.ISPList", "target": "TAP-0312.InternetServiceProvider", "value": 1},
    {"source": "TAP-0312.TransactionDetailDescription", "target": "TAP-0312.AsciiString", "value": 1},
    {"source": "TAP-0312.Notification", "target": "TAP-0312.Recipient", "value": 1},
    {"source": "TAP-0312.Notification", "target": "TAP-0312.FileCreationTimeStamp", "value": 1},
    {"source": "TAP-0312.Notification", "target": "TAP-0312.FileAvailableTimeStamp", "value": 1},
    {"source": "TAP-0312.Notification", "target": "TAP-0312.SpecificationVersionNumber", "value": 1},
    {"source": "TAP-0312.Notification", "target": "TAP-0312.Sender", "value": 1},
    {"source": "TAP-0312.Notification", "target": "TAP-0312.ReleaseVersionNumber", "value": 1},
    {"source": "TAP-0312.Notification", "target": "TAP-0312.FileSequenceNumber", "value": 1},
    {"source": "TAP-0312.Notification", "target": "TAP-0312.OperatorSpecInfoList", "value": 1},
    {"source": "TAP-0312.Notification", "target": "TAP-0312.RapFileSequenceNumber", "value": 1},
    {"source": "TAP-0312.Notification", "target": "TAP-0312.FileTypeIndicator", "value": 1},
    {"source": "TAP-0312.Notification", "target": "TAP-0312.TransferCutOffTimeStamp", "value": 1},
    {"source": "TAP-0312.CalledNumber", "target": "TAP-0312.AddressStringDigits", "value": 1},
    {"source": "RAP-0105.RapDataInterChange", "target": "RAP-0105.ReturnBatch", "value": 1},
    {"source": "RAP-0105.RapDataInterChange", "target": "RAP-0105.Acknowledgement", "value": 1},
    {"source": "TAP-0312.TaxType", "target": "TAP-0312.AsciiString", "value": 1},
    {"source": "TAP-0312.LocalTimeStamp", "target": "TAP-0312.NumberString", "value": 1},
    {"source": "TAP-0312.ContentTransactionBasicInfo", "target": "TAP-0312.TransactionStatus", "value": 1},
    {"source": "TAP-0312.ContentTransactionBasicInfo", "target": "TAP-0312.ActualDeliveryTimeStamp", "value": 1},
    {"source": "TAP-0312.ContentTransactionBasicInfo", "target": "TAP-0312.RequestedDeliveryTimeStamp", "value": 1},
    {"source": "TAP-0312.ContentTransactionBasicInfo", "target": "TAP-0312.RapFileSequenceNumber", "value": 1},
    {"source": "TAP-0312.ContentTransactionBasicInfo", "target": "TAP-0312.TotalTransactionDuration", "value": 1},
    {"source": "TAP-0312.ContentTransactionBasicInfo", "target": "TAP-0312.OrderPlacedTimeStamp", "value": 1},
    {"source": "RAP-0105.Acknowledgement", "target": "TAP-0312.Recipient", "value": 1},
    {"source": "RAP-0105.Acknowledgement", "target": "RAP-0105.AckFileAvailableTimeStamp", "value": 1},
    {"source": "RAP-0105.Acknowledgement", "target": "TAP-0312.Sender", "value": 1},
    {"source": "RAP-0105.Acknowledgement", "target": "RAP-0105.AckFileCreationTimeStamp", "value": 1},
    {"source": "RAP-0105.Acknowledgement", "target": "TAP-0312.RapFileSequenceNumber", "value": 1},
    {"source": "RAP-0105.Acknowledgement", "target": "TAP-0312.FileTypeIndicator", "value": 1},
    {"source": "RAP-0105.Acknowledgement", "target": "RAP-0105.OperatorSpecList", "value": 1},
    {"source": "TAP-0312.UtcTimeOffsetInfo", "target": "TAP-0312.UtcTimeOffset", "value": 1},
    {"source": "TAP-0312.UtcTimeOffsetInfo", "target": "TAP-0312.UtcTimeOffsetCode", "value": 1},
    {"source": "TAP-0312.ChargedParty", "target": "TAP-0312.Imei", "value": 1},
    {"source": "TAP-0312.ChargedParty", "target": "TAP-0312.HomeLocationDescription", "value": 1},
    {"source": "TAP-0312.ChargedParty", "target": "TAP-0312.Msisdn", "value": 1},
    {"source": "TAP-0312.ChargedParty", "target": "TAP-0312.Imsi", "value": 1},
    {"source": "TAP-0312.ChargedParty", "target": "TAP-0312.HomeBid", "value": 1},
    {"source": "TAP-0312.ChargedParty", "target": "TAP-0312.PublicUserId", "value": 1},
    {"source": "RAP-0105.EndMissingSeqNumber", "target": "TAP-0312.FileSequenceNumber", "value": 1},
    {"source": "TAP-0312.CamelDestinationNumber", "target": "TAP-0312.AddressStringDigits", "value": 1},
    {"source": "TAP-0312.Discounting", "target": "TAP-0312.DiscountCode", "value": 1},
    {"source": "TAP-0312.Discounting", "target": "TAP-0312.DiscountApplied", "value": 1},
    {"source": "TAP-0312.HomeBid", "target": "TAP-0312.Bid", "value": 1},
    {"source": "TAP-0312.CurrencyConversionList", "target": "TAP-0312.CurrencyConversion", "value": 1},
    {"source": "TAP-0312.NetworkAccessIdentifier", "target": "TAP-0312.AsciiString", "value": 1},
    {"source": "RAP-0105.StopReturn", "target": "RAP-0105.OperatorSpecList", "value": 1},
    {"source": "RAP-0105.StopReturn", "target": "RAP-0105.LastSeqNumber", "value": 1},
    {"source": "TAP-0312.SupplServiceEvent", "target": "TAP-0312.OperatorSpecInfoList", "value": 1},
    {"source": "TAP-0312.SupplServiceEvent", "target": "TAP-0312.ChargeableSubscriber", "value": 1},
    {"source": "TAP-0312.SupplServiceEvent", "target": "TAP-0312.ImeiOrEsn", "value": 1},
    {"source": "TAP-0312.SupplServiceEvent", "target": "TAP-0312.SupplServiceUsed", "value": 1},
    {"source": "TAP-0312.SupplServiceEvent", "target": "TAP-0312.LocationInformation", "value": 1},
    {"source": "TAP-0312.SupplServiceEvent", "target": "TAP-0312.RapFileSequenceNumber", "value": 1},
    {"source": "TAP-0312.Network", "target": "TAP-0312.NetworkIdType", "value": 1},
    {"source": "TAP-0312.Network", "target": "TAP-0312.NetworkIdentifier", "value": 1},
    {"source": "TAP-0312.ElementId", "target": "TAP-0312.AsciiString", "value": 1},
    {"source": "TAP-0312.MessageDescription", "target": "TAP-0312.AsciiString", "value": 1},
    {"source": "TAP-0312.InternetServiceProviderIdList", "target": "TAP-0312.InternetServiceProvider", "value": 1},
    {"source": "TAP-0312.LocationDescription", "target": "TAP-0312.AsciiString", "value": 1},
    {"source": "RAP-0105.ReturnDetailList", "target": "RAP-0105.ReturnDetail", "value": 1},
    {"source": "TAP-0312.CurrencyConversion", "target": "TAP-0312.NumberOfDecimalPlaces", "value": 1},
    {"source": "TAP-0312.CurrencyConversion", "target": "TAP-0312.ExchangeRate", "value": 1},
    {"source": "TAP-0312.CurrencyConversion", "target": "TAP-0312.ExchangeRateCode", "value": 1},
    {"source": "TAP-0312.UtcTimeOffsetCode", "target": "TAP-0312.Code", "value": 1},
    {"source": "TAP-0312.TotalAdvisedChargeRefund", "target": "TAP-0312.AbsoluteAmount", "value": 1}
  ]
}
