{
  "_comment": "code automatically generated by pycrate_asn1c",
  "nodes": [
    {"id": "TCAP-Remote-Operations-Information-Objects.OPERATION", "group": 2},
    {"id": "TCAP-Remote-Operations-Information-Objects.ERROR", "group": 2},
    {"id": "TCAP-Remote-Operations-Information-Objects.OPERATION-PACKAGE", "group": 2},
    {"id": "TCAP-Remote-Operations-Information-Objects.CONTRACT", "group": 2},
    {"id": "TCAP-Remote-Operations-Information-Objects.ROS-OBJECT-CLASS", "group": 2},
    {"id": "TCAP-Remote-Operations-Information-Objects.OperationCode", "group": 2},
    {"id": "TCAP-Remote-Operations-Information-Objects.ErrorCode", "group": 2},
    {"id": "TCAP-Remote-Operations-Information-Objects.Priority", "group": 2},
    {"id": "TCAP-Remote-Operations-Information-Objects.refuse", "group": 2},
    {"id": "TCAP-Remote-Operations-Information-Objects.emptyBind", "group": 2},
    {"id": "TCAP-Remote-Operations-Information-Objects.emptyUnbind", "group": 2},
    {"id": "TCAP-Remote-Operations-Information-Objects.InvokeId", "group": 2},
    {"id": "TCAP-Remote-Operations-Information-Objects.Errors", "group": 2},
    {"id": "TCAPPackage.PackageType", "group": 3},
    {"id": "TCAPPackage.TransactionID", "group": 3},
    {"id": "TCAPPackage.P-Abort-cause", "group": 3},
    {"id": "TCAPPackage.ProtocolVersion", "group": 3},
    {"id": "TCAPPackage.IntegerApplicationContext", "group": 3},
    {"id": "TCAPPackage.ObjectIDApplicationContext", "group": 3},
    {"id": "TCAPPackage.UserInformation", "group": 3},
    {"id": "TCAPPackage.Confidentiality", "group": 3},
    {"id": "TCAPPackage.UserAbortInformation", "group": 3},
    {"id": "TCAPPackage.Invoke", "group": 3},
    {"id": "TCAPPackage.ReturnResult", "group": 3},
    {"id": "TCAPPackage.ReturnError", "group": 3},
    {"id": "TCAPPackage.Reject", "group": 3},
    {"id": "TCAPPackage.RejectProblem", "group": 3},
    {"id": "TCAPPackage.TCInvokeIdSet", "group": 3},
    {"id": "TCAP-Remote-Operations-Information-Objects.CONNECTION-PACKAGE", "group": 2},
    {"id": "TCAPPackage.DialoguePortion", "group": 3},
    {"id": "TCAPPackage.ComponentPDU", "group": 3},
    {"id": "TCAPPackage.Abort", "group": 3},
    {"id": "TCAPPackage.ComponentSequence", "group": 3},
    {"id": "TCAPPackage.UniTransactionPDU", "group": 3}
  ],
  "links": [
    {"source": "TCAPPackage.UniTransactionPDU", "target": "TCAPPackage.TransactionID", "value": 1},
    {"source": "TCAPPackage.UniTransactionPDU", "target": "TCAPPackage.DialoguePortion", "value": 1},
    {"source": "TCAPPackage.UniTransactionPDU", "target": "TCAPPackage.ComponentSequence", "value": 1},
    {"source": "TCAPPackage.Reject", "target": "TCAPPackage.RejectProblem", "value": 1},
    {"source": "TCAP-Remote-Operations-Information-Objects.emptyUnbind", "target": "TCAP-Remote-Operations-Information-Objects.OPERATION", "value": 1},
    {"source": "TCAPPackage.TransactionPDU", "target": "TCAPPackage.TransactionID", "value": 1},
    {"source": "TCAPPackage.TransactionPDU", "target": "TCAPPackage.DialoguePortion", "value": 1},
    {"source": "TCAPPackage.TransactionPDU", "target": "TCAPPackage.ComponentSequence", "value": 1},
    {"source": "TCAP-Remote-Operations-Information-Objects.Errors", "target": "TCAP-Remote-Operations-Information-Objects.OPERATION", "value": 1},
    {"source": "TCAP-Remote-Operations-Information-Objects.Errors", "target": "TCAP-Remote-Operations-Information-Objects.ERROR", "value": 1},
    {"source": "TCAP-Remote-Operations-Information-Objects.ERROR", "target": "TCAP-Remote-Operations-Information-Objects.Priority", "value": 1},
    {"source": "TCAP-Remote-Operations-Information-Objects.ERROR", "target": "TCAP-Remote-Operations-Information-Objects.ErrorCode", "value": 1},
    {"source": "TCAPPackage.Abort", "target": "TCAPPackage.TransactionID", "value": 1},
    {"source": "TCAPPackage.Abort", "target": "TCAPPackage.DialoguePortion", "value": 1},
    {"source": "TCAPPackage.Abort", "target": "TCAPPackage.P-Abort-cause", "value": 1},
    {"source": "TCAPPackage.Abort", "target": "TCAPPackage.UserAbortInformation", "value": 1},
    {"source": "TCAP-Remote-Operations-Information-Objects.refuse", "target": "TCAP-Remote-Operations-Information-Objects.ERROR", "value": 1},
    {"source": "TCAP-Remote-Operations-Information-Objects.CONNECTION-PACKAGE", "target": "TCAP-Remote-Operations-Information-Objects.emptyUnbind", "value": 1},
    {"source": "TCAP-Remote-Operations-Information-Objects.CONNECTION-PACKAGE", "target": "TCAP-Remote-Operations-Information-Objects.OPERATION", "value": 1},
    {"source": "TCAP-Remote-Operations-Information-Objects.CONNECTION-PACKAGE", "target": "TCAP-Remote-Operations-Information-Objects.emptyBind", "value": 1},
    {"source": "TCAPPackage.ReturnError", "target": "TCAP-Remote-Operations-Information-Objects.ERROR", "value": 1},
    {"source": "TCAPPackage.ReturnError", "target": "TCAP-Remote-Operations-Information-Objects.ERROR", "value": 1},
    {"source": "TCAPPackage.ReturnError", "target": "TCAP-Remote-Operations-Information-Objects.ERROR", "value": 1},
    {"source": "TCAPPackage.Invoke", "target": "TCAP-Remote-Operations-Information-Objects.OPERATION", "value": 1},
    {"source": "TCAPPackage.Invoke", "target": "TCAP-Remote-Operations-Information-Objects.OPERATION", "value": 1},
    {"source": "TCAPPackage.Invoke", "target": "TCAP-Remote-Operations-Information-Objects.OPERATION", "value": 1},
    {"source": "TCAPPackage.Invoke", "target": "TCAP-Remote-Operations-Information-Objects.InvokeId", "value": 1},
    {"source": "TCAPPackage.ComponentPDU", "target": "TCAPPackage.Reject", "value": 1},
    {"source": "TCAPPackage.ComponentPDU", "target": "TCAPPackage.ReturnResult", "value": 1},
    {"source": "TCAPPackage.ComponentPDU", "target": "TCAP-Remote-Operations-Information-Objects.OPERATION", "value": 1},
    {"source": "TCAPPackage.ComponentPDU", "target": "TCAP-Remote-Operations-Information-Objects.Errors", "value": 1},
    {"source": "TCAPPackage.ComponentPDU", "target": "TCAPPackage.ReturnError", "value": 1},
    {"source": "TCAPPackage.ComponentPDU", "target": "TCAPPackage.Invoke", "value": 1},
    {"source": "TCAPPackage.ComponentPDU", "target": "TCAP-Remote-Operations-Information-Objects.InvokeId", "value": 1},
    {"source": "TCAPPackage.PackageType", "target": "TCAPPackage.TransactionPDU", "value": 1},
    {"source": "TCAPPackage.PackageType", "target": "TCAPPackage.UniTransactionPDU", "value": 1},
    {"source": "TCAPPackage.PackageType", "target": "TCAPPackage.Abort", "value": 1},
    {"source": "TCAP-Remote-Operations-Information-Objects.OPERATION", "target": "TCAP-Remote-Operations-Information-Objects.Priority", "value": 1},
    {"source": "TCAP-Remote-Operations-Information-Objects.OPERATION", "target": "TCAP-Remote-Operations-Information-Objects.OperationCode", "value": 1},
    {"source": "TCAP-Remote-Operations-Information-Objects.OPERATION", "target": "TCAP-Remote-Operations-Information-Objects.OPERATION", "value": 1},
    {"source": "TCAP-Remote-Operations-Information-Objects.OPERATION", "target": "TCAP-Remote-Operations-Information-Objects.ERROR", "value": 1},
    {"source": "TCAPPackage.DialoguePortion", "target": "TCAPPackage.ProtocolVersion", "value": 1},
    {"source": "TCAPPackage.DialoguePortion", "target": "TCAPPackage.UserInformation", "value": 1},
    {"source": "TCAPPackage.DialoguePortion", "target": "TCAPPackage.ObjectIDApplicationContext", "value": 1},
    {"source": "TCAPPackage.DialoguePortion", "target": "TCAPPackage.Confidentiality", "value": 1},
    {"source": "TCAPPackage.DialoguePortion", "target": "TCAPPackage.IntegerApplicationContext", "value": 1},
    {"source": "TCAPPackage.TCInvokeIdSet", "target": "TCAP-Remote-Operations-Information-Objects.InvokeId", "value": 1},
    {"source": "TCAP-Remote-Operations-Information-Objects.emptyBind", "target": "TCAP-Remote-Operations-Information-Objects.OPERATION", "value": 1},
    {"source": "TCAPPackage.ComponentSequence", "target": "TCAPPackage.ComponentPDU", "value": 1},
    {"source": "TCAP-Remote-Operations-Information-Objects.ROS-OBJECT-CLASS", "target": "TCAP-Remote-Operations-Information-Objects.CONTRACT", "value": 1},
    {"source": "TCAP-Remote-Operations-Information-Objects.ROS-OBJECT-CLASS", "target": "TCAP-Remote-Operations-Information-Objects.ROS-OBJECT-CLASS", "value": 1},
    {"source": "TCAPPackage.ReturnResult", "target": "TCAP-Remote-Operations-Information-Objects.OPERATION", "value": 1},
    {"source": "TCAPPackage.ReturnResult", "target": "TCAP-Remote-Operations-Information-Objects.OPERATION", "value": 1},
    {"source": "TCAP-Remote-Operations-Information-Objects.CONTRACT", "target": "TCAP-Remote-Operations-Information-Objects.CONNECTION-PACKAGE", "value": 1},
    {"source": "TCAP-Remote-Operations-Information-Objects.CONTRACT", "target": "TCAP-Remote-Operations-Information-Objects.OPERATION-PACKAGE", "value": 1},
    {"source": "TCAP-Remote-Operations-Information-Objects.OPERATION-PACKAGE", "target": "TCAP-Remote-Operations-Information-Objects.OPERATION", "value": 1}
  ]
}
