{
  "_comment": "code automatically generated by pycrate_asn1c",
  "nodes": [
    {"id": "DialoguePDUs.dialogue-as-id", "group": 2},
    {"id": "DialoguePDUs.DialoguePDU", "group": 2},
    {"id": "DialoguePDUs.AARQ-apdu", "group": 2},
    {"id": "DialoguePDUs.AARE-apdu", "group": 2},
    {"id": "DialoguePDUs.RLRQ-apdu", "group": 2},
    {"id": "DialoguePDUs.RLRE-apdu", "group": 2},
    {"id": "DialoguePDUs.ABRT-apdu", "group": 2},
    {"id": "DialoguePDUs.ABRT-source", "group": 2},
    {"id": "DialoguePDUs.Associate-result", "group": 2},
    {"id": "DialoguePDUs.Associate-source-diagnostic", "group": 2},
    {"id": "DialoguePDUs.Release-request-reason", "group": 2},
    {"id": "DialoguePDUs.Release-response-reason", "group": 2},
    {"id": "UnidialoguePDUs.uniDialogue-as-id", "group": 3},
    {"id": "UnidialoguePDUs.UniDialoguePDU", "group": 3},
    {"id": "UnidialoguePDUs.AUDT-apdu", "group": 3},
    {"id": "Remote-Operations-Information-Objects.OPERATION", "group": 4},
    {"id": "Remote-Operations-Information-Objects.ERROR", "group": 4},
    {"id": "Remote-Operations-Information-Objects.OPERATION-PACKAGE", "group": 4},
    {"id": "Remote-Operations-Information-Objects.CONTRACT", "group": 4},
    {"id": "Remote-Operations-Information-Objects.ROS-OBJECT-CLASS", "group": 4},
    {"id": "Remote-Operations-Information-Objects.Code", "group": 4},
    {"id": "Remote-Operations-Information-Objects.Priority", "group": 4},
    {"id": "Remote-Operations-Generic-ROS-PDUs.ReturnResult", "group": 5},
    {"id": "Remote-Operations-Generic-ROS-PDUs.ReturnError", "group": 5},
    {"id": "Remote-Operations-Generic-ROS-PDUs.Reject", "group": 5},
    {"id": "Remote-Operations-Generic-ROS-PDUs.GeneralProblem", "group": 5},
    {"id": "Remote-Operations-Generic-ROS-PDUs.InvokeProblem", "group": 5},
    {"id": "Remote-Operations-Generic-ROS-PDUs.ReturnResultProblem", "group": 5},
    {"id": "Remote-Operations-Generic-ROS-PDUs.ReturnErrorProblem", "group": 5},
    {"id": "Remote-Operations-Generic-ROS-PDUs.RejectProblem", "group": 5},
    {"id": "Remote-Operations-Generic-ROS-PDUs.InvokeId", "group": 5},
    {"id": "Remote-Operations-Generic-ROS-PDUs.noInvokeId", "group": 5},
    {"id": "Remote-Operations-Generic-ROS-PDUs.NoInvokeId", "group": 5},
    {"id": "Remote-Operations-Generic-ROS-PDUs.Errors", "group": 5},
    {"id": "Remote-Operations-Generic-ROS-PDUs.Bind", "group": 5},
    {"id": "Remote-Operations-Generic-ROS-PDUs.Unbind", "group": 5},
    {"id": "Remote-Operations-Useful-Definitions.emptyUnbind", "group": 6},
    {"id": "Remote-Operations-Useful-Definitions.refuse", "group": 6},
    {"id": "Remote-Operations-Useful-Definitions.no-op", "group": 6},
    {"id": "Remote-Operations-Useful-Definitions.Forward", "group": 6},
    {"id": "Remote-Operations-Useful-Definitions.Reverse", "group": 6},
    {"id": "Remote-Operations-Useful-Definitions.ConsumerPerforms", "group": 6},
    {"id": "Remote-Operations-Useful-Definitions.SupplierPerforms", "group": 6},
    {"id": "Remote-Operations-Useful-Definitions.AllOperations", "group": 6},
    {"id": "Remote-Operations-Useful-Definitions.recode", "group": 6},
    {"id": "Remote-Operations-Useful-Definitions.switch", "group": 6},
    {"id": "Remote-Operations-Useful-Definitions.combine", "group": 6},
    {"id": "TCAPMessages.Abort", "group": 7},
    {"id": "TCAPMessages.DialoguePortion", "group": 7},
    {"id": "TCAPMessages.OrigTransactionID", "group": 7},
    {"id": "TCAPMessages.DestTransactionID", "group": 7},
    {"id": "TCAPMessages.P-AbortCause", "group": 7},
    {"id": "TCAPMessages.TCInvokeIdSet", "group": 7},
    {"id": "TCAP-Tools.cancelFailed", "group": 8},
    {"id": "TCAP-Tools.CancelProblem", "group": 8},
    {"id": "TCAP-Tools.cancelled", "group": 8},
    {"id": "TCAP-Examples.invalidCalledNumber", "group": 9},
    {"id": "TCAP-Examples.subscriberNotReachable", "group": 9},
    {"id": "TCAP-Examples.calledBarred", "group": 9},
    {"id": "TCAP-Examples.callingPartyAddressNotAvailable", "group": 9},
    {"id": "TCAP-Examples.processingFailure", "group": 9},
    {"id": "TCAP-Examples.RequestArgument", "group": 9},
    {"id": "TCAP-Examples.RoutingInformation", "group": 9},
    {"id": "TCAP-Examples.BasicServiceIndicator", "group": 9},
    {"id": "TCAP-Examples.CallingPartyAddress", "group": 9},
    {"id": "TCAP-Examples.IsdnNumber", "group": 9},
    {"id": "TCAP-Examples.TypeOfAddress", "group": 9},
    {"id": "TCAP-Examples.TelephonyString", "group": 9},
    {"id": "TC-Notation-Extensions.APPLICATION-CONTEXT", "group": 10},
    {"id": "TC-Notation-Extensions.DialogueMode", "group": 10},
    {"id": "TC-Notation-Extensions.Termination", "group": 10},
    {"id": "TC-Notation-Extensions.dialogue-abstract-syntax", "group": 10},
    {"id": "TC-Notation-Extensions.uniDialogue-abstract-syntax", "group": 10},
    {"id": "Remote-Operations-Generic-ROS-PDUs.Invoke", "group": 5},
    {"id": "Remote-Operations-Useful-Definitions.emptyBind", "group": 6},
    {"id": "TCAP-Tools.cancel", "group": 8},
    {"id": "TCAP-Examples.getCallingPartyAddress", "group": 9},
    {"id": "Remote-Operations-Information-Objects.CONNECTION-PACKAGE", "group": 4},
    {"id": "Remote-Operations-Generic-ROS-PDUs.ROS", "group": 5},
    {"id": "Remote-Operations-Useful-Definitions.ROS-SingleAS", "group": 6},
    {"id": "Remote-Operations-Useful-Definitions.ROS-ConsumerAS", "group": 6},
    {"id": "Remote-Operations-Useful-Definitions.ROS-SupplierAS", "group": 6},
    {"id": "TCAPMessages.Component", "group": 7},
    {"id": "TCAP-Examples.provideRoutingInformation", "group": 9},
    {"id": "TC-Notation-Extensions.ConnectionAS", "group": 10},
    {"id": "TCAPMessages.ComponentPortion", "group": 7},
    {"id": "TCAPMessages.Unidirectional", "group": 7},
    {"id": "TCAPMessages.Begin", "group": 7},
    {"id": "TCAPMessages.End", "group": 7},
    {"id": "TCAPMessages.Continue", "group": 7},
    {"id": "TCAPMessages.TCMessage", "group": 7},
    {"id": "TC-Notation-Extensions.TCSingleAS", "group": 10},
    {"id": "TC-Notation-Extensions.TCConsumerAS", "group": 10}
  ],
  "links": [
    {"source": "TCAPMessages.Unidirectional", "target": "TCAPMessages.ComponentPortion", "value": 1},
    {"source": "TCAPMessages.Unidirectional", "target": "TCAPMessages.DialoguePortion", "value": 1},
    {"source": "TCAPMessages.Unidirectional", "target": "Remote-Operations-Information-Objects.OPERATION", "value": 1},
    {"source": "DialoguePDUs.ABRT-apdu", "target": "DialoguePDUs.ABRT-source", "value": 1},
    {"source": "Remote-Operations-Useful-Definitions.ROS-SingleAS", "target": "Remote-Operations-Information-Objects.OPERATION-PACKAGE", "value": 1},
    {"source": "Remote-Operations-Useful-Definitions.ROS-SingleAS", "target": "Remote-Operations-Generic-ROS-PDUs.ROS", "value": 1},
    {"source": "Remote-Operations-Useful-Definitions.ROS-SingleAS", "target": "Remote-Operations-Useful-Definitions.AllOperations", "value": 1},
    {"source": "Remote-Operations-Useful-Definitions.ROS-SingleAS", "target": "Remote-Operations-Generic-ROS-PDUs.InvokeId", "value": 1},
    {"source": "DialoguePDUs.RLRE-apdu", "target": "DialoguePDUs.Release-response-reason", "value": 1},
    {"source": "TCAP-Examples.IsdnNumber", "target": "TCAP-Examples.TypeOfAddress", "value": 1},
    {"source": "TCAP-Examples.IsdnNumber", "target": "TCAP-Examples.TelephonyString", "value": 1},
    {"source": "TCAP-Examples.RoutingInformation", "target": "TCAP-Examples.IsdnNumber", "value": 1},
    {"source": "TCAP-Tools.cancel", "target": "TCAPMessages.TCInvokeIdSet", "value": 1},
    {"source": "TCAP-Tools.cancel", "target": "Remote-Operations-Information-Objects.OPERATION", "value": 1},
    {"source": "TC-Notation-Extensions.TCSupplierAS", "target": "Remote-Operations-Information-Objects.OPERATION-PACKAGE", "value": 1},
    {"source": "TC-Notation-Extensions.TCSupplierAS", "target": "TCAPMessages.TCMessage", "value": 1},
    {"source": "TC-Notation-Extensions.TCSupplierAS", "target": "Remote-Operations-Useful-Definitions.SupplierPerforms", "value": 1},
    {"source": "Remote-Operations-Information-Objects.OPERATION-PACKAGE", "target": "Remote-Operations-Information-Objects.OPERATION", "value": 1},
    {"source": "Remote-Operations-Generic-ROS-PDUs.Errors", "target": "Remote-Operations-Information-Objects.OPERATION", "value": 1},
    {"source": "Remote-Operations-Generic-ROS-PDUs.Errors", "target": "Remote-Operations-Information-Objects.ERROR", "value": 1},
    {"source": "Remote-Operations-Useful-Definitions.recode", "target": "Remote-Operations-Information-Objects.Code", "value": 1},
    {"source": "Remote-Operations-Useful-Definitions.recode", "target": "Remote-Operations-Information-Objects.OPERATION", "value": 1},
    {"source": "Remote-Operations-Generic-ROS-PDUs.ReturnResult", "target": "Remote-Operations-Information-Objects.OPERATION", "value": 1},
    {"source": "Remote-Operations-Generic-ROS-PDUs.ReturnResult", "target": "Remote-Operations-Generic-ROS-PDUs.InvokeId", "value": 1},
    {"source": "Remote-Operations-Generic-ROS-PDUs.ReturnResult", "target": "Remote-Operations-Information-Objects.OPERATION", "value": 1},
    {"source": "Remote-Operations-Generic-ROS-PDUs.ReturnResult", "target": "Remote-Operations-Information-Objects.OPERATION", "value": 1},
    {"source": "Remote-Operations-Useful-Definitions.emptyUnbind", "target": "Remote-Operations-Information-Objects.OPERATION", "value": 1},
    {"source": "TCAP-Examples.CallingPartyAddress", "target": "TCAP-Examples.IsdnNumber", "value": 1},
    {"source": "Remote-Operations-Useful-Definitions.refuse", "target": "Remote-Operations-Information-Objects.ERROR", "value": 1},
    {"source": "Remote-Operations-Generic-ROS-PDUs.Invoke", "target": "Remote-Operations-Generic-ROS-PDUs.InvokeId", "value": 1},
    {"source": "Remote-Operations-Generic-ROS-PDUs.Invoke", "target": "Remote-Operations-Information-Objects.OPERATION", "value": 1},
    {"source": "Remote-Operations-Generic-ROS-PDUs.Invoke", "target": "Remote-Operations-Information-Objects.OPERATION", "value": 1},
    {"source": "Remote-Operations-Generic-ROS-PDUs.Invoke", "target": "Remote-Operations-Generic-ROS-PDUs.InvokeId", "value": 1},
    {"source": "Remote-Operations-Generic-ROS-PDUs.Invoke", "target": "Remote-Operations-Information-Objects.OPERATION", "value": 1},
    {"source": "TCAP-Examples.invalidCalledNumber", "target": "Remote-Operations-Information-Objects.ERROR", "value": 1},
    {"source": "TC-Notation-Extensions.ConnectionAS", "target": "Remote-Operations-Generic-ROS-PDUs.Bind", "value": 1},
    {"source": "TC-Notation-Extensions.ConnectionAS", "target": "TC-Notation-Extensions.APPLICATION-CONTEXT", "value": 1},
    {"source": "TC-Notation-Extensions.ConnectionAS", "target": "Remote-Operations-Generic-ROS-PDUs.Unbind", "value": 1},
    {"source": "TCAPMessages.End", "target": "TCAPMessages.ComponentPortion", "value": 1},
    {"source": "TCAPMessages.End", "target": "TCAPMessages.DestTransactionID", "value": 1},
    {"source": "TCAPMessages.End", "target": "TCAPMessages.DialoguePortion", "value": 1},
    {"source": "TCAPMessages.End", "target": "Remote-Operations-Information-Objects.OPERATION", "value": 1},
    {"source": "UnidialoguePDUs.UniDialoguePDU", "target": "UnidialoguePDUs.AUDT-apdu", "value": 1},
    {"source": "TCAPMessages.Abort", "target": "TCAPMessages.P-AbortCause", "value": 1},
    {"source": "TCAPMessages.Abort", "target": "TCAPMessages.DestTransactionID", "value": 1},
    {"source": "TCAPMessages.Abort", "target": "TCAPMessages.DialoguePortion", "value": 1},
    {"source": "TCAPMessages.ComponentPortion", "target": "TCAPMessages.Component", "value": 1},
    {"source": "TCAPMessages.ComponentPortion", "target": "Remote-Operations-Information-Objects.OPERATION", "value": 1},
    {"source": "TCAP-Examples.subscriberNotReachable", "target": "Remote-Operations-Information-Objects.ERROR", "value": 1},
    {"source": "Remote-Operations-Information-Objects.OPERATION", "target": "Remote-Operations-Information-Objects.Priority", "value": 1},
    {"source": "Remote-Operations-Information-Objects.OPERATION", "target": "Remote-Operations-Information-Objects.Code", "value": 1},
    {"source": "Remote-Operations-Information-Objects.OPERATION", "target": "Remote-Operations-Information-Objects.OPERATION", "value": 1},
    {"source": "Remote-Operations-Information-Objects.OPERATION", "target": "Remote-Operations-Information-Objects.ERROR", "value": 1},
    {"source": "Remote-Operations-Generic-ROS-PDUs.ROS", "target": "Remote-Operations-Generic-ROS-PDUs.Errors", "value": 1},
    {"source": "Remote-Operations-Generic-ROS-PDUs.ROS", "target": "Remote-Operations-Generic-ROS-PDUs.ReturnResult", "value": 1},
    {"source": "Remote-Operations-Generic-ROS-PDUs.ROS", "target": "Remote-Operations-Generic-ROS-PDUs.Reject", "value": 1},
    {"source": "Remote-Operations-Generic-ROS-PDUs.ROS", "target": "Remote-Operations-Information-Objects.OPERATION", "value": 1},
    {"source": "Remote-Operations-Generic-ROS-PDUs.ROS", "target": "Remote-Operations-Generic-ROS-PDUs.ReturnError", "value": 1},
    {"source": "Remote-Operations-Generic-ROS-PDUs.ROS", "target": "Remote-Operations-Generic-ROS-PDUs.Invoke", "value": 1},
    {"source": "Remote-Operations-Generic-ROS-PDUs.ROS", "target": "Remote-Operations-Generic-ROS-PDUs.InvokeId", "value": 1},
    {"source": "TCAPMessages.Begin", "target": "TCAPMessages.DialoguePortion", "value": 1},
    {"source": "TCAPMessages.Begin", "target": "TCAPMessages.ComponentPortion", "value": 1},
    {"source": "TCAPMessages.Begin", "target": "TCAPMessages.OrigTransactionID", "value": 1},
    {"source": "TCAPMessages.Begin", "target": "Remote-Operations-Information-Objects.OPERATION", "value": 1},
    {"source": "Remote-Operations-Useful-Definitions.ROS-ConsumerAS", "target": "Remote-Operations-Information-Objects.OPERATION-PACKAGE", "value": 1},
    {"source": "Remote-Operations-Useful-Definitions.ROS-ConsumerAS", "target": "Remote-Operations-Useful-Definitions.ConsumerPerforms", "value": 1},
    {"source": "Remote-Operations-Useful-Definitions.ROS-ConsumerAS", "target": "Remote-Operations-Generic-ROS-PDUs.ROS", "value": 1},
    {"source": "Remote-Operations-Useful-Definitions.ROS-ConsumerAS", "target": "Remote-Operations-Useful-Definitions.SupplierPerforms", "value": 1},
    {"source": "Remote-Operations-Useful-Definitions.ROS-ConsumerAS", "target": "Remote-Operations-Generic-ROS-PDUs.InvokeId", "value": 1},
    {"source": "Remote-Operations-Information-Objects.ERROR", "target": "Remote-Operations-Information-Objects.Priority", "value": 1},
    {"source": "Remote-Operations-Information-Objects.ERROR", "target": "Remote-Operations-Information-Objects.Code", "value": 1},
    {"source": "DialoguePDUs.DialoguePDU", "target": "DialoguePDUs.AARE-apdu", "value": 1},
    {"source": "DialoguePDUs.DialoguePDU", "target": "DialoguePDUs.AARQ-apdu", "value": 1},
    {"source": "DialoguePDUs.DialoguePDU", "target": "DialoguePDUs.ABRT-apdu", "value": 1},
    {"source": "DialoguePDUs.AARE-apdu", "target": "DialoguePDUs.Associate-result", "value": 1},
    {"source": "DialoguePDUs.AARE-apdu", "target": "DialoguePDUs.Associate-source-diagnostic", "value": 1},
    {"source": "Remote-Operations-Useful-Definitions.Reverse", "target": "Remote-Operations-Useful-Definitions.Forward", "value": 1},
    {"source": "Remote-Operations-Useful-Definitions.Reverse", "target": "Remote-Operations-Information-Objects.OPERATION", "value": 1},
    {"source": "Remote-Operations-Information-Objects.CONNECTION-PACKAGE", "target": "Remote-Operations-Information-Objects.OPERATION", "value": 1},
    {"source": "Remote-Operations-Information-Objects.CONNECTION-PACKAGE", "target": "Remote-Operations-Useful-Definitions.emptyBind", "value": 1},
    {"source": "Remote-Operations-Information-Objects.CONNECTION-PACKAGE", "target": "Remote-Operations-Useful-Definitions.emptyUnbind", "value": 1},
    {"source": "TCAP-Tools.cancelled", "target": "Remote-Operations-Information-Objects.ERROR", "value": 1},
    {"source": "Remote-Operations-Generic-ROS-PDUs.noInvokeId", "target": "Remote-Operations-Generic-ROS-PDUs.InvokeId", "value": 1},
    {"source": "TCAPMessages.TCMessage", "target": "TCAPMessages.Unidirectional", "value": 1},
    {"source": "TCAPMessages.TCMessage", "target": "Remote-Operations-Information-Objects.OPERATION", "value": 1},
    {"source": "TCAPMessages.TCMessage", "target": "TCAPMessages.Abort", "value": 1},
    {"source": "TCAPMessages.TCMessage", "target": "TCAPMessages.Continue", "value": 1},
    {"source": "TCAPMessages.TCMessage", "target": "TCAPMessages.Begin", "value": 1},
    {"source": "TCAPMessages.TCMessage", "target": "TCAPMessages.End", "value": 1},
    {"source": "TC-Notation-Extensions.dialogue-abstract-syntax", "target": "DialoguePDUs.DialoguePDU", "value": 1},
    {"source": "TCAP-Examples.callingPartyAddressNotAvailable", "target": "Remote-Operations-Information-Objects.ERROR", "value": 1},
    {"source": "TC-Notation-Extensions.TCSingleAS", "target": "Remote-Operations-Information-Objects.OPERATION-PACKAGE", "value": 1},
    {"source": "TC-Notation-Extensions.TCSingleAS", "target": "TCAPMessages.TCMessage", "value": 1},
    {"source": "TC-Notation-Extensions.TCSingleAS", "target": "Remote-Operations-Useful-Definitions.AllOperations", "value": 1},
    {"source": "Remote-Operations-Useful-Definitions.SupplierPerforms", "target": "Remote-Operations-Useful-Definitions.Reverse", "value": 1},
    {"source": "Remote-Operations-Useful-Definitions.SupplierPerforms", "target": "Remote-Operations-Information-Objects.OPERATION-PACKAGE", "value": 1},
    {"source": "Remote-Operations-Useful-Definitions.SupplierPerforms", "target": "Remote-Operations-Information-Objects.OPERATION", "value": 1},
    {"source": "Remote-Operations-Useful-Definitions.SupplierPerforms", "target": "Remote-Operations-Useful-Definitions.Forward", "value": 1},
    {"source": "TC-Notation-Extensions.uniDialogue-abstract-syntax", "target": "UnidialoguePDUs.UniDialoguePDU", "value": 1},
    {"source": "TCAP-Examples.processingFailure", "target": "Remote-Operations-Information-Objects.ERROR", "value": 1},
    {"source": "Remote-Operations-Useful-Definitions.ConsumerPerforms", "target": "Remote-Operations-Useful-Definitions.Reverse", "value": 1},
    {"source": "Remote-Operations-Useful-Definitions.ConsumerPerforms", "target": "Remote-Operations-Information-Objects.OPERATION-PACKAGE", "value": 1},
    {"source": "Remote-Operations-Useful-Definitions.ConsumerPerforms", "target": "Remote-Operations-Information-Objects.OPERATION", "value": 1},
    {"source": "Remote-Operations-Useful-Definitions.ConsumerPerforms", "target": "Remote-Operations-Useful-Definitions.Forward", "value": 1},
    {"source": "Remote-Operations-Useful-Definitions.Forward", "target": "Remote-Operations-Information-Objects.OPERATION", "value": 1},
    {"source": "Remote-Operations-Generic-ROS-PDUs.ReturnError", "target": "Remote-Operations-Information-Objects.ERROR", "value": 1},
    {"source": "Remote-Operations-Generic-ROS-PDUs.ReturnError", "target": "Remote-Operations-Information-Objects.ERROR", "value": 1},
    {"source": "Remote-Operations-Generic-ROS-PDUs.ReturnError", "target": "Remote-Operations-Generic-ROS-PDUs.InvokeId", "value": 1},
    {"source": "Remote-Operations-Generic-ROS-PDUs.ReturnError", "target": "Remote-Operations-Information-Objects.ERROR", "value": 1},
    {"source": "Remote-Operations-Useful-Definitions.no-op", "target": "Remote-Operations-Information-Objects.OPERATION", "value": 1},
    {"source": "TC-Notation-Extensions.APPLICATION-CONTEXT", "target": "Remote-Operations-Information-Objects.CONTRACT", "value": 1},
    {"source": "TC-Notation-Extensions.APPLICATION-CONTEXT", "target": "TC-Notation-Extensions.DialogueMode", "value": 1},
    {"source": "TC-Notation-Extensions.APPLICATION-CONTEXT", "target": "TC-Notation-Extensions.Termination", "value": 1},
    {"source": "Remote-Operations-Generic-ROS-PDUs.NoInvokeId", "target": "Remote-Operations-Generic-ROS-PDUs.noInvokeId", "value": 1},
    {"source": "Remote-Operations-Generic-ROS-PDUs.NoInvokeId", "target": "Remote-Operations-Generic-ROS-PDUs.InvokeId", "value": 1},
    {"source": "Remote-Operations-Useful-Definitions.ROS-SupplierAS", "target": "Remote-Operations-Information-Objects.OPERATION-PACKAGE", "value": 1},
    {"source": "Remote-Operations-Useful-Definitions.ROS-SupplierAS", "target": "Remote-Operations-Useful-Definitions.ConsumerPerforms", "value": 1},
    {"source": "Remote-Operations-Useful-Definitions.ROS-SupplierAS", "target": "Remote-Operations-Generic-ROS-PDUs.ROS", "value": 1},
    {"source": "Remote-Operations-Useful-Definitions.ROS-SupplierAS", "target": "Remote-Operations-Useful-Definitions.SupplierPerforms", "value": 1},
    {"source": "Remote-Operations-Useful-Definitions.ROS-SupplierAS", "target": "Remote-Operations-Generic-ROS-PDUs.InvokeId", "value": 1},
    {"source": "Remote-Operations-Information-Objects.ROS-OBJECT-CLASS", "target": "Remote-Operations-Information-Objects.CONTRACT", "value": 1},
    {"source": "Remote-Operations-Information-Objects.ROS-OBJECT-CLASS", "target": "Remote-Operations-Information-Objects.ROS-OBJECT-CLASS", "value": 1},
    {"source": "TCAPMessages.TCInvokeIdSet", "target": "Remote-Operations-Generic-ROS-PDUs.InvokeId", "value": 1},
    {"source": "DialoguePDUs.RLRQ-apdu", "target": "DialoguePDUs.Release-request-reason", "value": 1},
    {"source": "TCAPMessages.Component", "target": "Remote-Operations-Generic-ROS-PDUs.ROS", "value": 1},
    {"source": "TCAPMessages.Component", "target": "TCAPMessages.TCInvokeIdSet", "value": 1},
    {"source": "TCAPMessages.Component", "target": "Remote-Operations-Generic-ROS-PDUs.ROS", "value": 1},
    {"source": "TCAPMessages.Component", "target": "Remote-Operations-Information-Objects.OPERATION", "value": 1},
    {"source": "Remote-Operations-Useful-Definitions.switch", "target": "Remote-Operations-Information-Objects.OPERATION-PACKAGE", "value": 1},
    {"source": "Remote-Operations-Information-Objects.CONTRACT", "target": "Remote-Operations-Information-Objects.CONNECTION-PACKAGE", "value": 1},
    {"source": "Remote-Operations-Information-Objects.CONTRACT", "target": "Remote-Operations-Information-Objects.OPERATION-PACKAGE", "value": 1},
    {"source": "TCAP-Tools.cancelFailed", "target": "TCAP-Tools.CancelProblem", "value": 1},
    {"source": "TCAP-Tools.cancelFailed", "target": "TCAPMessages.TCInvokeIdSet", "value": 1},
    {"source": "TCAP-Tools.cancelFailed", "target": "Remote-Operations-Information-Objects.ERROR", "value": 1},
    {"source": "TCAP-Examples.RequestArgument", "target": "TCAP-Examples.IsdnNumber", "value": 1},
    {"source": "TCAP-Examples.RequestArgument", "target": "TCAP-Examples.BasicServiceIndicator", "value": 1},
    {"source": "Remote-Operations-Useful-Definitions.combine", "target": "Remote-Operations-Information-Objects.OPERATION-PACKAGE", "value": 1},
    {"source": "Remote-Operations-Generic-ROS-PDUs.Reject", "target": "Remote-Operations-Generic-ROS-PDUs.InvokeProblem", "value": 1},
    {"source": "Remote-Operations-Generic-ROS-PDUs.Reject", "target": "Remote-Operations-Generic-ROS-PDUs.GeneralProblem", "value": 1},
    {"source": "Remote-Operations-Generic-ROS-PDUs.Reject", "target": "Remote-Operations-Generic-ROS-PDUs.ReturnResultProblem", "value": 1},
    {"source": "Remote-Operations-Generic-ROS-PDUs.Reject", "target": "Remote-Operations-Generic-ROS-PDUs.ReturnErrorProblem", "value": 1},
    {"source": "Remote-Operations-Generic-ROS-PDUs.Reject", "target": "Remote-Operations-Generic-ROS-PDUs.InvokeId", "value": 1},
    {"source": "Remote-Operations-Generic-ROS-PDUs.Unbind", "target": "Remote-Operations-Information-Objects.OPERATION", "value": 1},
    {"source": "Remote-Operations-Generic-ROS-PDUs.Unbind", "target": "Remote-Operations-Information-Objects.OPERATION", "value": 1},
    {"source": "Remote-Operations-Generic-ROS-PDUs.Unbind", "target": "Remote-Operations-Information-Objects.OPERATION", "value": 1},
    {"source": "Remote-Operations-Generic-ROS-PDUs.Unbind", "target": "Remote-Operations-Information-Objects.OPERATION", "value": 1},
    {"source": "TC-Notation-Extensions.TCConsumerAS", "target": "Remote-Operations-Information-Objects.OPERATION-PACKAGE", "value": 1},
    {"source": "TC-Notation-Extensions.TCConsumerAS", "target": "TCAPMessages.TCMessage", "value": 1},
    {"source": "TC-Notation-Extensions.TCConsumerAS", "target": "Remote-Operations-Useful-Definitions.ConsumerPerforms", "value": 1},
    {"source": "TCAP-Examples.getCallingPartyAddress", "target": "TCAP-Examples.CallingPartyAddress", "value": 1},
    {"source": "TCAP-Examples.getCallingPartyAddress", "target": "Remote-Operations-Information-Objects.OPERATION", "value": 1},
    {"source": "Remote-Operations-Generic-ROS-PDUs.Bind", "target": "Remote-Operations-Information-Objects.OPERATION", "value": 1},
    {"source": "Remote-Operations-Generic-ROS-PDUs.Bind", "target": "Remote-Operations-Information-Objects.OPERATION", "value": 1},
    {"source": "Remote-Operations-Generic-ROS-PDUs.Bind", "target": "Remote-Operations-Information-Objects.OPERATION", "value": 1},
    {"source": "Remote-Operations-Generic-ROS-PDUs.Bind", "target": "Remote-Operations-Information-Objects.OPERATION", "value": 1},
    {"source": "Remote-Operations-Useful-Definitions.emptyBind", "target": "Remote-Operations-Information-Objects.OPERATION", "value": 1},
    {"source": "TCAP-Examples.provideRoutingInformation", "target": "TCAP-Examples.RequestArgument", "value": 1},
    {"source": "TCAP-Examples.provideRoutingInformation", "target": "Remote-Operations-Information-Objects.OPERATION", "value": 1},
    {"source": "TCAP-Examples.provideRoutingInformation", "target": "TCAP-Examples.RoutingInformation", "value": 1},
    {"source": "TCAPMessages.Continue", "target": "TCAPMessages.ComponentPortion", "value": 1},
    {"source": "TCAPMessages.Continue", "target": "TCAPMessages.DialoguePortion", "value": 1},
    {"source": "TCAPMessages.Continue", "target": "TCAPMessages.DestTransactionID", "value": 1},
    {"source": "TCAPMessages.Continue", "target": "TCAPMessages.OrigTransactionID", "value": 1},
    {"source": "TCAPMessages.Continue", "target": "Remote-Operations-Information-Objects.OPERATION", "value": 1},
    {"source": "Remote-Operations-Useful-Definitions.AllOperations", "target": "Remote-Operations-Information-Objects.OPERATION-PACKAGE", "value": 1},
    {"source": "Remote-Operations-Useful-Definitions.AllOperations", "target": "Remote-Operations-Useful-Definitions.SupplierPerforms", "value": 1},
    {"source": "Remote-Operations-Useful-Definitions.AllOperations", "target": "Remote-Operations-Information-Objects.OPERATION", "value": 1},
    {"source": "Remote-Operations-Useful-Definitions.AllOperations", "target": "Remote-Operations-Useful-Definitions.ConsumerPerforms", "value": 1},
    {"source": "TCAP-Examples.calledBarred", "target": "Remote-Operations-Information-Objects.ERROR", "value": 1}
  ]
}
