{
  "_comment": "code automatically generated by pycrate_asn1c",
  "nodes": [
    {"id": "ULP-Components.Version", "group": 2},
    {"id": "ULP-Components.SessionID", "group": 2},
    {"id": "ULP-Components.SetSessionID", "group": 2},
    {"id": "ULP-Components.SETId", "group": 2},
    {"id": "ULP-Components.SlpSessionID", "group": 2},
    {"id": "ULP-Components.IPAddress", "group": 2},
    {"id": "ULP-Components.SLPAddress", "group": 2},
    {"id": "ULP-Components.FQDN", "group": 2},
    {"id": "ULP-Components.Ver", "group": 2},
    {"id": "ULP-Components.LocationId", "group": 2},
    {"id": "ULP-Components.Status", "group": 2},
    {"id": "ULP-Components.CellInfo", "group": 2},
    {"id": "ULP-Components.Position", "group": 2},
    {"id": "ULP-Components.PositionEstimate", "group": 2},
    {"id": "ULP-Components.AltitudeInfo", "group": 2},
    {"id": "ULP-Components.CdmaCellInformation", "group": 2},
    {"id": "ULP-Components.GsmCellInformation", "group": 2},
    {"id": "ULP-Components.WcdmaCellInformation", "group": 2},
    {"id": "ULP-Components.TimingAdvance", "group": 2},
    {"id": "ULP-Components.TAResolution", "group": 2},
    {"id": "ULP-Components.ChipRate", "group": 2},
    {"id": "ULP-Components.FrequencyInfo", "group": 2},
    {"id": "ULP-Components.FrequencyInfoFDD", "group": 2},
    {"id": "ULP-Components.FrequencyInfoTDD", "group": 2},
    {"id": "ULP-Components.UARFCN", "group": 2},
    {"id": "ULP-Components.NMR", "group": 2},
    {"id": "ULP-Components.NMRelement", "group": 2},
    {"id": "ULP-Components.MeasuredResults", "group": 2},
    {"id": "ULP-Components.UTRA-CarrierRSSI", "group": 2},
    {"id": "ULP-Components.CellMeasuredResults", "group": 2},
    {"id": "ULP-Components.CellParametersID", "group": 2},
    {"id": "ULP-Components.TGSN", "group": 2},
    {"id": "ULP-Components.PrimaryCCPCH-RSCP", "group": 2},
    {"id": "ULP-Components.TimeslotISCP", "group": 2},
    {"id": "ULP-Components.PrimaryCPICH-Info", "group": 2},
    {"id": "ULP-Components.CPICH-Ec-N0", "group": 2},
    {"id": "ULP-Components.CPICH-RSCP", "group": 2},
    {"id": "ULP-Components.Pathloss", "group": 2},
    {"id": "ULP-Components.maxCellMeas", "group": 2},
    {"id": "ULP-Components.maxFreq", "group": 2},
    {"id": "ULP-Components.maxTS", "group": 2},
    {"id": "ULP-Components.StatusCode", "group": 2},
    {"id": "ULP-Components.QoP", "group": 2},
    {"id": "ULP-Components.Velocity", "group": 2},
    {"id": "ULP-Components.Horvel", "group": 2},
    {"id": "ULP-Components.Horandvervel", "group": 2},
    {"id": "ULP-Components.Horveluncert", "group": 2},
    {"id": "ULP-Components.Horandveruncert", "group": 2},
    {"id": "ULP-Components.PosMethod", "group": 2},
    {"id": "Ver2-ULP-Components.LocationIdData", "group": 3},
    {"id": "Ver2-ULP-Components.RelativeTime", "group": 3},
    {"id": "Ver2-ULP-Components.maxLidSize", "group": 3},
    {"id": "Ver2-ULP-Components.SupportedNetworkInformation", "group": 3},
    {"id": "Ver2-ULP-Components.SupportedWLANInfo", "group": 3},
    {"id": "Ver2-ULP-Components.maxWLANApDataSize", "group": 3},
    {"id": "Ver2-ULP-Components.SupportedWLANApsList", "group": 3},
    {"id": "Ver2-ULP-Components.SupportedWLANApsChannel11a", "group": 3},
    {"id": "Ver2-ULP-Components.SupportedWLANApsChannel11bg", "group": 3},
    {"id": "Ver2-ULP-Components.SupportedWLANApData", "group": 3},
    {"id": "Ver2-ULP-Components.SupportedWCDMAInfo", "group": 3},
    {"id": "Ver2-ULP-Components.Ver2-CellInfo-extension", "group": 3},
    {"id": "Ver2-ULP-Components.HrpdCellInformation", "group": 3},
    {"id": "Ver2-ULP-Components.UmbCellInformation", "group": 3},
    {"id": "Ver2-ULP-Components.LteCellInformation", "group": 3},
    {"id": "Ver2-ULP-Components.MeasResultEUTRA", "group": 3},
    {"id": "Ver2-ULP-Components.PhysCellId", "group": 3},
    {"id": "Ver2-ULP-Components.TrackingAreaCode", "group": 3},
    {"id": "Ver2-ULP-Components.CellGlobalIdEUTRA", "group": 3},
    {"id": "Ver2-ULP-Components.PLMN-Identity", "group": 3},
    {"id": "Ver2-ULP-Components.CellIdentity", "group": 3},
    {"id": "Ver2-ULP-Components.MCC", "group": 3},
    {"id": "Ver2-ULP-Components.MNC", "group": 3},
    {"id": "Ver2-ULP-Components.MCC-MNC-Digit", "group": 3},
    {"id": "Ver2-ULP-Components.RSRP-Range", "group": 3},
    {"id": "Ver2-ULP-Components.RSRQ-Range", "group": 3},
    {"id": "Ver2-ULP-Components.maxCellReport", "group": 3},
    {"id": "Ver2-ULP-Components.WlanAPInformation", "group": 3},
    {"id": "Ver2-ULP-Components.RTD", "group": 3},
    {"id": "Ver2-ULP-Components.RTDUnits", "group": 3},
    {"id": "Ver2-ULP-Components.ReportedLocation", "group": 3},
    {"id": "Ver2-ULP-Components.LocationEncodingDescriptor", "group": 3},
    {"id": "Ver2-ULP-Components.LocationData", "group": 3},
    {"id": "Ver2-ULP-Components.RepLocation", "group": 3},
    {"id": "Ver2-ULP-Components.LciLocData", "group": 3},
    {"id": "Ver2-ULP-Components.LocationDataLCI", "group": 3},
    {"id": "Ver2-ULP-Components.WimaxBSInformation", "group": 3},
    {"id": "Ver2-ULP-Components.WimaxBsID", "group": 3},
    {"id": "Ver2-ULP-Components.WimaxRTD", "group": 3},
    {"id": "Ver2-ULP-Components.WimaxNMR", "group": 3},
    {"id": "Ver2-ULP-Components.maxWimaxBSMeas", "group": 3},
    {"id": "Ver2-ULP-Components.UTRAN-GPSReferenceTimeAssistance", "group": 3},
    {"id": "Ver2-ULP-Components.UTRAN-GPSReferenceTime", "group": 3},
    {"id": "Ver2-ULP-Components.UTRANGPSDriftRate", "group": 3},
    {"id": "Ver2-ULP-Components.UTRAN-GPSReferenceTimeResult", "group": 3},
    {"id": "Ver2-ULP-Components.UTRAN-GANSSReferenceTimeAssistance", "group": 3},
    {"id": "Ver2-ULP-Components.UTRAN-GANSSReferenceTime", "group": 3},
    {"id": "Ver2-ULP-Components.UTRANGANSSDriftRate", "group": 3},
    {"id": "Ver2-ULP-Components.UTRAN-GANSSReferenceTimeResult", "group": 3},
    {"id": "Ver2-ULP-Components.SET-GANSSReferenceTime", "group": 3},
    {"id": "Ver2-ULP-Components.GNSSPosTechnology", "group": 3},
    {"id": "Ver2-ULP-Components.GANSSSignals", "group": 3},
    {"id": "Ver2-ULP-Components.SPCSETKey", "group": 3},
    {"id": "Ver2-ULP-Components.SPCTID", "group": 3},
    {"id": "Ver2-ULP-Components.SPCSETKeylifetime", "group": 3},
    {"id": "Ver2-ULP-Components.CauseCode", "group": 3},
    {"id": "Ver2-ULP-Components.ThirdParty", "group": 3},
    {"id": "Ver2-ULP-Components.ThirdPartyID", "group": 3},
    {"id": "Ver2-ULP-Components.ApplicationID", "group": 3},
    {"id": "Ver2-ULP-Components.ReportingCap", "group": 3},
    {"id": "Ver2-ULP-Components.RepMode", "group": 3},
    {"id": "Ver2-ULP-Components.BatchRepCap", "group": 3},
    {"id": "Ver2-ULP-Components.Coordinate", "group": 3},
    {"id": "Ver2-ULP-Components.CircularArea", "group": 3},
    {"id": "Ver2-ULP-Components.EllipticalArea", "group": 3},
    {"id": "Ver2-ULP-Components.PolygonArea", "group": 3},
    {"id": "Ver2-ULP-Components.PolygonDescription", "group": 3},
    {"id": "SUPL-INIT.SUPLINIT", "group": 4},
    {"id": "SUPL-INIT.NotificationType", "group": 4},
    {"id": "SUPL-INIT.EncodingType", "group": 4},
    {"id": "SUPL-INIT.maxReqLength", "group": 4},
    {"id": "SUPL-INIT.maxClientLength", "group": 4},
    {"id": "SUPL-INIT.FormatIndicator", "group": 4},
    {"id": "SUPL-INIT.SLPMode", "group": 4},
    {"id": "SUPL-INIT.MAC", "group": 4},
    {"id": "SUPL-INIT.KeyIdentity", "group": 4},
    {"id": "SUPL-START.SUPLSTART", "group": 5},
    {"id": "SUPL-START.SETCapabilities", "group": 5},
    {"id": "SUPL-START.PosTechnology", "group": 5},
    {"id": "SUPL-START.PrefMethod", "group": 5},
    {"id": "SUPL-START.PosProtocol", "group": 5},
    {"id": "SUPL-RESPONSE.SUPLRESPONSE", "group": 6},
    {"id": "SUPL-RESPONSE.SETAuthKey", "group": 6},
    {"id": "SUPL-RESPONSE.KeyIdentity4", "group": 6},
    {"id": "SUPL-POS-INIT.SUPLPOSINIT", "group": 7},
    {"id": "SUPL-POS-INIT.RequestedAssistData", "group": 7},
    {"id": "SUPL-POS-INIT.NavigationModel", "group": 7},
    {"id": "SUPL-POS-INIT.SatelliteInfo", "group": 7},
    {"id": "SUPL-POS-INIT.SatelliteInfoElement", "group": 7},
    {"id": "SUPL-POS.SUPLPOS", "group": 8},
    {"id": "SUPL-POS.PosPayLoad", "group": 8},
    {"id": "SUPL-END.SUPLEND", "group": 9},
    {"id": "SUPL-AUTH-REQ.SUPLAUTHREQ", "group": 10},
    {"id": "SUPL-AUTH-RESP.SUPLAUTHRESP", "group": 11},
    {"id": "SUPL-NOTIFY.Ver2-SUPLNOTIFY", "group": 12},
    {"id": "SUPL-NOTIFY-RESPONSE.Ver2-SUPLNOTIFYRESPONSE", "group": 13},
    {"id": "SUPL-NOTIFY-RESPONSE.NotificationResponse", "group": 13},
    {"id": "SUPL-SET-INIT.Ver2-SUPLSETINIT", "group": 14},
    {"id": "SUPL-TRIGGERED-START.Ver2-SUPLTRIGGEREDSTART", "group": 15},
    {"id": "SUPL-TRIGGERED-START.TriggerType", "group": 15},
    {"id": "SUPL-TRIGGERED-START.TriggerParams", "group": 15},
    {"id": "SUPL-TRIGGERED-START.PeriodicParams", "group": 15},
    {"id": "SUPL-TRIGGERED-START.AreaEventType", "group": 15},
    {"id": "SUPL-TRIGGERED-START.RepeatedReportingParams", "group": 15},
    {"id": "SUPL-TRIGGERED-START.GeographicTargetArea", "group": 15},
    {"id": "SUPL-TRIGGERED-START.AreaIdList", "group": 15},
    {"id": "SUPL-TRIGGERED-START.AreaId", "group": 15},
    {"id": "SUPL-TRIGGERED-START.GSMAreaId", "group": 15},
    {"id": "SUPL-TRIGGERED-START.WCDMAAreaId", "group": 15},
    {"id": "SUPL-TRIGGERED-START.CDMAAreaId", "group": 15},
    {"id": "SUPL-TRIGGERED-START.HRPDAreaId", "group": 15},
    {"id": "SUPL-TRIGGERED-START.UMBAreaId", "group": 15},
    {"id": "SUPL-TRIGGERED-START.LTEAreaId", "group": 15},
    {"id": "SUPL-TRIGGERED-START.WLANAreaId", "group": 15},
    {"id": "SUPL-TRIGGERED-START.WimaxAreaId", "group": 15},
    {"id": "SUPL-TRIGGERED-START.AreaIdSetType", "group": 15},
    {"id": "SUPL-TRIGGERED-START.maxNumGeoArea", "group": 15},
    {"id": "SUPL-TRIGGERED-START.maxAreaId", "group": 15},
    {"id": "SUPL-TRIGGERED-START.maxAreaIdList", "group": 15},
    {"id": "SUPL-TRIGGERED-RESPONSE.Ver2-SUPLTRIGGEREDRESPONSE", "group": 16},
    {"id": "SUPL-TRIGGERED-RESPONSE.ReportingMode", "group": 16},
    {"id": "SUPL-TRIGGERED-RESPONSE.RepModee", "group": 16},
    {"id": "SUPL-TRIGGERED-RESPONSE.BatchRepConditions", "group": 16},
    {"id": "SUPL-TRIGGERED-RESPONSE.BatchRepType", "group": 16},
    {"id": "SUPL-REPORT.Ver2-SUPLREPORT", "group": 17},
    {"id": "SUPL-REPORT.SessionInformation", "group": 17},
    {"id": "SUPL-REPORT.maxnumSessions", "group": 17},
    {"id": "SUPL-REPORT.ReportDataList", "group": 17},
    {"id": "SUPL-REPORT.ReportData", "group": 17},
    {"id": "SUPL-REPORT.PositionData", "group": 17},
    {"id": "SUPL-REPORT.GANSSSignalsDescription", "group": 17},
    {"id": "SUPL-REPORT.ResultCode", "group": 17},
    {"id": "SUPL-REPORT.TimeStamp", "group": 17},
    {"id": "SUPL-TRIGGERED-STOP.Ver2-SUPLTRIGGEREDSTOP", "group": 18},
    {"id": "ULP-Version-2-message-extensions.Ver2-SUPL-INIT-extension", "group": 19},
    {"id": "ULP-Version-2-message-extensions.NotificationMode", "group": 19},
    {"id": "ULP-Version-2-message-extensions.HistoricReporting", "group": 19},
    {"id": "ULP-Version-2-message-extensions.AllowedReportingType", "group": 19},
    {"id": "ULP-Version-2-message-extensions.ReportingCriteria", "group": 19},
    {"id": "ULP-Version-2-message-extensions.TimeWindow", "group": 19},
    {"id": "ULP-Version-2-message-extensions.ProtectionLevel", "group": 19},
    {"id": "ULP-Version-2-message-extensions.ProtLevel", "group": 19},
    {"id": "ULP-Version-2-message-extensions.BasicProtectionParams", "group": 19},
    {"id": "ULP-Version-2-message-extensions.Ver2-SUPL-START-extension", "group": 19},
    {"id": "ULP-Version-2-message-extensions.Ver2-SUPL-RESPONSE-extension", "group": 19},
    {"id": "ULP-Version-2-message-extensions.Ver2-SUPL-POS-INIT-extension", "group": 19},
    {"id": "ULP-Version-2-message-extensions.Ver2-SUPL-POS-extension", "group": 19},
    {"id": "ULP-Version-2-message-extensions.Ver2-SUPL-END-extension", "group": 19},
    {"id": "ULP-Version-2-parameter-extensions.Ver2-Notification-extension", "group": 20},
    {"id": "ULP-Version-2-parameter-extensions.Ver2-SETCapabilities-extension", "group": 20},
    {"id": "ULP-Version-2-parameter-extensions.ServiceCapabilities", "group": 20},
    {"id": "ULP-Version-2-parameter-extensions.ServicesSupported", "group": 20},
    {"id": "ULP-Version-2-parameter-extensions.EventTriggerCapabilities", "group": 20},
    {"id": "ULP-Version-2-parameter-extensions.GeoAreaShapesSupported", "group": 20},
    {"id": "ULP-Version-2-parameter-extensions.SessionCapabilities", "group": 20},
    {"id": "ULP-Version-2-parameter-extensions.SupportedBearers", "group": 20},
    {"id": "ULP-Version-2-parameter-extensions.Ver2-PosProtocol-extension", "group": 20},
    {"id": "ULP-Version-2-parameter-extensions.PosProtocolVersion3GPP", "group": 20},
    {"id": "ULP-Version-2-parameter-extensions.PosProtocolVersion3GPP2", "group": 20},
    {"id": "ULP-Version-2-parameter-extensions.Supported3GPP2PosProtocolVersion", "group": 20},
    {"id": "ULP-Version-2-parameter-extensions.PosProtocolVersionOMA", "group": 20},
    {"id": "ULP-Version-2-parameter-extensions.Ver2-PosTechnology-extension", "group": 20},
    {"id": "ULP-Version-2-parameter-extensions.GANSSPositionMethods", "group": 20},
    {"id": "ULP-Version-2-parameter-extensions.GANSSPositionMethod", "group": 20},
    {"id": "ULP-Version-2-parameter-extensions.GANSSPositioningMethodTypes", "group": 20},
    {"id": "ULP-Version-2-parameter-extensions.Ver2-RequestedAssistData-extension", "group": 20},
    {"id": "ULP-Version-2-parameter-extensions.GanssRequestedCommonAssistanceDataList", "group": 20},
    {"id": "ULP-Version-2-parameter-extensions.GanssReqGenericData", "group": 20},
    {"id": "ULP-Version-2-parameter-extensions.DGANSS-Sig-Id-Req", "group": 20},
    {"id": "ULP-Version-2-parameter-extensions.BDS-Sig-Id-Req", "group": 20},
    {"id": "ULP-Version-2-parameter-extensions.GanssNavigationModelData", "group": 20},
    {"id": "ULP-Version-2-parameter-extensions.SatellitesListRelatedData", "group": 20},
    {"id": "ULP-Version-2-parameter-extensions.maxGANSS", "group": 20},
    {"id": "ULP-Version-2-parameter-extensions.maxGANSSSat", "group": 20},
    {"id": "ULP-Version-2-parameter-extensions.GanssDataBits", "group": 20},
    {"id": "ULP-Version-2-parameter-extensions.ReqDataBitAssistanceList", "group": 20},
    {"id": "ULP-Version-2-parameter-extensions.GanssAdditionalDataChoices", "group": 20},
    {"id": "ULP-Version-2-parameter-extensions.ExtendedEphemeris", "group": 20},
    {"id": "ULP-Version-2-parameter-extensions.ExtendedEphCheck", "group": 20},
    {"id": "ULP-Version-2-parameter-extensions.GanssExtendedEphCheck", "group": 20},
    {"id": "ULP-Version-2-parameter-extensions.GPSTime", "group": 20},
    {"id": "ULP-Version-2-parameter-extensions.GANSSextEphTime", "group": 20},
    {"id": "ULP-Version-2-parameter-extensions.Ver2-PosPayLoad-extension", "group": 20},
    {"id": "ULP.ULP-PDU", "group": 21},
    {"id": "ULP.UlpMessage", "group": 21},
    {"id": "ULP-Components.MeasuredResultsList", "group": 2},
    {"id": "ULP-Components.CellMeasuredResultsList", "group": 2},
    {"id": "ULP-Components.TimeslotISCP-List", "group": 2},
    {"id": "Ver2-ULP-Components.MultipleLocationIds", "group": 3},
    {"id": "Ver2-ULP-Components.MeasResultListEUTRA", "group": 3},
    {"id": "Ver2-ULP-Components.WimaxNMRList", "group": 3},
    {"id": "SUPL-INIT.Notification", "group": 4},
    {"id": "SUPL-TRIGGERED-START.AreaEventParams", "group": 15},
    {"id": "SUPL-TRIGGERED-START.GeographicTargetAreaList", "group": 15},
    {"id": "SUPL-TRIGGERED-START.AreaIdSet", "group": 15},
    {"id": "SUPL-TRIGGERED-START.GeoAreaMappingList", "group": 15},
    {"id": "SUPL-TRIGGERED-START.GeoAreaIndex", "group": 15},
    {"id": "SUPL-REPORT.SessionList", "group": 17},
    {"id": "SUPL-REPORT.GANSSsignalsInfo", "group": 17},
    {"id": "ULP-Version-2-parameter-extensions.GanssRequestedGenericAssistanceDataList", "group": 20}
  ],
  "links": [
    {"source": "Ver2-ULP-Components.PolygonArea", "target": "Ver2-ULP-Components.PolygonDescription", "value": 1},
    {"source": "ULP-Components.FrequencyInfoFDD", "target": "ULP-Components.UARFCN", "value": 1},
    {"source": "Ver2-ULP-Components.SPCTID", "target": "ULP-Components.FQDN", "value": 1},
    {"source": "ULP-Version-2-parameter-extensions.GanssNavigationModelData", "target": "ULP-Version-2-parameter-extensions.SatellitesListRelatedDataList", "value": 1},
    {"source": "SUPL-POS-INIT.SatelliteInfo", "target": "SUPL-POS-INIT.SatelliteInfoElement", "value": 1},
    {"source": "Ver2-ULP-Components.LocationIdData", "target": "Ver2-ULP-Components.RelativeTime", "value": 1},
    {"source": "Ver2-ULP-Components.LocationIdData", "target": "ULP-Components.LocationId", "value": 1},
    {"source": "SUPL-POS.PosPayLoad", "target": "ULP-Version-2-parameter-extensions.Ver2-PosPayLoad-extension", "value": 1},
    {"source": "ULP-Version-2-message-extensions.ReportingCriteria", "target": "ULP-Version-2-message-extensions.TimeWindow", "value": 1},
    {"source": "ULP-Components.MeasuredResultsList", "target": "ULP-Components.maxFreq", "value": 1},
    {"source": "ULP-Components.MeasuredResultsList", "target": "ULP-Components.MeasuredResults", "value": 1},
    {"source": "ULP-Version-2-parameter-extensions.GanssDataBits", "target": "ULP-Version-2-parameter-extensions.ReqDataBitAssistanceList", "value": 1},
    {"source": "SUPL-TRIGGERED-START.GeographicTargetArea", "target": "Ver2-ULP-Components.PolygonArea", "value": 1},
    {"source": "SUPL-TRIGGERED-START.GeographicTargetArea", "target": "Ver2-ULP-Components.CircularArea", "value": 1},
    {"source": "SUPL-TRIGGERED-START.GeographicTargetArea", "target": "Ver2-ULP-Components.EllipticalArea", "value": 1},
    {"source": "ULP-Version-2-parameter-extensions.GanssReqGenericData", "target": "ULP-Version-2-parameter-extensions.GanssNavigationModelData", "value": 1},
    {"source": "ULP-Version-2-parameter-extensions.GanssReqGenericData", "target": "ULP-Version-2-parameter-extensions.DGANSS-Sig-Id-Req", "value": 1},
    {"source": "ULP-Version-2-parameter-extensions.GanssReqGenericData", "target": "ULP-Version-2-parameter-extensions.GanssExtendedEphCheck", "value": 1},
    {"source": "ULP-Version-2-parameter-extensions.GanssReqGenericData", "target": "ULP-Version-2-parameter-extensions.GanssDataBits", "value": 1},
    {"source": "ULP-Version-2-parameter-extensions.GanssReqGenericData", "target": "ULP-Version-2-parameter-extensions.BDS-Sig-Id-Req", "value": 1},
    {"source": "ULP-Version-2-parameter-extensions.GanssReqGenericData", "target": "ULP-Version-2-parameter-extensions.ExtendedEphemeris", "value": 1},
    {"source": "ULP-Version-2-parameter-extensions.GanssReqGenericData", "target": "ULP-Version-2-parameter-extensions.GanssAdditionalDataChoices", "value": 1},
    {"source": "ULP-Components.MeasuredResults", "target": "ULP-Components.UTRA-CarrierRSSI", "value": 1},
    {"source": "ULP-Components.MeasuredResults", "target": "ULP-Components.FrequencyInfo", "value": 1},
    {"source": "ULP-Components.MeasuredResults", "target": "ULP-Components.CellMeasuredResultsList", "value": 1},
    {"source": "ULP-Version-2-parameter-extensions.Ver2-SETCapabilities-extension", "target": "ULP-Version-2-parameter-extensions.SupportedBearers", "value": 1},
    {"source": "ULP-Version-2-parameter-extensions.Ver2-SETCapabilities-extension", "target": "ULP-Version-2-parameter-extensions.ServiceCapabilities", "value": 1},
    {"source": "ULP-Version-2-message-extensions.Ver2-SUPL-INIT-extension", "target": "ULP-Components.SLPAddress", "value": 1},
    {"source": "ULP-Version-2-message-extensions.Ver2-SUPL-INIT-extension", "target": "SUPL-TRIGGERED-START.TriggerType", "value": 1},
    {"source": "ULP-Version-2-message-extensions.Ver2-SUPL-INIT-extension", "target": "ULP-Version-2-message-extensions.NotificationMode", "value": 1},
    {"source": "ULP-Version-2-message-extensions.Ver2-SUPL-INIT-extension", "target": "Ver2-ULP-Components.GNSSPosTechnology", "value": 1},
    {"source": "ULP-Version-2-message-extensions.Ver2-SUPL-INIT-extension", "target": "ULP-Version-2-message-extensions.HistoricReporting", "value": 1},
    {"source": "ULP-Version-2-message-extensions.Ver2-SUPL-INIT-extension", "target": "Ver2-ULP-Components.SupportedNetworkInformation", "value": 1},
    {"source": "ULP-Version-2-message-extensions.Ver2-SUPL-INIT-extension", "target": "ULP-Version-2-message-extensions.ProtectionLevel", "value": 1},
    {"source": "Ver2-ULP-Components.MultipleLocationIds", "target": "Ver2-ULP-Components.maxLidSize", "value": 1},
    {"source": "Ver2-ULP-Components.MultipleLocationIds", "target": "Ver2-ULP-Components.LocationIdData", "value": 1},
    {"source": "Ver2-ULP-Components.PLMN-Identity", "target": "Ver2-ULP-Components.MCC", "value": 1},
    {"source": "Ver2-ULP-Components.PLMN-Identity", "target": "Ver2-ULP-Components.MNC", "value": 1},
    {"source": "SUPL-REPORT.SessionList", "target": "SUPL-REPORT.maxnumSessions", "value": 1},
    {"source": "SUPL-REPORT.SessionList", "target": "SUPL-REPORT.SessionInformation", "value": 1},
    {"source": "Ver2-ULP-Components.UTRAN-GPSReferenceTimeAssistance", "target": "Ver2-ULP-Components.UTRAN-GPSReferenceTime", "value": 1},
    {"source": "Ver2-ULP-Components.UTRAN-GPSReferenceTimeAssistance", "target": "Ver2-ULP-Components.UTRANGPSDriftRate", "value": 1},
    {"source": "Ver2-ULP-Components.WimaxNMRList", "target": "Ver2-ULP-Components.WimaxNMR", "value": 1},
    {"source": "Ver2-ULP-Components.WimaxNMRList", "target": "Ver2-ULP-Components.maxWimaxBSMeas", "value": 1},
    {"source": "SUPL-POS-INIT.RequestedAssistData", "target": "ULP-Version-2-parameter-extensions.Ver2-RequestedAssistData-extension", "value": 1},
    {"source": "SUPL-POS-INIT.RequestedAssistData", "target": "SUPL-POS-INIT.NavigationModel", "value": 1},
    {"source": "ULP-Version-2-message-extensions.Ver2-SUPL-END-extension", "target": "SUPL-START.SETCapabilities", "value": 1},
    {"source": "ULP-Components.CellInfo", "target": "ULP-Components.WcdmaCellInformation", "value": 1},
    {"source": "ULP-Components.CellInfo", "target": "Ver2-ULP-Components.Ver2-CellInfo-extension", "value": 1},
    {"source": "ULP-Components.CellInfo", "target": "ULP-Components.GsmCellInformation", "value": 1},
    {"source": "ULP-Components.CellInfo", "target": "ULP-Components.CdmaCellInformation", "value": 1},
    {"source": "Ver2-ULP-Components.UTRAN-GANSSReferenceTime", "target": "ULP-Components.PrimaryCPICH-Info", "value": 1},
    {"source": "Ver2-ULP-Components.UTRAN-GANSSReferenceTime", "target": "ULP-Components.CellParametersID", "value": 1},
    {"source": "SUPL-POS-INIT.NavigationModel", "target": "SUPL-POS-INIT.SatelliteInfo", "value": 1},
    {"source": "ULP.UlpMessage", "target": "SUPL-START.SUPLSTART", "value": 1},
    {"source": "ULP.UlpMessage", "target": "SUPL-END.SUPLEND", "value": 1},
    {"source": "ULP.UlpMessage", "target": "SUPL-TRIGGERED-RESPONSE.Ver2-SUPLTRIGGEREDRESPONSE", "value": 1},
    {"source": "ULP.UlpMessage", "target": "SUPL-RESPONSE.SUPLRESPONSE", "value": 1},
    {"source": "ULP.UlpMessage", "target": "SUPL-SET-INIT.Ver2-SUPLSETINIT", "value": 1},
    {"source": "ULP.UlpMessage", "target": "SUPL-TRIGGERED-STOP.Ver2-SUPLTRIGGEREDSTOP", "value": 1},
    {"source": "ULP.UlpMessage", "target": "SUPL-INIT.SUPLINIT", "value": 1},
    {"source": "ULP.UlpMessage", "target": "SUPL-NOTIFY.Ver2-SUPLNOTIFY", "value": 1},
    {"source": "ULP.UlpMessage", "target": "SUPL-AUTH-REQ.SUPLAUTHREQ", "value": 1},
    {"source": "ULP.UlpMessage", "target": "SUPL-REPORT.Ver2-SUPLREPORT", "value": 1},
    {"source": "ULP.UlpMessage", "target": "SUPL-POS.SUPLPOS", "value": 1},
    {"source": "ULP.UlpMessage", "target": "SUPL-POS-INIT.SUPLPOSINIT", "value": 1},
    {"source": "ULP.UlpMessage", "target": "SUPL-TRIGGERED-START.Ver2-SUPLTRIGGEREDSTART", "value": 1},
    {"source": "ULP.UlpMessage", "target": "SUPL-AUTH-RESP.SUPLAUTHRESP", "value": 1},
    {"source": "ULP.UlpMessage", "target": "SUPL-NOTIFY-RESPONSE.Ver2-SUPLNOTIFYRESPONSE", "value": 1},
    {"source": "SUPL-RESPONSE.SUPLRESPONSE", "target": "SUPL-RESPONSE.KeyIdentity4", "value": 1},
    {"source": "SUPL-RESPONSE.SUPLRESPONSE", "target": "ULP-Components.SLPAddress", "value": 1},
    {"source": "SUPL-RESPONSE.SUPLRESPONSE", "target": "SUPL-RESPONSE.SETAuthKey", "value": 1},
    {"source": "SUPL-RESPONSE.SUPLRESPONSE", "target": "ULP-Version-2-message-extensions.Ver2-SUPL-RESPONSE-extension", "value": 1},
    {"source": "SUPL-RESPONSE.SUPLRESPONSE", "target": "ULP-Components.PosMethod", "value": 1},
    {"source": "ULP-Version-2-message-extensions.Ver2-SUPL-POS-INIT-extension", "target": "Ver2-ULP-Components.UTRAN-GPSReferenceTimeResult", "value": 1},
    {"source": "ULP-Version-2-message-extensions.Ver2-SUPL-POS-INIT-extension", "target": "Ver2-ULP-Components.UTRAN-GANSSReferenceTimeResult", "value": 1},
    {"source": "ULP-Version-2-message-extensions.Ver2-SUPL-POS-INIT-extension", "target": "Ver2-ULP-Components.MultipleLocationIds", "value": 1},
    {"source": "ULP-Components.NMR", "target": "ULP-Components.NMRelement", "value": 1},
    {"source": "SUPL-INIT.Notification", "target": "SUPL-INIT.maxReqLength", "value": 1},
    {"source": "SUPL-INIT.Notification", "target": "SUPL-INIT.FormatIndicator", "value": 1},
    {"source": "SUPL-INIT.Notification", "target": "SUPL-INIT.maxClientLength", "value": 1},
    {"source": "SUPL-INIT.Notification", "target": "SUPL-INIT.NotificationType", "value": 1},
    {"source": "SUPL-INIT.Notification", "target": "ULP-Version-2-parameter-extensions.Ver2-Notification-extension", "value": 1},
    {"source": "SUPL-INIT.Notification", "target": "SUPL-INIT.EncodingType", "value": 1},
    {"source": "ULP-Components.SetSessionID", "target": "ULP-Components.SETId", "value": 1},
    {"source": "SUPL-START.SETCapabilities", "target": "SUPL-START.PosTechnology", "value": 1},
    {"source": "SUPL-START.SETCapabilities", "target": "SUPL-START.PosProtocol", "value": 1},
    {"source": "SUPL-START.SETCapabilities", "target": "ULP-Version-2-parameter-extensions.Ver2-SETCapabilities-extension", "value": 1},
    {"source": "SUPL-START.SETCapabilities", "target": "SUPL-START.PrefMethod", "value": 1},
    {"source": "SUPL-TRIGGERED-RESPONSE.Ver2-SUPLTRIGGEREDRESPONSE", "target": "SUPL-TRIGGERED-START.TriggerParams", "value": 1},
    {"source": "SUPL-TRIGGERED-RESPONSE.Ver2-SUPLTRIGGEREDRESPONSE", "target": "ULP-Components.SLPAddress", "value": 1},
    {"source": "SUPL-TRIGGERED-RESPONSE.Ver2-SUPLTRIGGEREDRESPONSE", "target": "Ver2-ULP-Components.SupportedNetworkInformation", "value": 1},
    {"source": "SUPL-TRIGGERED-RESPONSE.Ver2-SUPLTRIGGEREDRESPONSE", "target": "ULP-Components.PosMethod", "value": 1},
    {"source": "SUPL-TRIGGERED-RESPONSE.Ver2-SUPLTRIGGEREDRESPONSE", "target": "Ver2-ULP-Components.SPCSETKeylifetime", "value": 1},
    {"source": "SUPL-TRIGGERED-RESPONSE.Ver2-SUPLTRIGGEREDRESPONSE", "target": "Ver2-ULP-Components.SPCSETKey", "value": 1},
    {"source": "SUPL-TRIGGERED-RESPONSE.Ver2-SUPLTRIGGEREDRESPONSE", "target": "Ver2-ULP-Components.GNSSPosTechnology", "value": 1},
    {"source": "SUPL-TRIGGERED-RESPONSE.Ver2-SUPLTRIGGEREDRESPONSE", "target": "Ver2-ULP-Components.SPCTID", "value": 1},
    {"source": "SUPL-TRIGGERED-RESPONSE.Ver2-SUPLTRIGGEREDRESPONSE", "target": "SUPL-TRIGGERED-RESPONSE.ReportingMode", "value": 1},
    {"source": "Ver2-ULP-Components.MNC", "target": "Ver2-ULP-Components.MCC-MNC-Digit", "value": 1},
    {"source": "SUPL-REPORT.ReportDataList", "target": "SUPL-REPORT.ReportData", "value": 1},
    {"source": "ULP-Version-2-message-extensions.Ver2-SUPL-RESPONSE-extension", "target": "Ver2-ULP-Components.SupportedNetworkInformation", "value": 1},
    {"source": "ULP-Version-2-message-extensions.Ver2-SUPL-RESPONSE-extension", "target": "Ver2-ULP-Components.SPCSETKeylifetime", "value": 1},
    {"source": "ULP-Version-2-message-extensions.Ver2-SUPL-RESPONSE-extension", "target": "Ver2-ULP-Components.SPCSETKey", "value": 1},
    {"source": "ULP-Version-2-message-extensions.Ver2-SUPL-RESPONSE-extension", "target": "Ver2-ULP-Components.GNSSPosTechnology", "value": 1},
    {"source": "ULP-Version-2-message-extensions.Ver2-SUPL-RESPONSE-extension", "target": "Ver2-ULP-Components.SPCTID", "value": 1},
    {"source": "ULP-Version-2-message-extensions.Ver2-SUPL-RESPONSE-extension", "target": "ULP-Components.Position", "value": 1},
    {"source": "Ver2-ULP-Components.MCC", "target": "Ver2-ULP-Components.MCC-MNC-Digit", "value": 1},
    {"source": "Ver2-ULP-Components.MeasResultListEUTRA", "target": "Ver2-ULP-Components.maxCellReport", "value": 1},
    {"source": "Ver2-ULP-Components.MeasResultListEUTRA", "target": "Ver2-ULP-Components.MeasResultEUTRA", "value": 1},
    {"source": "SUPL-TRIGGERED-START.GeoAreaMappingList", "target": "SUPL-TRIGGERED-START.maxNumGeoArea", "value": 1},
    {"source": "SUPL-TRIGGERED-START.GeoAreaMappingList", "target": "SUPL-TRIGGERED-START.GeoAreaIndex", "value": 1},
    {"source": "ULP-Components.GsmCellInformation", "target": "ULP-Components.NMR", "value": 1},
    {"source": "SUPL-TRIGGERED-START.Ver2-SUPLTRIGGEREDSTART", "target": "SUPL-START.SETCapabilities", "value": 1},
    {"source": "SUPL-TRIGGERED-START.Ver2-SUPLTRIGGEREDSTART", "target": "Ver2-ULP-Components.ApplicationID", "value": 1},
    {"source": "SUPL-TRIGGERED-START.Ver2-SUPLTRIGGEREDSTART", "target": "SUPL-TRIGGERED-START.TriggerType", "value": 1},
    {"source": "SUPL-TRIGGERED-START.Ver2-SUPLTRIGGEREDSTART", "target": "ULP-Components.LocationId", "value": 1},
    {"source": "SUPL-TRIGGERED-START.Ver2-SUPLTRIGGEREDSTART", "target": "ULP-Components.QoP", "value": 1},
    {"source": "SUPL-TRIGGERED-START.Ver2-SUPLTRIGGEREDSTART", "target": "ULP-Components.Position", "value": 1},
    {"source": "SUPL-TRIGGERED-START.Ver2-SUPLTRIGGEREDSTART", "target": "SUPL-TRIGGERED-START.TriggerParams", "value": 1},
    {"source": "SUPL-TRIGGERED-START.Ver2-SUPLTRIGGEREDSTART", "target": "ULP-Components.Ver", "value": 1},
    {"source": "SUPL-TRIGGERED-START.Ver2-SUPLTRIGGEREDSTART", "target": "Ver2-ULP-Components.MultipleLocationIds", "value": 1},
    {"source": "SUPL-TRIGGERED-START.Ver2-SUPLTRIGGEREDSTART", "target": "Ver2-ULP-Components.CauseCode", "value": 1},
    {"source": "SUPL-TRIGGERED-START.Ver2-SUPLTRIGGEREDSTART", "target": "Ver2-ULP-Components.ThirdParty", "value": 1},
    {"source": "SUPL-TRIGGERED-START.Ver2-SUPLTRIGGEREDSTART", "target": "Ver2-ULP-Components.ReportingCap", "value": 1},
    {"source": "Ver2-ULP-Components.SET-GANSSReferenceTime", "target": "ULP-Components.PrimaryCPICH-Info", "value": 1},
    {"source": "Ver2-ULP-Components.SET-GANSSReferenceTime", "target": "ULP-Components.CellParametersID", "value": 1},
    {"source": "ULP-Components.TimingAdvance", "target": "ULP-Components.TAResolution", "value": 1},
    {"source": "ULP-Components.TimingAdvance", "target": "ULP-Components.ChipRate", "value": 1},
    {"source": "ULP-Version-2-message-extensions.Ver2-SUPL-POS-extension", "target": "Ver2-ULP-Components.UTRAN-GANSSReferenceTimeAssistance", "value": 1},
    {"source": "ULP-Version-2-message-extensions.Ver2-SUPL-POS-extension", "target": "Ver2-ULP-Components.UTRAN-GPSReferenceTimeResult", "value": 1},
    {"source": "ULP-Version-2-message-extensions.Ver2-SUPL-POS-extension", "target": "Ver2-ULP-Components.UTRAN-GPSReferenceTimeAssistance", "value": 1},
    {"source": "ULP-Version-2-message-extensions.Ver2-SUPL-POS-extension", "target": "Ver2-ULP-Components.UTRAN-GANSSReferenceTimeResult", "value": 1},
    {"source": "SUPL-TRIGGERED-STOP.Ver2-SUPLTRIGGEREDSTOP", "target": "ULP-Components.StatusCode", "value": 1},
    {"source": "SUPL-INIT.SUPLINIT", "target": "ULP-Components.SLPAddress", "value": 1},
    {"source": "SUPL-INIT.SUPLINIT", "target": "SUPL-INIT.KeyIdentity", "value": 1},
    {"source": "SUPL-INIT.SUPLINIT", "target": "ULP-Version-2-message-extensions.Ver2-SUPL-INIT-extension", "value": 1},
    {"source": "SUPL-INIT.SUPLINIT", "target": "ULP-Components.PosMethod", "value": 1},
    {"source": "SUPL-INIT.SUPLINIT", "target": "SUPL-INIT.SLPMode", "value": 1},
    {"source": "SUPL-INIT.SUPLINIT", "target": "SUPL-INIT.Notification", "value": 1},
    {"source": "SUPL-INIT.SUPLINIT", "target": "SUPL-INIT.MAC", "value": 1},
    {"source": "SUPL-INIT.SUPLINIT", "target": "ULP-Components.QoP", "value": 1},
    {"source": "SUPL-TRIGGERED-START.GeographicTargetAreaList", "target": "SUPL-TRIGGERED-START.maxNumGeoArea", "value": 1},
    {"source": "SUPL-TRIGGERED-START.GeographicTargetAreaList", "target": "SUPL-TRIGGERED-START.GeographicTargetArea", "value": 1},
    {"source": "Ver2-ULP-Components.WimaxNMR", "target": "Ver2-ULP-Components.ReportedLocation", "value": 1},
    {"source": "Ver2-ULP-Components.WimaxNMR", "target": "Ver2-ULP-Components.WimaxBsID", "value": 1},
    {"source": "ULP-Components.SlpSessionID", "target": "ULP-Components.SLPAddress", "value": 1},
    {"source": "SUPL-AUTH-RESP.SUPLAUTHRESP", "target": "Ver2-ULP-Components.SPCSETKey", "value": 1},
    {"source": "SUPL-AUTH-RESP.SUPLAUTHRESP", "target": "Ver2-ULP-Components.SPCTID", "value": 1},
    {"source": "SUPL-AUTH-RESP.SUPLAUTHRESP", "target": "Ver2-ULP-Components.SPCSETKeylifetime", "value": 1},
    {"source": "SUPL-START.SUPLSTART", "target": "SUPL-START.SETCapabilities", "value": 1},
    {"source": "SUPL-START.SUPLSTART", "target": "ULP-Version-2-message-extensions.Ver2-SUPL-START-extension", "value": 1},
    {"source": "SUPL-START.SUPLSTART", "target": "ULP-Components.QoP", "value": 1},
    {"source": "SUPL-START.SUPLSTART", "target": "ULP-Components.LocationId", "value": 1},
    {"source": "SUPL-END.SUPLEND", "target": "ULP-Version-2-message-extensions.Ver2-SUPL-END-extension", "value": 1},
    {"source": "SUPL-END.SUPLEND", "target": "ULP-Components.StatusCode", "value": 1},
    {"source": "SUPL-END.SUPLEND", "target": "ULP-Components.Ver", "value": 1},
    {"source": "SUPL-END.SUPLEND", "target": "ULP-Components.Position", "value": 1},
    {"source": "ULP-Version-2-parameter-extensions.Ver2-RequestedAssistData-extension", "target": "ULP-Version-2-parameter-extensions.GanssRequestedGenericAssistanceDataList", "value": 1},
    {"source": "ULP-Version-2-parameter-extensions.Ver2-RequestedAssistData-extension", "target": "ULP-Version-2-parameter-extensions.GanssRequestedCommonAssistanceDataList", "value": 1},
    {"source": "ULP-Version-2-parameter-extensions.Ver2-RequestedAssistData-extension", "target": "ULP-Version-2-parameter-extensions.ExtendedEphCheck", "value": 1},
    {"source": "ULP-Version-2-parameter-extensions.Ver2-RequestedAssistData-extension", "target": "ULP-Version-2-parameter-extensions.ExtendedEphemeris", "value": 1},
    {"source": "ULP-Components.LocationId", "target": "ULP-Components.CellInfo", "value": 1},
    {"source": "ULP-Components.LocationId", "target": "ULP-Components.Status", "value": 1},
    {"source": "SUPL-START.PosTechnology", "target": "ULP-Version-2-parameter-extensions.Ver2-PosTechnology-extension", "value": 1},
    {"source": "ULP-Components.Velocity", "target": "ULP-Components.Horvel", "value": 1},
    {"source": "ULP-Components.Velocity", "target": "ULP-Components.Horandvervel", "value": 1},
    {"source": "ULP-Components.Velocity", "target": "ULP-Components.Horveluncert", "value": 1},
    {"source": "ULP-Components.Velocity", "target": "ULP-Components.Horandveruncert", "value": 1},
    {"source": "Ver2-ULP-Components.UTRAN-GANSSReferenceTimeAssistance", "target": "Ver2-ULP-Components.UTRAN-GANSSReferenceTime", "value": 1},
    {"source": "Ver2-ULP-Components.UTRAN-GANSSReferenceTimeAssistance", "target": "Ver2-ULP-Components.UTRANGANSSDriftRate", "value": 1},
    {"source": "SUPL-TRIGGERED-START.GeoAreaIndex", "target": "SUPL-TRIGGERED-START.maxNumGeoArea", "value": 1},
    {"source": "Ver2-ULP-Components.RTD", "target": "Ver2-ULP-Components.RTDUnits", "value": 1},
    {"source": "ULP-Version-2-parameter-extensions.GANSSPositionMethod", "target": "ULP-Version-2-parameter-extensions.GANSSPositioningMethodTypes", "value": 1},
    {"source": "ULP-Version-2-parameter-extensions.GANSSPositionMethod", "target": "Ver2-ULP-Components.GANSSSignals", "value": 1},
    {"source": "ULP-Version-2-parameter-extensions.Ver2-PosProtocol-extension", "target": "ULP-Version-2-parameter-extensions.PosProtocolVersionOMA", "value": 1},
    {"source": "ULP-Version-2-parameter-extensions.Ver2-PosProtocol-extension", "target": "ULP-Version-2-parameter-extensions.PosProtocolVersion3GPP2", "value": 1},
    {"source": "ULP-Version-2-parameter-extensions.Ver2-PosProtocol-extension", "target": "ULP-Version-2-parameter-extensions.PosProtocolVersion3GPP", "value": 1},
    {"source": "SUPL-SET-INIT.Ver2-SUPLSETINIT", "target": "Ver2-ULP-Components.ApplicationID", "value": 1},
    {"source": "SUPL-SET-INIT.Ver2-SUPLSETINIT", "target": "ULP-Components.SETId", "value": 1},
    {"source": "SUPL-SET-INIT.Ver2-SUPLSETINIT", "target": "ULP-Components.QoP", "value": 1},
    {"source": "Ver2-ULP-Components.UTRAN-GANSSReferenceTimeResult", "target": "Ver2-ULP-Components.SET-GANSSReferenceTime", "value": 1},
    {"source": "SUPL-NOTIFY.Ver2-SUPLNOTIFY", "target": "SUPL-INIT.Notification", "value": 1},
    {"source": "SUPL-TRIGGERED-START.AreaIdList", "target": "SUPL-TRIGGERED-START.AreaIdSet", "value": 1},
    {"source": "SUPL-TRIGGERED-START.AreaIdList", "target": "SUPL-TRIGGERED-START.GeoAreaMappingList", "value": 1},
    {"source": "SUPL-TRIGGERED-START.AreaIdList", "target": "SUPL-TRIGGERED-START.AreaIdSetType", "value": 1},
    {"source": "Ver2-ULP-Components.WimaxBSInformation", "target": "Ver2-ULP-Components.WimaxNMRList", "value": 1},
    {"source": "Ver2-ULP-Components.WimaxBSInformation", "target": "Ver2-ULP-Components.WimaxBsID", "value": 1},
    {"source": "Ver2-ULP-Components.WimaxBSInformation", "target": "Ver2-ULP-Components.WimaxRTD", "value": 1},
    {"source": "ULP-Version-2-parameter-extensions.SatellitesListRelatedDataList", "target": "ULP-Version-2-parameter-extensions.maxGANSSSat", "value": 1},
    {"source": "ULP-Version-2-parameter-extensions.SatellitesListRelatedDataList", "target": "ULP-Version-2-parameter-extensions.SatellitesListRelatedData", "value": 1},
    {"source": "ULP-Version-2-parameter-extensions.Ver2-PosTechnology-extension", "target": "ULP-Version-2-parameter-extensions.GANSSPositionMethods", "value": 1},
    {"source": "Ver2-ULP-Components.UTRAN-GPSReferenceTime", "target": "ULP-Components.PrimaryCPICH-Info", "value": 1},
    {"source": "Ver2-ULP-Components.UTRAN-GPSReferenceTime", "target": "ULP-Components.CellParametersID", "value": 1},
    {"source": "SUPL-TRIGGERED-START.TriggerParams", "target": "SUPL-TRIGGERED-START.PeriodicParams", "value": 1},
    {"source": "SUPL-TRIGGERED-START.TriggerParams", "target": "SUPL-TRIGGERED-START.AreaEventParams", "value": 1},
    {"source": "Ver2-ULP-Components.UTRAN-GPSReferenceTimeResult", "target": "ULP-Components.PrimaryCPICH-Info", "value": 1},
    {"source": "Ver2-ULP-Components.UTRAN-GPSReferenceTimeResult", "target": "ULP-Components.CellParametersID", "value": 1},
    {"source": "SUPL-REPORT.PositionData", "target": "Ver2-ULP-Components.GNSSPosTechnology", "value": 1},
    {"source": "SUPL-REPORT.PositionData", "target": "SUPL-REPORT.GANSSsignalsInfo", "value": 1},
    {"source": "SUPL-REPORT.PositionData", "target": "ULP-Components.PosMethod", "value": 1},
    {"source": "SUPL-REPORT.PositionData", "target": "ULP-Components.Position", "value": 1},
    {"source": "SUPL-TRIGGERED-START.AreaId", "target": "SUPL-TRIGGERED-START.CDMAAreaId", "value": 1},
    {"source": "SUPL-TRIGGERED-START.AreaId", "target": "SUPL-TRIGGERED-START.UMBAreaId", "value": 1},
    {"source": "SUPL-TRIGGERED-START.AreaId", "target": "SUPL-TRIGGERED-START.WCDMAAreaId", "value": 1},
    {"source": "SUPL-TRIGGERED-START.AreaId", "target": "SUPL-TRIGGERED-START.WLANAreaId", "value": 1},
    {"source": "SUPL-TRIGGERED-START.AreaId", "target": "SUPL-TRIGGERED-START.WimaxAreaId", "value": 1},
    {"source": "SUPL-TRIGGERED-START.AreaId", "target": "SUPL-TRIGGERED-START.LTEAreaId", "value": 1},
    {"source": "SUPL-TRIGGERED-START.AreaId", "target": "SUPL-TRIGGERED-START.GSMAreaId", "value": 1},
    {"source": "SUPL-TRIGGERED-START.AreaId", "target": "SUPL-TRIGGERED-START.HRPDAreaId", "value": 1},
    {"source": "Ver2-ULP-Components.RepLocation", "target": "Ver2-ULP-Components.LciLocData", "value": 1},
    {"source": "ULP-Version-2-parameter-extensions.GanssExtendedEphCheck", "target": "ULP-Version-2-parameter-extensions.GANSSextEphTime", "value": 1},
    {"source": "Ver2-ULP-Components.CircularArea", "target": "Ver2-ULP-Components.Coordinate", "value": 1},
    {"source": "Ver2-ULP-Components.CellGlobalIdEUTRA", "target": "Ver2-ULP-Components.PLMN-Identity", "value": 1},
    {"source": "Ver2-ULP-Components.CellGlobalIdEUTRA", "target": "Ver2-ULP-Components.CellIdentity", "value": 1},
    {"source": "Ver2-ULP-Components.PolygonDescription", "target": "Ver2-ULP-Components.Coordinate", "value": 1},
    {"source": "Ver2-ULP-Components.MeasResultEUTRA", "target": "Ver2-ULP-Components.PhysCellId", "value": 1},
    {"source": "Ver2-ULP-Components.MeasResultEUTRA", "target": "Ver2-ULP-Components.RSRQ-Range", "value": 1},
    {"source": "Ver2-ULP-Components.MeasResultEUTRA", "target": "Ver2-ULP-Components.TrackingAreaCode", "value": 1},
    {"source": "Ver2-ULP-Components.MeasResultEUTRA", "target": "Ver2-ULP-Components.RSRP-Range", "value": 1},
    {"source": "Ver2-ULP-Components.MeasResultEUTRA", "target": "Ver2-ULP-Components.CellGlobalIdEUTRA", "value": 1},
    {"source": "Ver2-ULP-Components.ReportingCap", "target": "Ver2-ULP-Components.BatchRepCap", "value": 1},
    {"source": "Ver2-ULP-Components.ReportingCap", "target": "Ver2-ULP-Components.RepMode", "value": 1},
    {"source": "ULP-Version-2-parameter-extensions.GanssRequestedGenericAssistanceDataList", "target": "ULP-Version-2-parameter-extensions.maxGANSS", "value": 1},
    {"source": "ULP-Version-2-parameter-extensions.GanssRequestedGenericAssistanceDataList", "target": "ULP-Version-2-parameter-extensions.GanssReqGenericData", "value": 1},
    {"source": "SUPL-TRIGGERED-START.AreaEventParams", "target": "SUPL-TRIGGERED-START.maxAreaIdList", "value": 1},
    {"source": "SUPL-TRIGGERED-START.AreaEventParams", "target": "SUPL-TRIGGERED-START.AreaIdList", "value": 1},
    {"source": "SUPL-TRIGGERED-START.AreaEventParams", "target": "SUPL-TRIGGERED-START.GeographicTargetAreaList", "value": 1},
    {"source": "SUPL-TRIGGERED-START.AreaEventParams", "target": "SUPL-TRIGGERED-START.RepeatedReportingParams", "value": 1},
    {"source": "SUPL-TRIGGERED-START.AreaEventParams", "target": "SUPL-TRIGGERED-START.AreaEventType", "value": 1},
    {"source": "SUPL-AUTH-REQ.SUPLAUTHREQ", "target": "SUPL-START.SETCapabilities", "value": 1},
    {"source": "SUPL-AUTH-REQ.SUPLAUTHREQ", "target": "ULP-Components.Ver", "value": 1},
    {"source": "ULP.ULP-PDU", "target": "ULP.UlpMessage", "value": 1},
    {"source": "ULP.ULP-PDU", "target": "ULP-Components.Version", "value": 1},
    {"source": "ULP.ULP-PDU", "target": "ULP-Components.SessionID", "value": 1},
    {"source": "SUPL-REPORT.Ver2-SUPLREPORT", "target": "SUPL-START.SETCapabilities", "value": 1},
    {"source": "SUPL-REPORT.Ver2-SUPLREPORT", "target": "SUPL-REPORT.SessionList", "value": 1},
    {"source": "SUPL-REPORT.Ver2-SUPLREPORT", "target": "SUPL-REPORT.ReportDataList", "value": 1},
    {"source": "SUPL-REPORT.Ver2-SUPLREPORT", "target": "ULP-Components.Ver", "value": 1},
    {"source": "ULP-Components.PositionEstimate", "target": "ULP-Components.AltitudeInfo", "value": 1},
    {"source": "SUPL-REPORT.SessionInformation", "target": "ULP-Components.SessionID", "value": 1},
    {"source": "ULP-Version-2-parameter-extensions.ReqDataBitAssistanceList", "target": "Ver2-ULP-Components.GANSSSignals", "value": 1},
    {"source": "ULP-Version-2-parameter-extensions.ReqDataBitAssistanceList", "target": "ULP-Version-2-parameter-extensions.maxGANSSSat", "value": 1},
    {"source": "SUPL-POS-INIT.SUPLPOSINIT", "target": "SUPL-START.SETCapabilities", "value": 1},
    {"source": "SUPL-POS-INIT.SUPLPOSINIT", "target": "SUPL-POS.SUPLPOS", "value": 1},
    {"source": "SUPL-POS-INIT.SUPLPOSINIT", "target": "ULP-Components.Ver", "value": 1},
    {"source": "SUPL-POS-INIT.SUPLPOSINIT", "target": "ULP-Components.LocationId", "value": 1},
    {"source": "SUPL-POS-INIT.SUPLPOSINIT", "target": "SUPL-POS-INIT.RequestedAssistData", "value": 1},
    {"source": "SUPL-POS-INIT.SUPLPOSINIT", "target": "ULP-Version-2-message-extensions.Ver2-SUPL-POS-INIT-extension", "value": 1},
    {"source": "SUPL-POS-INIT.SUPLPOSINIT", "target": "ULP-Components.Position", "value": 1},
    {"source": "ULP-Components.CellMeasuredResults", "target": "ULP-Components.PrimaryCCPCH-RSCP", "value": 1},
    {"source": "ULP-Components.CellMeasuredResults", "target": "ULP-Components.CellParametersID", "value": 1},
    {"source": "ULP-Components.CellMeasuredResults", "target": "ULP-Components.Pathloss", "value": 1},
    {"source": "ULP-Components.CellMeasuredResults", "target": "ULP-Components.TGSN", "value": 1},
    {"source": "ULP-Components.CellMeasuredResults", "target": "ULP-Components.TimeslotISCP-List", "value": 1},
    {"source": "ULP-Components.CellMeasuredResults", "target": "ULP-Components.PrimaryCPICH-Info", "value": 1},
    {"source": "ULP-Components.CellMeasuredResults", "target": "ULP-Components.CPICH-RSCP", "value": 1},
    {"source": "ULP-Components.CellMeasuredResults", "target": "ULP-Components.CPICH-Ec-N0", "value": 1},
    {"source": "ULP-Components.TimeslotISCP-List", "target": "ULP-Components.TimeslotISCP", "value": 1},
    {"source": "ULP-Components.TimeslotISCP-List", "target": "ULP-Components.maxTS", "value": 1},
    {"source": "Ver2-ULP-Components.LciLocData", "target": "Ver2-ULP-Components.LocationDataLCI", "value": 1},
    {"source": "SUPL-REPORT.ReportData", "target": "SUPL-REPORT.ResultCode", "value": 1},
    {"source": "SUPL-REPORT.ReportData", "target": "Ver2-ULP-Components.MultipleLocationIds", "value": 1},
    {"source": "SUPL-REPORT.ReportData", "target": "SUPL-REPORT.TimeStamp", "value": 1},
    {"source": "SUPL-REPORT.ReportData", "target": "SUPL-REPORT.PositionData", "value": 1},
    {"source": "Ver2-ULP-Components.SupportedNetworkInformation", "target": "Ver2-ULP-Components.SupportedWLANApsList", "value": 1},
    {"source": "Ver2-ULP-Components.SupportedNetworkInformation", "target": "Ver2-ULP-Components.SupportedWLANInfo", "value": 1},
    {"source": "Ver2-ULP-Components.SupportedNetworkInformation", "target": "Ver2-ULP-Components.SupportedWCDMAInfo", "value": 1},
    {"source": "ULP-Version-2-parameter-extensions.GANSSPositionMethods", "target": "ULP-Version-2-parameter-extensions.GANSSPositionMethod", "value": 1},
    {"source": "Ver2-ULP-Components.LteCellInformation", "target": "Ver2-ULP-Components.MeasResultListEUTRA", "value": 1},
    {"source": "Ver2-ULP-Components.LteCellInformation", "target": "Ver2-ULP-Components.CellGlobalIdEUTRA", "value": 1},
    {"source": "Ver2-ULP-Components.LteCellInformation", "target": "Ver2-ULP-Components.PhysCellId", "value": 1},
    {"source": "Ver2-ULP-Components.LteCellInformation", "target": "Ver2-ULP-Components.RSRQ-Range", "value": 1},
    {"source": "Ver2-ULP-Components.LteCellInformation", "target": "Ver2-ULP-Components.TrackingAreaCode", "value": 1},
    {"source": "Ver2-ULP-Components.LteCellInformation", "target": "Ver2-ULP-Components.RSRP-Range", "value": 1},
    {"source": "Ver2-ULP-Components.ThirdParty", "target": "Ver2-ULP-Components.ThirdPartyID", "value": 1},
    {"source": "ULP-Components.CellMeasuredResultsList", "target": "ULP-Components.maxCellMeas", "value": 1},
    {"source": "ULP-Components.CellMeasuredResultsList", "target": "ULP-Components.CellMeasuredResults", "value": 1},
    {"source": "ULP-Version-2-message-extensions.Ver2-SUPL-START-extension", "target": "Ver2-ULP-Components.ApplicationID", "value": 1},
    {"source": "ULP-Version-2-message-extensions.Ver2-SUPL-START-extension", "target": "ULP-Components.Position", "value": 1},
    {"source": "ULP-Version-2-message-extensions.Ver2-SUPL-START-extension", "target": "Ver2-ULP-Components.ThirdParty", "value": 1},
    {"source": "ULP-Version-2-message-extensions.Ver2-SUPL-START-extension", "target": "Ver2-ULP-Components.MultipleLocationIds", "value": 1},
    {"source": "SUPL-START.PosProtocol", "target": "ULP-Version-2-parameter-extensions.Ver2-PosProtocol-extension", "value": 1},
    {"source": "SUPL-NOTIFY-RESPONSE.Ver2-SUPLNOTIFYRESPONSE", "target": "SUPL-NOTIFY-RESPONSE.NotificationResponse", "value": 1},
    {"source": "Ver2-ULP-Components.Ver2-CellInfo-extension", "target": "Ver2-ULP-Components.WimaxBSInformation", "value": 1},
    {"source": "Ver2-ULP-Components.Ver2-CellInfo-extension", "target": "Ver2-ULP-Components.LteCellInformation", "value": 1},
    {"source": "Ver2-ULP-Components.Ver2-CellInfo-extension", "target": "Ver2-ULP-Components.HrpdCellInformation", "value": 1},
    {"source": "Ver2-ULP-Components.Ver2-CellInfo-extension", "target": "Ver2-ULP-Components.WlanAPInformation", "value": 1},
    {"source": "Ver2-ULP-Components.Ver2-CellInfo-extension", "target": "Ver2-ULP-Components.UmbCellInformation", "value": 1},
    {"source": "Ver2-ULP-Components.WlanAPInformation", "target": "Ver2-ULP-Components.RTD", "value": 1},
    {"source": "Ver2-ULP-Components.WlanAPInformation", "target": "Ver2-ULP-Components.ReportedLocation", "value": 1},
    {"source": "Ver2-ULP-Components.WlanAPInformation", "target": "Ver2-ULP-Components.RepLocation", "value": 1},
    {"source": "Ver2-ULP-Components.EllipticalArea", "target": "Ver2-ULP-Components.Coordinate", "value": 1},
    {"source": "SUPL-REPORT.GANSSSignalsDescription", "target": "Ver2-ULP-Components.GANSSSignals", "value": 1},
    {"source": "ULP-Version-2-message-extensions.HistoricReporting", "target": "ULP-Version-2-message-extensions.ReportingCriteria", "value": 1},
    {"source": "ULP-Version-2-message-extensions.HistoricReporting", "target": "ULP-Version-2-message-extensions.AllowedReportingType", "value": 1},
    {"source": "ULP-Components.FrequencyInfoTDD", "target": "ULP-Components.UARFCN", "value": 1},
    {"source": "Ver2-ULP-Components.SupportedWLANApsList", "target": "Ver2-ULP-Components.SupportedWLANApsChannel11a", "value": 1},
    {"source": "Ver2-ULP-Components.SupportedWLANApsList", "target": "Ver2-ULP-Components.SupportedWLANApsChannel11bg", "value": 1},
    {"source": "Ver2-ULP-Components.SupportedWLANApsList", "target": "Ver2-ULP-Components.maxWLANApDataSize", "value": 1},
    {"source": "Ver2-ULP-Components.SupportedWLANApsList", "target": "Ver2-ULP-Components.SupportedWLANApData", "value": 1},
    {"source": "ULP-Components.SessionID", "target": "ULP-Components.SlpSessionID", "value": 1},
    {"source": "ULP-Components.SessionID", "target": "ULP-Components.SetSessionID", "value": 1},
    {"source": "ULP-Version-2-parameter-extensions.PosProtocolVersion3GPP2", "target": "ULP-Version-2-parameter-extensions.Supported3GPP2PosProtocolVersion", "value": 1},
    {"source": "Ver2-ULP-Components.ReportedLocation", "target": "Ver2-ULP-Components.LocationData", "value": 1},
    {"source": "Ver2-ULP-Components.ReportedLocation", "target": "Ver2-ULP-Components.LocationEncodingDescriptor", "value": 1},
    {"source": "SUPL-TRIGGERED-RESPONSE.ReportingMode", "target": "SUPL-TRIGGERED-RESPONSE.BatchRepConditions", "value": 1},
    {"source": "SUPL-TRIGGERED-RESPONSE.ReportingMode", "target": "SUPL-TRIGGERED-RESPONSE.BatchRepType", "value": 1},
    {"source": "SUPL-TRIGGERED-RESPONSE.ReportingMode", "target": "SUPL-TRIGGERED-RESPONSE.RepModee", "value": 1},
    {"source": "ULP-Components.WcdmaCellInformation", "target": "ULP-Components.TimingAdvance", "value": 1},
    {"source": "ULP-Components.WcdmaCellInformation", "target": "ULP-Components.FrequencyInfo", "value": 1},
    {"source": "ULP-Components.WcdmaCellInformation", "target": "ULP-Components.MeasuredResultsList", "value": 1},
    {"source": "ULP-Version-2-parameter-extensions.ServiceCapabilities", "target": "Ver2-ULP-Components.ReportingCap", "value": 1},
    {"source": "ULP-Version-2-parameter-extensions.ServiceCapabilities", "target": "ULP-Version-2-parameter-extensions.SessionCapabilities", "value": 1},
    {"source": "ULP-Version-2-parameter-extensions.ServiceCapabilities", "target": "ULP-Version-2-parameter-extensions.EventTriggerCapabilities", "value": 1},
    {"source": "ULP-Version-2-parameter-extensions.ServiceCapabilities", "target": "ULP-Version-2-parameter-extensions.ServicesSupported", "value": 1},
    {"source": "ULP-Version-2-message-extensions.ProtectionLevel", "target": "ULP-Version-2-message-extensions.BasicProtectionParams", "value": 1},
    {"source": "ULP-Version-2-message-extensions.ProtectionLevel", "target": "ULP-Version-2-message-extensions.ProtLevel", "value": 1},
    {"source": "ULP-Version-2-parameter-extensions.EventTriggerCapabilities", "target": "SUPL-TRIGGERED-START.maxNumGeoArea", "value": 1},
    {"source": "ULP-Version-2-parameter-extensions.EventTriggerCapabilities", "target": "SUPL-TRIGGERED-START.maxAreaIdList", "value": 1},
    {"source": "ULP-Version-2-parameter-extensions.EventTriggerCapabilities", "target": "ULP-Version-2-parameter-extensions.GeoAreaShapesSupported", "value": 1},
    {"source": "ULP-Version-2-parameter-extensions.EventTriggerCapabilities", "target": "SUPL-TRIGGERED-START.maxAreaId", "value": 1},
    {"source": "ULP-Components.Position", "target": "ULP-Components.PositionEstimate", "value": 1},
    {"source": "ULP-Components.Position", "target": "ULP-Components.Velocity", "value": 1},
    {"source": "ULP-Components.FrequencyInfo", "target": "ULP-Components.FrequencyInfoFDD", "value": 1},
    {"source": "ULP-Components.FrequencyInfo", "target": "ULP-Components.FrequencyInfoTDD", "value": 1},
    {"source": "ULP-Components.SLPAddress", "target": "ULP-Components.FQDN", "value": 1},
    {"source": "ULP-Components.SLPAddress", "target": "ULP-Components.IPAddress", "value": 1},
    {"source": "SUPL-POS.SUPLPOS", "target": "ULP-Version-2-message-extensions.Ver2-SUPL-POS-extension", "value": 1},
    {"source": "SUPL-POS.SUPLPOS", "target": "ULP-Components.Velocity", "value": 1},
    {"source": "SUPL-POS.SUPLPOS", "target": "SUPL-POS.PosPayLoad", "value": 1},
    {"source": "ULP-Version-2-parameter-extensions.ExtendedEphCheck", "target": "ULP-Version-2-parameter-extensions.GPSTime", "value": 1},
    {"source": "SUPL-TRIGGERED-START.AreaIdSet", "target": "SUPL-TRIGGERED-START.maxAreaId", "value": 1},
    {"source": "SUPL-TRIGGERED-START.AreaIdSet", "target": "SUPL-TRIGGERED-START.AreaId", "value": 1},
    {"source": "ULP-Components.SETId", "target": "ULP-Components.IPAddress", "value": 1},
    {"source": "SUPL-REPORT.GANSSsignalsInfo", "target": "ULP-Version-2-parameter-extensions.maxGANSS", "value": 1},
    {"source": "SUPL-REPORT.GANSSsignalsInfo", "target": "SUPL-REPORT.GANSSSignalsDescription", "value": 1}
  ]
}
