{
  "_comment": "code automatically generated by pycrate_asn1c",
  "nodes": [
    {"id": "_IMPL_.REAL", "group": 0},
    {"id": "_IMPL_.EXTERNAL", "group": 0},
    {"id": "_IMPL_.EMBEDDED PDV", "group": 0},
    {"id": "_IMPL_.CHARACTER STRING", "group": 0},
    {"id": "_IMPL_.TYPE-IDENTIFIER", "group": 0},
    {"id": "_IMPL_.ABSTRACT-SYNTAX", "group": 0},
    {"id": "LPP-PDU-Definitions.LPP-Message", "group": 2},
    {"id": "LPP-PDU-Definitions.SequenceNumber", "group": 2},
    {"id": "LPP-PDU-Definitions.Acknowledgement", "group": 2},
    {"id": "LPP-PDU-Definitions.LPP-MessageBody", "group": 2},
    {"id": "LPP-PDU-Definitions.LPP-TransactionID", "group": 2},
    {"id": "LPP-PDU-Definitions.Initiator", "group": 2},
    {"id": "LPP-PDU-Definitions.TransactionNumber", "group": 2},
    {"id": "LPP-PDU-Definitions.RequestCapabilities", "group": 2},
    {"id": "LPP-PDU-Definitions.RequestCapabilities-r9-IEs", "group": 2},
    {"id": "LPP-PDU-Definitions.ProvideCapabilities", "group": 2},
    {"id": "LPP-PDU-Definitions.ProvideCapabilities-r9-IEs", "group": 2},
    {"id": "LPP-PDU-Definitions.RequestAssistanceData", "group": 2},
    {"id": "LPP-PDU-Definitions.RequestAssistanceData-r9-IEs", "group": 2},
    {"id": "LPP-PDU-Definitions.ProvideAssistanceData", "group": 2},
    {"id": "LPP-PDU-Definitions.ProvideAssistanceData-r9-IEs", "group": 2},
    {"id": "LPP-PDU-Definitions.RequestLocationInformation", "group": 2},
    {"id": "LPP-PDU-Definitions.RequestLocationInformation-r9-IEs", "group": 2},
    {"id": "LPP-PDU-Definitions.ProvideLocationInformation", "group": 2},
    {"id": "LPP-PDU-Definitions.ProvideLocationInformation-r9-IEs", "group": 2},
    {"id": "LPP-PDU-Definitions.Abort", "group": 2},
    {"id": "LPP-PDU-Definitions.Abort-r9-IEs", "group": 2},
    {"id": "LPP-PDU-Definitions.Error", "group": 2},
    {"id": "LPP-PDU-Definitions.Error-r9-IEs", "group": 2},
    {"id": "LPP-PDU-Definitions.AccessTypes", "group": 2},
    {"id": "LPP-PDU-Definitions.ARFCN-ValueEUTRA", "group": 2},
    {"id": "LPP-PDU-Definitions.ARFCN-ValueEUTRA-v9a0", "group": 2},
    {"id": "LPP-PDU-Definitions.maxEARFCN", "group": 2},
    {"id": "LPP-PDU-Definitions.maxEARFCN-Plus1", "group": 2},
    {"id": "LPP-PDU-Definitions.maxEARFCN2", "group": 2},
    {"id": "LPP-PDU-Definitions.ARFCN-ValueUTRA", "group": 2},
    {"id": "LPP-PDU-Definitions.CellGlobalIdEUTRA-AndUTRA", "group": 2},
    {"id": "LPP-PDU-Definitions.CellGlobalIdGERAN", "group": 2},
    {"id": "LPP-PDU-Definitions.ECGI", "group": 2},
    {"id": "LPP-PDU-Definitions.Ellipsoid-Point", "group": 2},
    {"id": "LPP-PDU-Definitions.Ellipsoid-PointWithUncertaintyCircle", "group": 2},
    {"id": "LPP-PDU-Definitions.EllipsoidPointWithUncertaintyEllipse", "group": 2},
    {"id": "LPP-PDU-Definitions.EllipsoidPointWithAltitude", "group": 2},
    {"id": "LPP-PDU-Definitions.EllipsoidPointWithAltitudeAndUncertaintyEllipsoid", "group": 2},
    {"id": "LPP-PDU-Definitions.EllipsoidArc", "group": 2},
    {"id": "LPP-PDU-Definitions.EPDU-Sequence", "group": 2},
    {"id": "LPP-PDU-Definitions.maxEPDU", "group": 2},
    {"id": "LPP-PDU-Definitions.EPDU", "group": 2},
    {"id": "LPP-PDU-Definitions.EPDU-Identifier", "group": 2},
    {"id": "LPP-PDU-Definitions.EPDU-ID", "group": 2},
    {"id": "LPP-PDU-Definitions.EPDU-Name", "group": 2},
    {"id": "LPP-PDU-Definitions.EPDU-Body", "group": 2},
    {"id": "LPP-PDU-Definitions.HorizontalVelocity", "group": 2},
    {"id": "LPP-PDU-Definitions.HorizontalWithVerticalVelocity", "group": 2},
    {"id": "LPP-PDU-Definitions.HorizontalVelocityWithUncertainty", "group": 2},
    {"id": "LPP-PDU-Definitions.HorizontalWithVerticalVelocityAndUncertainty", "group": 2},
    {"id": "LPP-PDU-Definitions.LocationCoordinateTypes", "group": 2},
    {"id": "LPP-PDU-Definitions.Polygon", "group": 2},
    {"id": "LPP-PDU-Definitions.PolygonPoints", "group": 2},
    {"id": "LPP-PDU-Definitions.PositioningModes", "group": 2},
    {"id": "LPP-PDU-Definitions.VelocityTypes", "group": 2},
    {"id": "LPP-PDU-Definitions.CommonIEsRequestCapabilities", "group": 2},
    {"id": "LPP-PDU-Definitions.CommonIEsProvideCapabilities", "group": 2},
    {"id": "LPP-PDU-Definitions.CommonIEsRequestAssistanceData", "group": 2},
    {"id": "LPP-PDU-Definitions.CommonIEsProvideAssistanceData", "group": 2},
    {"id": "LPP-PDU-Definitions.CommonIEsRequestLocationInformation", "group": 2},
    {"id": "LPP-PDU-Definitions.LocationInformationType", "group": 2},
    {"id": "LPP-PDU-Definitions.PeriodicalReportingCriteria", "group": 2},
    {"id": "LPP-PDU-Definitions.TriggeredReportingCriteria", "group": 2},
    {"id": "LPP-PDU-Definitions.ReportingDuration", "group": 2},
    {"id": "LPP-PDU-Definitions.AdditionalInformation", "group": 2},
    {"id": "LPP-PDU-Definitions.QoS", "group": 2},
    {"id": "LPP-PDU-Definitions.HorizontalAccuracy", "group": 2},
    {"id": "LPP-PDU-Definitions.VerticalAccuracy", "group": 2},
    {"id": "LPP-PDU-Definitions.ResponseTime", "group": 2},
    {"id": "LPP-PDU-Definitions.Environment", "group": 2},
    {"id": "LPP-PDU-Definitions.CommonIEsProvideLocationInformation", "group": 2},
    {"id": "LPP-PDU-Definitions.LocationCoordinates", "group": 2},
    {"id": "LPP-PDU-Definitions.Velocity", "group": 2},
    {"id": "LPP-PDU-Definitions.LocationError", "group": 2},
    {"id": "LPP-PDU-Definitions.LocationFailureCause", "group": 2},
    {"id": "LPP-PDU-Definitions.EarlyFixReport-r12", "group": 2},
    {"id": "LPP-PDU-Definitions.LocationSource-r13", "group": 2},
    {"id": "LPP-PDU-Definitions.CommonIEsAbort", "group": 2},
    {"id": "LPP-PDU-Definitions.CommonIEsError", "group": 2},
    {"id": "LPP-PDU-Definitions.OTDOA-ProvideAssistanceData", "group": 2},
    {"id": "LPP-PDU-Definitions.OTDOA-ReferenceCellInfo", "group": 2},
    {"id": "LPP-PDU-Definitions.PRS-Info", "group": 2},
    {"id": "LPP-PDU-Definitions.OTDOA-NeighbourCellInfoList", "group": 2},
    {"id": "LPP-PDU-Definitions.OTDOA-NeighbourFreqInfo", "group": 2},
    {"id": "LPP-PDU-Definitions.OTDOA-NeighbourCellInfoElement", "group": 2},
    {"id": "LPP-PDU-Definitions.maxFreqLayers", "group": 2},
    {"id": "LPP-PDU-Definitions.OTDOA-RequestAssistanceData", "group": 2},
    {"id": "LPP-PDU-Definitions.OTDOA-ProvideLocationInformation", "group": 2},
    {"id": "LPP-PDU-Definitions.OTDOA-SignalMeasurementInformation", "group": 2},
    {"id": "LPP-PDU-Definitions.NeighbourMeasurementList", "group": 2},
    {"id": "LPP-PDU-Definitions.NeighbourMeasurementElement", "group": 2},
    {"id": "LPP-PDU-Definitions.OTDOA-MeasQuality", "group": 2},
    {"id": "LPP-PDU-Definitions.OTDOA-RequestLocationInformation", "group": 2},
    {"id": "LPP-PDU-Definitions.OTDOA-ProvideCapabilities", "group": 2},
    {"id": "LPP-PDU-Definitions.maxBands", "group": 2},
    {"id": "LPP-PDU-Definitions.SupportedBandEUTRA", "group": 2},
    {"id": "LPP-PDU-Definitions.SupportedBandEUTRA-v9a0", "group": 2},
    {"id": "LPP-PDU-Definitions.maxFBI", "group": 2},
    {"id": "LPP-PDU-Definitions.maxFBI-Plus1", "group": 2},
    {"id": "LPP-PDU-Definitions.maxFBI2", "group": 2},
    {"id": "LPP-PDU-Definitions.OTDOA-RequestCapabilities", "group": 2},
    {"id": "LPP-PDU-Definitions.OTDOA-Error", "group": 2},
    {"id": "LPP-PDU-Definitions.OTDOA-LocationServerErrorCauses", "group": 2},
    {"id": "LPP-PDU-Definitions.OTDOA-TargetDeviceErrorCauses", "group": 2},
    {"id": "LPP-PDU-Definitions.A-GNSS-ProvideAssistanceData", "group": 2},
    {"id": "LPP-PDU-Definitions.GNSS-CommonAssistData", "group": 2},
    {"id": "LPP-PDU-Definitions.GNSS-GenericAssistData", "group": 2},
    {"id": "LPP-PDU-Definitions.GNSS-GenericAssistDataElement", "group": 2},
    {"id": "LPP-PDU-Definitions.GNSS-ReferenceTime", "group": 2},
    {"id": "LPP-PDU-Definitions.GNSS-ReferenceTimeForOneCell", "group": 2},
    {"id": "LPP-PDU-Definitions.GNSS-SystemTime", "group": 2},
    {"id": "LPP-PDU-Definitions.GPS-TOW-Assist", "group": 2},
    {"id": "LPP-PDU-Definitions.GPS-TOW-AssistElement", "group": 2},
    {"id": "LPP-PDU-Definitions.NetworkTime", "group": 2},
    {"id": "LPP-PDU-Definitions.GNSS-ReferenceLocation", "group": 2},
    {"id": "LPP-PDU-Definitions.GNSS-IonosphericModel", "group": 2},
    {"id": "LPP-PDU-Definitions.KlobucharModelParameter", "group": 2},
    {"id": "LPP-PDU-Definitions.NeQuickModelParameter", "group": 2},
    {"id": "LPP-PDU-Definitions.GNSS-EarthOrientationParameters", "group": 2},
    {"id": "LPP-PDU-Definitions.GNSS-TimeModelList", "group": 2},
    {"id": "LPP-PDU-Definitions.GNSS-TimeModelElement", "group": 2},
    {"id": "LPP-PDU-Definitions.GNSS-DifferentialCorrections", "group": 2},
    {"id": "LPP-PDU-Definitions.DGNSS-SgnTypeList", "group": 2},
    {"id": "LPP-PDU-Definitions.DGNSS-SgnTypeElement", "group": 2},
    {"id": "LPP-PDU-Definitions.DGNSS-SatList", "group": 2},
    {"id": "LPP-PDU-Definitions.DGNSS-CorrectionsElement", "group": 2},
    {"id": "LPP-PDU-Definitions.GNSS-NavigationModel", "group": 2},
    {"id": "LPP-PDU-Definitions.GNSS-NavModelSatelliteList", "group": 2},
    {"id": "LPP-PDU-Definitions.GNSS-NavModelSatelliteElement", "group": 2},
    {"id": "LPP-PDU-Definitions.GNSS-ClockModel", "group": 2},
    {"id": "LPP-PDU-Definitions.GNSS-OrbitModel", "group": 2},
    {"id": "LPP-PDU-Definitions.StandardClockModelList", "group": 2},
    {"id": "LPP-PDU-Definitions.StandardClockModelElement", "group": 2},
    {"id": "LPP-PDU-Definitions.NAV-ClockModel", "group": 2},
    {"id": "LPP-PDU-Definitions.CNAV-ClockModel", "group": 2},
    {"id": "LPP-PDU-Definitions.GLONASS-ClockModel", "group": 2},
    {"id": "LPP-PDU-Definitions.SBAS-ClockModel", "group": 2},
    {"id": "LPP-PDU-Definitions.BDS-ClockModel-r12", "group": 2},
    {"id": "LPP-PDU-Definitions.NavModelKeplerianSet", "group": 2},
    {"id": "LPP-PDU-Definitions.NavModelNAV-KeplerianSet", "group": 2},
    {"id": "LPP-PDU-Definitions.NavModelCNAV-KeplerianSet", "group": 2},
    {"id": "LPP-PDU-Definitions.NavModel-GLONASS-ECEF", "group": 2},
    {"id": "LPP-PDU-Definitions.NavModel-SBAS-ECEF", "group": 2},
    {"id": "LPP-PDU-Definitions.NavModel-BDS-KeplerianSet-r12", "group": 2},
    {"id": "LPP-PDU-Definitions.GNSS-RealTimeIntegrity", "group": 2},
    {"id": "LPP-PDU-Definitions.GNSS-BadSignalList", "group": 2},
    {"id": "LPP-PDU-Definitions.BadSignalElement", "group": 2},
    {"id": "LPP-PDU-Definitions.GNSS-DataBitAssistance", "group": 2},
    {"id": "LPP-PDU-Definitions.GNSS-DataBitsSatList", "group": 2},
    {"id": "LPP-PDU-Definitions.GNSS-DataBitsSatElement", "group": 2},
    {"id": "LPP-PDU-Definitions.GNSS-DataBitsSgnList", "group": 2},
    {"id": "LPP-PDU-Definitions.GNSS-DataBitsSgnElement", "group": 2},
    {"id": "LPP-PDU-Definitions.GNSS-AcquisitionAssistance", "group": 2},
    {"id": "LPP-PDU-Definitions.GNSS-AcquisitionAssistList", "group": 2},
    {"id": "LPP-PDU-Definitions.GNSS-AcquisitionAssistElement", "group": 2},
    {"id": "LPP-PDU-Definitions.GNSS-Almanac", "group": 2},
    {"id": "LPP-PDU-Definitions.GNSS-AlmanacList", "group": 2},
    {"id": "LPP-PDU-Definitions.GNSS-AlmanacElement", "group": 2},
    {"id": "LPP-PDU-Definitions.AlmanacKeplerianSet", "group": 2},
    {"id": "LPP-PDU-Definitions.AlmanacNAV-KeplerianSet", "group": 2},
    {"id": "LPP-PDU-Definitions.AlmanacReducedKeplerianSet", "group": 2},
    {"id": "LPP-PDU-Definitions.AlmanacMidiAlmanacSet", "group": 2},
    {"id": "LPP-PDU-Definitions.AlmanacGLONASS-AlmanacSet", "group": 2},
    {"id": "LPP-PDU-Definitions.AlmanacECEF-SBAS-AlmanacSet", "group": 2},
    {"id": "LPP-PDU-Definitions.AlmanacBDS-AlmanacSet-r12", "group": 2},
    {"id": "LPP-PDU-Definitions.GNSS-UTC-Model", "group": 2},
    {"id": "LPP-PDU-Definitions.UTC-ModelSet1", "group": 2},
    {"id": "LPP-PDU-Definitions.UTC-ModelSet2", "group": 2},
    {"id": "LPP-PDU-Definitions.UTC-ModelSet3", "group": 2},
    {"id": "LPP-PDU-Definitions.UTC-ModelSet4", "group": 2},
    {"id": "LPP-PDU-Definitions.UTC-ModelSet5-r12", "group": 2},
    {"id": "LPP-PDU-Definitions.GNSS-AuxiliaryInformation", "group": 2},
    {"id": "LPP-PDU-Definitions.GNSS-ID-GPS", "group": 2},
    {"id": "LPP-PDU-Definitions.GNSS-ID-GPS-SatElement", "group": 2},
    {"id": "LPP-PDU-Definitions.GNSS-ID-GLONASS", "group": 2},
    {"id": "LPP-PDU-Definitions.GNSS-ID-GLONASS-SatElement", "group": 2},
    {"id": "LPP-PDU-Definitions.BDS-DifferentialCorrections-r12", "group": 2},
    {"id": "LPP-PDU-Definitions.BDS-SgnTypeList-r12", "group": 2},
    {"id": "LPP-PDU-Definitions.BDS-SgnTypeElement-r12", "group": 2},
    {"id": "LPP-PDU-Definitions.DBDS-CorrectionList-r12", "group": 2},
    {"id": "LPP-PDU-Definitions.DBDS-CorrectionElement-r12", "group": 2},
    {"id": "LPP-PDU-Definitions.BDS-GridModelParameter-r12", "group": 2},
    {"id": "LPP-PDU-Definitions.GridIonList-r12", "group": 2},
    {"id": "LPP-PDU-Definitions.GridIonElement-r12", "group": 2},
    {"id": "LPP-PDU-Definitions.A-GNSS-RequestAssistanceData", "group": 2},
    {"id": "LPP-PDU-Definitions.GNSS-CommonAssistDataReq", "group": 2},
    {"id": "LPP-PDU-Definitions.GNSS-GenericAssistDataReq", "group": 2},
    {"id": "LPP-PDU-Definitions.GNSS-GenericAssistDataReqElement", "group": 2},
    {"id": "LPP-PDU-Definitions.GNSS-ReferenceTimeReq", "group": 2},
    {"id": "LPP-PDU-Definitions.GNSS-ReferenceLocationReq", "group": 2},
    {"id": "LPP-PDU-Definitions.GNSS-IonosphericModelReq", "group": 2},
    {"id": "LPP-PDU-Definitions.GNSS-EarthOrientationParametersReq", "group": 2},
    {"id": "LPP-PDU-Definitions.GNSS-TimeModelListReq", "group": 2},
    {"id": "LPP-PDU-Definitions.GNSS-TimeModelElementReq", "group": 2},
    {"id": "LPP-PDU-Definitions.GNSS-DifferentialCorrectionsReq", "group": 2},
    {"id": "LPP-PDU-Definitions.GNSS-NavigationModelReq", "group": 2},
    {"id": "LPP-PDU-Definitions.StoredNavListInfo", "group": 2},
    {"id": "LPP-PDU-Definitions.SatListRelatedDataList", "group": 2},
    {"id": "LPP-PDU-Definitions.SatListRelatedDataElement", "group": 2},
    {"id": "LPP-PDU-Definitions.ReqNavListInfo", "group": 2},
    {"id": "LPP-PDU-Definitions.GNSS-RealTimeIntegrityReq", "group": 2},
    {"id": "LPP-PDU-Definitions.GNSS-DataBitAssistanceReq", "group": 2},
    {"id": "LPP-PDU-Definitions.GNSS-DataBitsReqSatList", "group": 2},
    {"id": "LPP-PDU-Definitions.GNSS-DataBitsReqSatElement", "group": 2},
    {"id": "LPP-PDU-Definitions.GNSS-AcquisitionAssistanceReq", "group": 2},
    {"id": "LPP-PDU-Definitions.GNSS-AlmanacReq", "group": 2},
    {"id": "LPP-PDU-Definitions.GNSS-UTC-ModelReq", "group": 2},
    {"id": "LPP-PDU-Definitions.GNSS-AuxiliaryInformationReq", "group": 2},
    {"id": "LPP-PDU-Definitions.BDS-DifferentialCorrectionsReq-r12", "group": 2},
    {"id": "LPP-PDU-Definitions.BDS-GridModelReq-r12", "group": 2},
    {"id": "LPP-PDU-Definitions.A-GNSS-ProvideLocationInformation", "group": 2},
    {"id": "LPP-PDU-Definitions.GNSS-SignalMeasurementInformation", "group": 2},
    {"id": "LPP-PDU-Definitions.MeasurementReferenceTime", "group": 2},
    {"id": "LPP-PDU-Definitions.GNSS-MeasurementList", "group": 2},
    {"id": "LPP-PDU-Definitions.GNSS-MeasurementForOneGNSS", "group": 2},
    {"id": "LPP-PDU-Definitions.GNSS-SgnMeasList", "group": 2},
    {"id": "LPP-PDU-Definitions.GNSS-SgnMeasElement", "group": 2},
    {"id": "LPP-PDU-Definitions.GNSS-SatMeasList", "group": 2},
    {"id": "LPP-PDU-Definitions.GNSS-SatMeasElement", "group": 2},
    {"id": "LPP-PDU-Definitions.GNSS-LocationInformation", "group": 2},
    {"id": "LPP-PDU-Definitions.A-GNSS-RequestLocationInformation", "group": 2},
    {"id": "LPP-PDU-Definitions.GNSS-PositioningInstructions", "group": 2},
    {"id": "LPP-PDU-Definitions.A-GNSS-ProvideCapabilities", "group": 2},
    {"id": "LPP-PDU-Definitions.GNSS-SupportList", "group": 2},
    {"id": "LPP-PDU-Definitions.GNSS-SupportElement", "group": 2},
    {"id": "LPP-PDU-Definitions.AssistanceDataSupportList", "group": 2},
    {"id": "LPP-PDU-Definitions.GNSS-CommonAssistanceDataSupport", "group": 2},
    {"id": "LPP-PDU-Definitions.GNSS-ReferenceTimeSupport", "group": 2},
    {"id": "LPP-PDU-Definitions.GNSS-ReferenceLocationSupport", "group": 2},
    {"id": "LPP-PDU-Definitions.GNSS-IonosphericModelSupport", "group": 2},
    {"id": "LPP-PDU-Definitions.GNSS-EarthOrientationParametersSupport", "group": 2},
    {"id": "LPP-PDU-Definitions.GNSS-GenericAssistanceDataSupport", "group": 2},
    {"id": "LPP-PDU-Definitions.GNSS-GenericAssistDataSupportElement", "group": 2},
    {"id": "LPP-PDU-Definitions.GNSS-TimeModelListSupport", "group": 2},
    {"id": "LPP-PDU-Definitions.GNSS-DifferentialCorrectionsSupport", "group": 2},
    {"id": "LPP-PDU-Definitions.GNSS-NavigationModelSupport", "group": 2},
    {"id": "LPP-PDU-Definitions.GNSS-RealTimeIntegritySupport", "group": 2},
    {"id": "LPP-PDU-Definitions.GNSS-DataBitAssistanceSupport", "group": 2},
    {"id": "LPP-PDU-Definitions.GNSS-AcquisitionAssistanceSupport", "group": 2},
    {"id": "LPP-PDU-Definitions.GNSS-AlmanacSupport", "group": 2},
    {"id": "LPP-PDU-Definitions.GNSS-UTC-ModelSupport", "group": 2},
    {"id": "LPP-PDU-Definitions.GNSS-AuxiliaryInformationSupport", "group": 2},
    {"id": "LPP-PDU-Definitions.BDS-DifferentialCorrectionsSupport-r12", "group": 2},
    {"id": "LPP-PDU-Definitions.BDS-GridModelSupport-r12", "group": 2},
    {"id": "LPP-PDU-Definitions.A-GNSS-RequestCapabilities", "group": 2},
    {"id": "LPP-PDU-Definitions.A-GNSS-Error", "group": 2},
    {"id": "LPP-PDU-Definitions.GNSS-LocationServerErrorCauses", "group": 2},
    {"id": "LPP-PDU-Definitions.GNSS-TargetDeviceErrorCauses", "group": 2},
    {"id": "LPP-PDU-Definitions.GNSS-ID", "group": 2},
    {"id": "LPP-PDU-Definitions.GNSS-ID-Bitmap", "group": 2},
    {"id": "LPP-PDU-Definitions.GNSS-SignalID", "group": 2},
    {"id": "LPP-PDU-Definitions.GNSS-SignalIDs", "group": 2},
    {"id": "LPP-PDU-Definitions.SBAS-ID", "group": 2},
    {"id": "LPP-PDU-Definitions.SBAS-IDs", "group": 2},
    {"id": "LPP-PDU-Definitions.SV-ID", "group": 2},
    {"id": "LPP-PDU-Definitions.ECID-ProvideLocationInformation", "group": 2},
    {"id": "LPP-PDU-Definitions.ECID-SignalMeasurementInformation", "group": 2},
    {"id": "LPP-PDU-Definitions.MeasuredResultsList", "group": 2},
    {"id": "LPP-PDU-Definitions.MeasuredResultsElement", "group": 2},
    {"id": "LPP-PDU-Definitions.ECID-RequestLocationInformation", "group": 2},
    {"id": "LPP-PDU-Definitions.ECID-ProvideCapabilities", "group": 2},
    {"id": "LPP-PDU-Definitions.ECID-RequestCapabilities", "group": 2},
    {"id": "LPP-PDU-Definitions.ECID-Error", "group": 2},
    {"id": "LPP-PDU-Definitions.ECID-LocationServerErrorCauses", "group": 2},
    {"id": "LPP-PDU-Definitions.ECID-TargetDeviceErrorCauses", "group": 2},
    {"id": "LPP-PDU-Definitions.TBS-ProvideLocationInformation-r13", "group": 2},
    {"id": "LPP-PDU-Definitions.TBS-MeasurementInformation-r13", "group": 2},
    {"id": "LPP-PDU-Definitions.MBS-BeaconMeasList-r13", "group": 2},
    {"id": "LPP-PDU-Definitions.MBS-BeaconMeasElement-r13", "group": 2},
    {"id": "LPP-PDU-Definitions.TBS-RequestLocationInformation-r13", "group": 2},
    {"id": "LPP-PDU-Definitions.TBS-ProvideCapabilities-r13", "group": 2},
    {"id": "LPP-PDU-Definitions.TBS-RequestCapabilities-r13", "group": 2},
    {"id": "LPP-PDU-Definitions.TBS-Error-r13", "group": 2},
    {"id": "LPP-PDU-Definitions.TBS-LocationServerErrorCauses-r13", "group": 2},
    {"id": "LPP-PDU-Definitions.TBS-TargetDeviceErrorCauses-r13", "group": 2},
    {"id": "LPP-PDU-Definitions.Sensor-ProvideLocationInformation-r13", "group": 2},
    {"id": "LPP-PDU-Definitions.Sensor-MeasurementInformation-r13", "group": 2},
    {"id": "LPP-PDU-Definitions.Sensor-RequestLocationInformation-r13", "group": 2},
    {"id": "LPP-PDU-Definitions.Sensor-ProvideCapabilities-r13", "group": 2},
    {"id": "LPP-PDU-Definitions.Sensor-RequestCapabilities-r13", "group": 2},
    {"id": "LPP-PDU-Definitions.Sensor-Error-r13", "group": 2},
    {"id": "LPP-PDU-Definitions.Sensor-LocationServerErrorCauses-r13", "group": 2},
    {"id": "LPP-PDU-Definitions.Sensor-TargetDeviceErrorCauses-r13", "group": 2},
    {"id": "LPP-PDU-Definitions.WLAN-ProvideLocationInformation-r13", "group": 2},
    {"id": "LPP-PDU-Definitions.WLAN-MeasurementInformation-r13", "group": 2},
    {"id": "LPP-PDU-Definitions.WLAN-MeasurementList-r13", "group": 2},
    {"id": "LPP-PDU-Definitions.WLAN-MeasurementElement-r13", "group": 2},
    {"id": "LPP-PDU-Definitions.WLAN-AP-Identifier-r13", "group": 2},
    {"id": "LPP-PDU-Definitions.WLAN-RTT-r13", "group": 2},
    {"id": "LPP-PDU-Definitions.maxWLAN-AP-r13", "group": 2},
    {"id": "LPP-PDU-Definitions.WLAN-RequestLocationInformation-r13", "group": 2},
    {"id": "LPP-PDU-Definitions.WLAN-ProvideCapabilities-r13", "group": 2},
    {"id": "LPP-PDU-Definitions.WLAN-RequestCapabilities-r13", "group": 2},
    {"id": "LPP-PDU-Definitions.WLAN-Error-r13", "group": 2},
    {"id": "LPP-PDU-Definitions.WLAN-LocationServerErrorCauses-r13", "group": 2},
    {"id": "LPP-PDU-Definitions.WLAN-TargetDeviceErrorCauses-r13", "group": 2},
    {"id": "LPP-PDU-Definitions.BT-ProvideLocationInformation-r13", "group": 2},
    {"id": "LPP-PDU-Definitions.BT-MeasurementInformation-r13", "group": 2},
    {"id": "LPP-PDU-Definitions.BT-MeasurementList-r13", "group": 2},
    {"id": "LPP-PDU-Definitions.BT-MeasurementElement-r13", "group": 2},
    {"id": "LPP-PDU-Definitions.maxBT-Beacon-r13", "group": 2},
    {"id": "LPP-PDU-Definitions.BT-RequestLocationInformation-r13", "group": 2},
    {"id": "LPP-PDU-Definitions.BT-ProvideCapabilities-r13", "group": 2},
    {"id": "LPP-PDU-Definitions.BT-RequestCapabilities-r13", "group": 2},
    {"id": "LPP-PDU-Definitions.BT-Error-r13", "group": 2},
    {"id": "LPP-PDU-Definitions.BT-LocationServerErrorCauses-r13", "group": 2},
    {"id": "LPP-PDU-Definitions.BT-TargetDeviceErrorCauses-r13", "group": 2}
  ],
  "links": [
    {"source": "LPP-PDU-Definitions.GNSS-AuxiliaryInformation", "target": "LPP-PDU-Definitions.GNSS-ID-GLONASS", "value": 1},
    {"source": "LPP-PDU-Definitions.GNSS-AuxiliaryInformation", "target": "LPP-PDU-Definitions.GNSS-ID-GPS", "value": 1},
    {"source": "LPP-PDU-Definitions.GNSS-PositioningInstructions", "target": "LPP-PDU-Definitions.GNSS-ID-Bitmap", "value": 1},
    {"source": "LPP-PDU-Definitions.DBDS-CorrectionList-r12", "target": "LPP-PDU-Definitions.DBDS-CorrectionElement-r12", "value": 1},
    {"source": "LPP-PDU-Definitions.CommonIEsRequestAssistanceData", "target": "LPP-PDU-Definitions.ECGI", "value": 1},
    {"source": "LPP-PDU-Definitions.GridIonList-r12", "target": "LPP-PDU-Definitions.GridIonElement-r12", "value": 1},
    {"source": "LPP-PDU-Definitions.ECID-SignalMeasurementInformation", "target": "LPP-PDU-Definitions.MeasuredResultsElement", "value": 1},
    {"source": "LPP-PDU-Definitions.ECID-SignalMeasurementInformation", "target": "LPP-PDU-Definitions.MeasuredResultsList", "value": 1},
    {"source": "LPP-PDU-Definitions.GNSS-DifferentialCorrections", "target": "LPP-PDU-Definitions.DGNSS-SgnTypeList", "value": 1},
    {"source": "LPP-PDU-Definitions.WLAN-ProvideLocationInformation-r13", "target": "LPP-PDU-Definitions.WLAN-Error-r13", "value": 1},
    {"source": "LPP-PDU-Definitions.WLAN-ProvideLocationInformation-r13", "target": "LPP-PDU-Definitions.WLAN-MeasurementInformation-r13", "value": 1},
    {"source": "LPP-PDU-Definitions.RequestCapabilities", "target": "LPP-PDU-Definitions.RequestCapabilities-r9-IEs", "value": 1},
    {"source": "LPP-PDU-Definitions.GNSS-DataBitsSatElement", "target": "LPP-PDU-Definitions.GNSS-DataBitsSgnList", "value": 1},
    {"source": "LPP-PDU-Definitions.GNSS-DataBitsSatElement", "target": "LPP-PDU-Definitions.SV-ID", "value": 1},
    {"source": "LPP-PDU-Definitions.StandardClockModelList", "target": "LPP-PDU-Definitions.StandardClockModelElement", "value": 1},
    {"source": "LPP-PDU-Definitions.GPS-TOW-Assist", "target": "LPP-PDU-Definitions.GPS-TOW-AssistElement", "value": 1},
    {"source": "LPP-PDU-Definitions.GNSS-MeasurementList", "target": "LPP-PDU-Definitions.GNSS-MeasurementForOneGNSS", "value": 1},
    {"source": "LPP-PDU-Definitions.GNSS-Almanac", "target": "LPP-PDU-Definitions.GNSS-AlmanacList", "value": 1},
    {"source": "LPP-PDU-Definitions.A-GNSS-RequestLocationInformation", "target": "LPP-PDU-Definitions.GNSS-PositioningInstructions", "value": 1},
    {"source": "LPP-PDU-Definitions.MeasuredResultsList", "target": "LPP-PDU-Definitions.MeasuredResultsElement", "value": 1},
    {"source": "LPP-PDU-Definitions.NeighbourMeasurementElement", "target": "LPP-PDU-Definitions.OTDOA-MeasQuality", "value": 1},
    {"source": "LPP-PDU-Definitions.NeighbourMeasurementElement", "target": "LPP-PDU-Definitions.ARFCN-ValueEUTRA-v9a0", "value": 1},
    {"source": "LPP-PDU-Definitions.NeighbourMeasurementElement", "target": "LPP-PDU-Definitions.ARFCN-ValueEUTRA", "value": 1},
    {"source": "LPP-PDU-Definitions.NeighbourMeasurementElement", "target": "LPP-PDU-Definitions.ECGI", "value": 1},
    {"source": "LPP-PDU-Definitions.AssistanceDataSupportList", "target": "LPP-PDU-Definitions.GNSS-CommonAssistanceDataSupport", "value": 1},
    {"source": "LPP-PDU-Definitions.AssistanceDataSupportList", "target": "LPP-PDU-Definitions.GNSS-GenericAssistanceDataSupport", "value": 1},
    {"source": "LPP-PDU-Definitions.OTDOA-NeighbourCellInfoElement", "target": "LPP-PDU-Definitions.ARFCN-ValueEUTRA-v9a0", "value": 1},
    {"source": "LPP-PDU-Definitions.OTDOA-NeighbourCellInfoElement", "target": "LPP-PDU-Definitions.PRS-Info", "value": 1},
    {"source": "LPP-PDU-Definitions.OTDOA-NeighbourCellInfoElement", "target": "LPP-PDU-Definitions.ARFCN-ValueEUTRA", "value": 1},
    {"source": "LPP-PDU-Definitions.OTDOA-NeighbourCellInfoElement", "target": "LPP-PDU-Definitions.ECGI", "value": 1},
    {"source": "LPP-PDU-Definitions.GNSS-DataBitsSgnElement", "target": "LPP-PDU-Definitions.GNSS-SignalID", "value": 1},
    {"source": "LPP-PDU-Definitions.Acknowledgement", "target": "LPP-PDU-Definitions.SequenceNumber", "value": 1},
    {"source": "LPP-PDU-Definitions.GNSS-AcquisitionAssistanceReq", "target": "LPP-PDU-Definitions.GNSS-SignalID", "value": 1},
    {"source": "LPP-PDU-Definitions.GNSS-BadSignalList", "target": "LPP-PDU-Definitions.BadSignalElement", "value": 1},
    {"source": "LPP-PDU-Definitions.GNSS-SgnMeasElement", "target": "LPP-PDU-Definitions.GNSS-SatMeasList", "value": 1},
    {"source": "LPP-PDU-Definitions.GNSS-SgnMeasElement", "target": "LPP-PDU-Definitions.GNSS-SignalID", "value": 1},
    {"source": "LPP-PDU-Definitions.RequestLocationInformation", "target": "LPP-PDU-Definitions.RequestLocationInformation-r9-IEs", "value": 1},
    {"source": "LPP-PDU-Definitions.OTDOA-ProvideAssistanceData", "target": "LPP-PDU-Definitions.OTDOA-ReferenceCellInfo", "value": 1},
    {"source": "LPP-PDU-Definitions.OTDOA-ProvideAssistanceData", "target": "LPP-PDU-Definitions.OTDOA-NeighbourCellInfoList", "value": 1},
    {"source": "LPP-PDU-Definitions.OTDOA-ProvideAssistanceData", "target": "LPP-PDU-Definitions.OTDOA-Error", "value": 1},
    {"source": "LPP-PDU-Definitions.GNSS-NavigationModelReq", "target": "LPP-PDU-Definitions.StoredNavListInfo", "value": 1},
    {"source": "LPP-PDU-Definitions.GNSS-NavigationModelReq", "target": "LPP-PDU-Definitions.ReqNavListInfo", "value": 1},
    {"source": "LPP-PDU-Definitions.MeasuredResultsElement", "target": "LPP-PDU-Definitions.CellGlobalIdEUTRA-AndUTRA", "value": 1},
    {"source": "LPP-PDU-Definitions.MeasuredResultsElement", "target": "LPP-PDU-Definitions.ARFCN-ValueEUTRA-v9a0", "value": 1},
    {"source": "LPP-PDU-Definitions.MeasuredResultsElement", "target": "LPP-PDU-Definitions.ARFCN-ValueEUTRA", "value": 1},
    {"source": "LPP-PDU-Definitions.GNSS-DataBitsSatList", "target": "LPP-PDU-Definitions.GNSS-DataBitsSatElement", "value": 1},
    {"source": "LPP-PDU-Definitions.BT-Error-r13", "target": "LPP-PDU-Definitions.BT-LocationServerErrorCauses-r13", "value": 1},
    {"source": "LPP-PDU-Definitions.BT-Error-r13", "target": "LPP-PDU-Definitions.BT-TargetDeviceErrorCauses-r13", "value": 1},
    {"source": "LPP-PDU-Definitions.RequestCapabilities-r9-IEs", "target": "LPP-PDU-Definitions.EPDU-Sequence", "value": 1},
    {"source": "LPP-PDU-Definitions.RequestCapabilities-r9-IEs", "target": "LPP-PDU-Definitions.WLAN-RequestCapabilities-r13", "value": 1},
    {"source": "LPP-PDU-Definitions.RequestCapabilities-r9-IEs", "target": "LPP-PDU-Definitions.TBS-RequestCapabilities-r13", "value": 1},
    {"source": "LPP-PDU-Definitions.RequestCapabilities-r9-IEs", "target": "LPP-PDU-Definitions.CommonIEsRequestCapabilities", "value": 1},
    {"source": "LPP-PDU-Definitions.RequestCapabilities-r9-IEs", "target": "LPP-PDU-Definitions.BT-RequestCapabilities-r13", "value": 1},
    {"source": "LPP-PDU-Definitions.RequestCapabilities-r9-IEs", "target": "LPP-PDU-Definitions.OTDOA-RequestCapabilities", "value": 1},
    {"source": "LPP-PDU-Definitions.RequestCapabilities-r9-IEs", "target": "LPP-PDU-Definitions.ECID-RequestCapabilities", "value": 1},
    {"source": "LPP-PDU-Definitions.RequestCapabilities-r9-IEs", "target": "LPP-PDU-Definitions.A-GNSS-RequestCapabilities", "value": 1},
    {"source": "LPP-PDU-Definitions.RequestCapabilities-r9-IEs", "target": "LPP-PDU-Definitions.Sensor-RequestCapabilities-r13", "value": 1},
    {"source": "LPP-PDU-Definitions.OTDOA-NeighbourCellInfoList", "target": "LPP-PDU-Definitions.maxFreqLayers", "value": 1},
    {"source": "LPP-PDU-Definitions.OTDOA-NeighbourCellInfoList", "target": "LPP-PDU-Definitions.OTDOA-NeighbourFreqInfo", "value": 1},
    {"source": "LPP-PDU-Definitions.DGNSS-SgnTypeList", "target": "LPP-PDU-Definitions.DGNSS-SgnTypeElement", "value": 1},
    {"source": "LPP-PDU-Definitions.ProvideLocationInformation-r9-IEs", "target": "LPP-PDU-Definitions.WLAN-ProvideLocationInformation-r13", "value": 1},
    {"source": "LPP-PDU-Definitions.ProvideLocationInformation-r9-IEs", "target": "LPP-PDU-Definitions.OTDOA-ProvideLocationInformation", "value": 1},
    {"source": "LPP-PDU-Definitions.ProvideLocationInformation-r9-IEs", "target": "LPP-PDU-Definitions.EPDU-Sequence", "value": 1},
    {"source": "LPP-PDU-Definitions.ProvideLocationInformation-r9-IEs", "target": "LPP-PDU-Definitions.BT-ProvideLocationInformation-r13", "value": 1},
    {"source": "LPP-PDU-Definitions.ProvideLocationInformation-r9-IEs", "target": "LPP-PDU-Definitions.CommonIEsProvideLocationInformation", "value": 1},
    {"source": "LPP-PDU-Definitions.ProvideLocationInformation-r9-IEs", "target": "LPP-PDU-Definitions.TBS-ProvideLocationInformation-r13", "value": 1},
    {"source": "LPP-PDU-Definitions.ProvideLocationInformation-r9-IEs", "target": "LPP-PDU-Definitions.ECID-ProvideLocationInformation", "value": 1},
    {"source": "LPP-PDU-Definitions.ProvideLocationInformation-r9-IEs", "target": "LPP-PDU-Definitions.A-GNSS-ProvideLocationInformation", "value": 1},
    {"source": "LPP-PDU-Definitions.ProvideLocationInformation-r9-IEs", "target": "LPP-PDU-Definitions.Sensor-ProvideLocationInformation-r13", "value": 1},
    {"source": "LPP-PDU-Definitions.BT-MeasurementInformation-r13", "target": "LPP-PDU-Definitions.BT-MeasurementList-r13", "value": 1},
    {"source": "LPP-PDU-Definitions.QoS", "target": "LPP-PDU-Definitions.ResponseTime", "value": 1},
    {"source": "LPP-PDU-Definitions.QoS", "target": "LPP-PDU-Definitions.VerticalAccuracy", "value": 1},
    {"source": "LPP-PDU-Definitions.QoS", "target": "LPP-PDU-Definitions.HorizontalAccuracy", "value": 1},
    {"source": "LPP-PDU-Definitions.GNSS-TimeModelList", "target": "LPP-PDU-Definitions.GNSS-TimeModelElement", "value": 1},
    {"source": "LPP-PDU-Definitions.GNSS-SatMeasElement", "target": "LPP-PDU-Definitions.SV-ID", "value": 1},
    {"source": "LPP-PDU-Definitions.OTDOA-SignalMeasurementInformation", "target": "LPP-PDU-Definitions.OTDOA-MeasQuality", "value": 1},
    {"source": "LPP-PDU-Definitions.OTDOA-SignalMeasurementInformation", "target": "LPP-PDU-Definitions.ARFCN-ValueEUTRA-v9a0", "value": 1},
    {"source": "LPP-PDU-Definitions.OTDOA-SignalMeasurementInformation", "target": "LPP-PDU-Definitions.ARFCN-ValueEUTRA", "value": 1},
    {"source": "LPP-PDU-Definitions.OTDOA-SignalMeasurementInformation", "target": "LPP-PDU-Definitions.ECGI", "value": 1},
    {"source": "LPP-PDU-Definitions.OTDOA-SignalMeasurementInformation", "target": "LPP-PDU-Definitions.NeighbourMeasurementList", "value": 1},
    {"source": "LPP-PDU-Definitions.WLAN-MeasurementList-r13", "target": "LPP-PDU-Definitions.maxWLAN-AP-r13", "value": 1},
    {"source": "LPP-PDU-Definitions.WLAN-MeasurementList-r13", "target": "LPP-PDU-Definitions.WLAN-MeasurementElement-r13", "value": 1},
    {"source": "LPP-PDU-Definitions.AlmanacECEF-SBAS-AlmanacSet", "target": "LPP-PDU-Definitions.SV-ID", "value": 1},
    {"source": "LPP-PDU-Definitions.NeighbourMeasurementList", "target": "LPP-PDU-Definitions.NeighbourMeasurementElement", "value": 1},
    {"source": "LPP-PDU-Definitions.DGNSS-SatList", "target": "LPP-PDU-Definitions.DGNSS-CorrectionsElement", "value": 1},
    {"source": "LPP-PDU-Definitions.GNSS-ReferenceTimeSupport", "target": "LPP-PDU-Definitions.GNSS-ID-Bitmap", "value": 1},
    {"source": "LPP-PDU-Definitions.GNSS-ReferenceTimeSupport", "target": "LPP-PDU-Definitions.AccessTypes", "value": 1},
    {"source": "LPP-PDU-Definitions.ProvideAssistanceData-r9-IEs", "target": "LPP-PDU-Definitions.A-GNSS-ProvideAssistanceData", "value": 1},
    {"source": "LPP-PDU-Definitions.ProvideAssistanceData-r9-IEs", "target": "LPP-PDU-Definitions.OTDOA-ProvideAssistanceData", "value": 1},
    {"source": "LPP-PDU-Definitions.ProvideAssistanceData-r9-IEs", "target": "LPP-PDU-Definitions.EPDU-Sequence", "value": 1},
    {"source": "LPP-PDU-Definitions.ProvideAssistanceData-r9-IEs", "target": "LPP-PDU-Definitions.CommonIEsProvideAssistanceData", "value": 1},
    {"source": "LPP-PDU-Definitions.GNSS-SgnMeasList", "target": "LPP-PDU-Definitions.GNSS-SgnMeasElement", "value": 1},
    {"source": "LPP-PDU-Definitions.MeasurementReferenceTime", "target": "LPP-PDU-Definitions.GNSS-ID", "value": 1},
    {"source": "LPP-PDU-Definitions.MeasurementReferenceTime", "target": "LPP-PDU-Definitions.CellGlobalIdEUTRA-AndUTRA", "value": 1},
    {"source": "LPP-PDU-Definitions.MeasurementReferenceTime", "target": "LPP-PDU-Definitions.CellGlobalIdGERAN", "value": 1},
    {"source": "LPP-PDU-Definitions.GNSS-SupportElement", "target": "LPP-PDU-Definitions.GNSS-SignalIDs", "value": 1},
    {"source": "LPP-PDU-Definitions.GNSS-SupportElement", "target": "LPP-PDU-Definitions.PositioningModes", "value": 1},
    {"source": "LPP-PDU-Definitions.GNSS-SupportElement", "target": "LPP-PDU-Definitions.GNSS-ID", "value": 1},
    {"source": "LPP-PDU-Definitions.GNSS-SupportElement", "target": "LPP-PDU-Definitions.AccessTypes", "value": 1},
    {"source": "LPP-PDU-Definitions.GNSS-SupportElement", "target": "LPP-PDU-Definitions.SBAS-IDs", "value": 1},
    {"source": "LPP-PDU-Definitions.AlmanacKeplerianSet", "target": "LPP-PDU-Definitions.SV-ID", "value": 1},
    {"source": "LPP-PDU-Definitions.LocationError", "target": "LPP-PDU-Definitions.LocationFailureCause", "value": 1},
    {"source": "LPP-PDU-Definitions.GNSS-SystemTime", "target": "LPP-PDU-Definitions.GNSS-ID", "value": 1},
    {"source": "LPP-PDU-Definitions.GNSS-SystemTime", "target": "LPP-PDU-Definitions.GPS-TOW-Assist", "value": 1},
    {"source": "LPP-PDU-Definitions.A-GNSS-Error", "target": "LPP-PDU-Definitions.GNSS-TargetDeviceErrorCauses", "value": 1},
    {"source": "LPP-PDU-Definitions.A-GNSS-Error", "target": "LPP-PDU-Definitions.GNSS-LocationServerErrorCauses", "value": 1},
    {"source": "LPP-PDU-Definitions.GNSS-CommonAssistanceDataSupport", "target": "LPP-PDU-Definitions.GNSS-EarthOrientationParametersSupport", "value": 1},
    {"source": "LPP-PDU-Definitions.GNSS-CommonAssistanceDataSupport", "target": "LPP-PDU-Definitions.GNSS-ReferenceTimeSupport", "value": 1},
    {"source": "LPP-PDU-Definitions.GNSS-CommonAssistanceDataSupport", "target": "LPP-PDU-Definitions.GNSS-IonosphericModelSupport", "value": 1},
    {"source": "LPP-PDU-Definitions.GNSS-CommonAssistanceDataSupport", "target": "LPP-PDU-Definitions.GNSS-ReferenceLocationSupport", "value": 1},
    {"source": "LPP-PDU-Definitions.GNSS-AlmanacElement", "target": "LPP-PDU-Definitions.AlmanacMidiAlmanacSet", "value": 1},
    {"source": "LPP-PDU-Definitions.GNSS-AlmanacElement", "target": "LPP-PDU-Definitions.AlmanacBDS-AlmanacSet-r12", "value": 1},
    {"source": "LPP-PDU-Definitions.GNSS-AlmanacElement", "target": "LPP-PDU-Definitions.AlmanacReducedKeplerianSet", "value": 1},
    {"source": "LPP-PDU-Definitions.GNSS-AlmanacElement", "target": "LPP-PDU-Definitions.AlmanacNAV-KeplerianSet", "value": 1},
    {"source": "LPP-PDU-Definitions.GNSS-AlmanacElement", "target": "LPP-PDU-Definitions.AlmanacKeplerianSet", "value": 1},
    {"source": "LPP-PDU-Definitions.GNSS-AlmanacElement", "target": "LPP-PDU-Definitions.AlmanacECEF-SBAS-AlmanacSet", "value": 1},
    {"source": "LPP-PDU-Definitions.GNSS-AlmanacElement", "target": "LPP-PDU-Definitions.AlmanacGLONASS-AlmanacSet", "value": 1},
    {"source": "LPP-PDU-Definitions.EPDU-Identifier", "target": "LPP-PDU-Definitions.EPDU-Name", "value": 1},
    {"source": "LPP-PDU-Definitions.EPDU-Identifier", "target": "LPP-PDU-Definitions.EPDU-ID", "value": 1},
    {"source": "LPP-PDU-Definitions.ECID-Error", "target": "LPP-PDU-Definitions.ECID-LocationServerErrorCauses", "value": 1},
    {"source": "LPP-PDU-Definitions.ECID-Error", "target": "LPP-PDU-Definitions.ECID-TargetDeviceErrorCauses", "value": 1},
    {"source": "LPP-PDU-Definitions.GNSS-DataBitAssistance", "target": "LPP-PDU-Definitions.GNSS-DataBitsSatList", "value": 1},
    {"source": "LPP-PDU-Definitions.ProvideCapabilities", "target": "LPP-PDU-Definitions.ProvideCapabilities-r9-IEs", "value": 1},
    {"source": "LPP-PDU-Definitions.GNSS-DataBitsReqSatElement", "target": "LPP-PDU-Definitions.SV-ID", "value": 1},
    {"source": "LPP-PDU-Definitions.LocationCoordinates", "target": "LPP-PDU-Definitions.Ellipsoid-PointWithUncertaintyCircle", "value": 1},
    {"source": "LPP-PDU-Definitions.LocationCoordinates", "target": "LPP-PDU-Definitions.EllipsoidPointWithAltitudeAndUncertaintyEllipsoid", "value": 1},
    {"source": "LPP-PDU-Definitions.LocationCoordinates", "target": "LPP-PDU-Definitions.Polygon", "value": 1},
    {"source": "LPP-PDU-Definitions.LocationCoordinates", "target": "LPP-PDU-Definitions.EllipsoidPointWithAltitude", "value": 1},
    {"source": "LPP-PDU-Definitions.LocationCoordinates", "target": "LPP-PDU-Definitions.EllipsoidPointWithUncertaintyEllipse", "value": 1},
    {"source": "LPP-PDU-Definitions.LocationCoordinates", "target": "LPP-PDU-Definitions.EllipsoidArc", "value": 1},
    {"source": "LPP-PDU-Definitions.LocationCoordinates", "target": "LPP-PDU-Definitions.Ellipsoid-Point", "value": 1},
    {"source": "LPP-PDU-Definitions.Sensor-Error-r13", "target": "LPP-PDU-Definitions.Sensor-TargetDeviceErrorCauses-r13", "value": 1},
    {"source": "LPP-PDU-Definitions.Sensor-Error-r13", "target": "LPP-PDU-Definitions.Sensor-LocationServerErrorCauses-r13", "value": 1},
    {"source": "LPP-PDU-Definitions.GNSS-OrbitModel", "target": "LPP-PDU-Definitions.NavModelKeplerianSet", "value": 1},
    {"source": "LPP-PDU-Definitions.GNSS-OrbitModel", "target": "LPP-PDU-Definitions.NavModel-BDS-KeplerianSet-r12", "value": 1},
    {"source": "LPP-PDU-Definitions.GNSS-OrbitModel", "target": "LPP-PDU-Definitions.NavModel-GLONASS-ECEF", "value": 1},
    {"source": "LPP-PDU-Definitions.GNSS-OrbitModel", "target": "LPP-PDU-Definitions.NavModel-SBAS-ECEF", "value": 1},
    {"source": "LPP-PDU-Definitions.GNSS-OrbitModel", "target": "LPP-PDU-Definitions.NavModelNAV-KeplerianSet", "value": 1},
    {"source": "LPP-PDU-Definitions.GNSS-OrbitModel", "target": "LPP-PDU-Definitions.NavModelCNAV-KeplerianSet", "value": 1},
    {"source": "LPP-PDU-Definitions.StoredNavListInfo", "target": "LPP-PDU-Definitions.SatListRelatedDataList", "value": 1},
    {"source": "LPP-PDU-Definitions.GNSS-LocationInformation", "target": "LPP-PDU-Definitions.MeasurementReferenceTime", "value": 1},
    {"source": "LPP-PDU-Definitions.GNSS-LocationInformation", "target": "LPP-PDU-Definitions.GNSS-ID-Bitmap", "value": 1},
    {"source": "LPP-PDU-Definitions.LPP-TransactionID", "target": "LPP-PDU-Definitions.TransactionNumber", "value": 1},
    {"source": "LPP-PDU-Definitions.LPP-TransactionID", "target": "LPP-PDU-Definitions.Initiator", "value": 1},
    {"source": "LPP-PDU-Definitions.GNSS-IonosphericModel", "target": "LPP-PDU-Definitions.KlobucharModelParameter", "value": 1},
    {"source": "LPP-PDU-Definitions.GNSS-IonosphericModel", "target": "LPP-PDU-Definitions.NeQuickModelParameter", "value": 1},
    {"source": "LPP-PDU-Definitions.OTDOA-ProvideLocationInformation", "target": "LPP-PDU-Definitions.OTDOA-SignalMeasurementInformation", "value": 1},
    {"source": "LPP-PDU-Definitions.OTDOA-ProvideLocationInformation", "target": "LPP-PDU-Definitions.OTDOA-Error", "value": 1},
    {"source": "LPP-PDU-Definitions.Polygon", "target": "LPP-PDU-Definitions.PolygonPoints", "value": 1},
    {"source": "LPP-PDU-Definitions.GNSS-TimeModelListReq", "target": "LPP-PDU-Definitions.GNSS-TimeModelElementReq", "value": 1},
    {"source": "LPP-PDU-Definitions.NetworkTime", "target": "LPP-PDU-Definitions.CellGlobalIdEUTRA-AndUTRA", "value": 1},
    {"source": "LPP-PDU-Definitions.NetworkTime", "target": "LPP-PDU-Definitions.ARFCN-ValueEUTRA-v9a0", "value": 1},
    {"source": "LPP-PDU-Definitions.NetworkTime", "target": "LPP-PDU-Definitions.ARFCN-ValueEUTRA", "value": 1},
    {"source": "LPP-PDU-Definitions.NetworkTime", "target": "LPP-PDU-Definitions.CellGlobalIdGERAN", "value": 1},
    {"source": "LPP-PDU-Definitions.NetworkTime", "target": "LPP-PDU-Definitions.ARFCN-ValueUTRA", "value": 1},
    {"source": "LPP-PDU-Definitions.ARFCN-ValueEUTRA-v9a0", "target": "LPP-PDU-Definitions.maxEARFCN-Plus1", "value": 1},
    {"source": "LPP-PDU-Definitions.ARFCN-ValueEUTRA-v9a0", "target": "LPP-PDU-Definitions.maxEARFCN2", "value": 1},
    {"source": "LPP-PDU-Definitions.ARFCN-ValueEUTRA", "target": "LPP-PDU-Definitions.maxEARFCN", "value": 1},
    {"source": "LPP-PDU-Definitions.GNSS-ID-GLONASS-SatElement", "target": "LPP-PDU-Definitions.GNSS-SignalIDs", "value": 1},
    {"source": "LPP-PDU-Definitions.GNSS-ID-GLONASS-SatElement", "target": "LPP-PDU-Definitions.SV-ID", "value": 1},
    {"source": "LPP-PDU-Definitions.GNSS-ID-GLONASS", "target": "LPP-PDU-Definitions.GNSS-ID-GLONASS-SatElement", "value": 1},
    {"source": "LPP-PDU-Definitions.GNSS-GenericAssistData", "target": "LPP-PDU-Definitions.GNSS-GenericAssistDataElement", "value": 1},
    {"source": "LPP-PDU-Definitions.A-GNSS-RequestAssistanceData", "target": "LPP-PDU-Definitions.GNSS-GenericAssistDataReq", "value": 1},
    {"source": "LPP-PDU-Definitions.A-GNSS-RequestAssistanceData", "target": "LPP-PDU-Definitions.GNSS-CommonAssistDataReq", "value": 1},
    {"source": "LPP-PDU-Definitions.RequestAssistanceData-r9-IEs", "target": "LPP-PDU-Definitions.EPDU-Sequence", "value": 1},
    {"source": "LPP-PDU-Definitions.RequestAssistanceData-r9-IEs", "target": "LPP-PDU-Definitions.CommonIEsRequestAssistanceData", "value": 1},
    {"source": "LPP-PDU-Definitions.RequestAssistanceData-r9-IEs", "target": "LPP-PDU-Definitions.A-GNSS-RequestAssistanceData", "value": 1},
    {"source": "LPP-PDU-Definitions.RequestAssistanceData-r9-IEs", "target": "LPP-PDU-Definitions.OTDOA-RequestAssistanceData", "value": 1},
    {"source": "LPP-PDU-Definitions.OTDOA-ProvideCapabilities", "target": "LPP-PDU-Definitions.maxBands", "value": 1},
    {"source": "LPP-PDU-Definitions.OTDOA-ProvideCapabilities", "target": "LPP-PDU-Definitions.SupportedBandEUTRA-v9a0", "value": 1},
    {"source": "LPP-PDU-Definitions.OTDOA-ProvideCapabilities", "target": "LPP-PDU-Definitions.SupportedBandEUTRA", "value": 1},
    {"source": "LPP-PDU-Definitions.BDS-DifferentialCorrectionsSupport-r12", "target": "LPP-PDU-Definitions.GNSS-SignalIDs", "value": 1},
    {"source": "LPP-PDU-Definitions.BDS-SgnTypeElement-r12", "target": "LPP-PDU-Definitions.GNSS-SignalID", "value": 1},
    {"source": "LPP-PDU-Definitions.BDS-SgnTypeElement-r12", "target": "LPP-PDU-Definitions.DBDS-CorrectionList-r12", "value": 1},
    {"source": "LPP-PDU-Definitions.GNSS-ID-GPS-SatElement", "target": "LPP-PDU-Definitions.GNSS-SignalIDs", "value": 1},
    {"source": "LPP-PDU-Definitions.GNSS-ID-GPS-SatElement", "target": "LPP-PDU-Definitions.SV-ID", "value": 1},
    {"source": "LPP-PDU-Definitions.BT-ProvideLocationInformation-r13", "target": "LPP-PDU-Definitions.BT-MeasurementInformation-r13", "value": 1},
    {"source": "LPP-PDU-Definitions.BT-ProvideLocationInformation-r13", "target": "LPP-PDU-Definitions.BT-Error-r13", "value": 1},
    {"source": "LPP-PDU-Definitions.GNSS-UTC-Model", "target": "LPP-PDU-Definitions.UTC-ModelSet5-r12", "value": 1},
    {"source": "LPP-PDU-Definitions.GNSS-UTC-Model", "target": "LPP-PDU-Definitions.UTC-ModelSet3", "value": 1},
    {"source": "LPP-PDU-Definitions.GNSS-UTC-Model", "target": "LPP-PDU-Definitions.UTC-ModelSet1", "value": 1},
    {"source": "LPP-PDU-Definitions.GNSS-UTC-Model", "target": "LPP-PDU-Definitions.UTC-ModelSet4", "value": 1},
    {"source": "LPP-PDU-Definitions.GNSS-UTC-Model", "target": "LPP-PDU-Definitions.UTC-ModelSet2", "value": 1},
    {"source": "LPP-PDU-Definitions.GNSS-ReferenceLocation", "target": "LPP-PDU-Definitions.EllipsoidPointWithAltitudeAndUncertaintyEllipsoid", "value": 1},
    {"source": "LPP-PDU-Definitions.Error", "target": "LPP-PDU-Definitions.Error-r9-IEs", "value": 1},
    {"source": "LPP-PDU-Definitions.GNSS-AcquisitionAssistElement", "target": "LPP-PDU-Definitions.SV-ID", "value": 1},
    {"source": "LPP-PDU-Definitions.TriggeredReportingCriteria", "target": "LPP-PDU-Definitions.ReportingDuration", "value": 1},
    {"source": "LPP-PDU-Definitions.Error-r9-IEs", "target": "LPP-PDU-Definitions.CommonIEsError", "value": 1},
    {"source": "LPP-PDU-Definitions.Error-r9-IEs", "target": "LPP-PDU-Definitions.EPDU-Sequence", "value": 1},
    {"source": "LPP-PDU-Definitions.OTDOA-ReferenceCellInfo", "target": "LPP-PDU-Definitions.ARFCN-ValueEUTRA-v9a0", "value": 1},
    {"source": "LPP-PDU-Definitions.OTDOA-ReferenceCellInfo", "target": "LPP-PDU-Definitions.PRS-Info", "value": 1},
    {"source": "LPP-PDU-Definitions.OTDOA-ReferenceCellInfo", "target": "LPP-PDU-Definitions.ARFCN-ValueEUTRA", "value": 1},
    {"source": "LPP-PDU-Definitions.OTDOA-ReferenceCellInfo", "target": "LPP-PDU-Definitions.ECGI", "value": 1},
    {"source": "LPP-PDU-Definitions.RequestLocationInformation-r9-IEs", "target": "LPP-PDU-Definitions.CommonIEsRequestLocationInformation", "value": 1},
    {"source": "LPP-PDU-Definitions.RequestLocationInformation-r9-IEs", "target": "LPP-PDU-Definitions.WLAN-RequestLocationInformation-r13", "value": 1},
    {"source": "LPP-PDU-Definitions.RequestLocationInformation-r9-IEs", "target": "LPP-PDU-Definitions.EPDU-Sequence", "value": 1},
    {"source": "LPP-PDU-Definitions.RequestLocationInformation-r9-IEs", "target": "LPP-PDU-Definitions.BT-RequestLocationInformation-r13", "value": 1},
    {"source": "LPP-PDU-Definitions.RequestLocationInformation-r9-IEs", "target": "LPP-PDU-Definitions.A-GNSS-RequestLocationInformation", "value": 1},
    {"source": "LPP-PDU-Definitions.RequestLocationInformation-r9-IEs", "target": "LPP-PDU-Definitions.Sensor-RequestLocationInformation-r13", "value": 1},
    {"source": "LPP-PDU-Definitions.RequestLocationInformation-r9-IEs", "target": "LPP-PDU-Definitions.ECID-RequestLocationInformation", "value": 1},
    {"source": "LPP-PDU-Definitions.RequestLocationInformation-r9-IEs", "target": "LPP-PDU-Definitions.OTDOA-RequestLocationInformation", "value": 1},
    {"source": "LPP-PDU-Definitions.RequestLocationInformation-r9-IEs", "target": "LPP-PDU-Definitions.TBS-RequestLocationInformation-r13", "value": 1},
    {"source": "LPP-PDU-Definitions.GNSS-GenericAssistanceDataSupport", "target": "LPP-PDU-Definitions.GNSS-GenericAssistDataSupportElement", "value": 1},
    {"source": "LPP-PDU-Definitions.ProvideCapabilities-r9-IEs", "target": "LPP-PDU-Definitions.A-GNSS-ProvideCapabilities", "value": 1},
    {"source": "LPP-PDU-Definitions.ProvideCapabilities-r9-IEs", "target": "LPP-PDU-Definitions.BT-ProvideCapabilities-r13", "value": 1},
    {"source": "LPP-PDU-Definitions.ProvideCapabilities-r9-IEs", "target": "LPP-PDU-Definitions.EPDU-Sequence", "value": 1},
    {"source": "LPP-PDU-Definitions.ProvideCapabilities-r9-IEs", "target": "LPP-PDU-Definitions.TBS-ProvideCapabilities-r13", "value": 1},
    {"source": "LPP-PDU-Definitions.ProvideCapabilities-r9-IEs", "target": "LPP-PDU-Definitions.Sensor-ProvideCapabilities-r13", "value": 1},
    {"source": "LPP-PDU-Definitions.ProvideCapabilities-r9-IEs", "target": "LPP-PDU-Definitions.CommonIEsProvideCapabilities", "value": 1},
    {"source": "LPP-PDU-Definitions.ProvideCapabilities-r9-IEs", "target": "LPP-PDU-Definitions.WLAN-ProvideCapabilities-r13", "value": 1},
    {"source": "LPP-PDU-Definitions.ProvideCapabilities-r9-IEs", "target": "LPP-PDU-Definitions.OTDOA-ProvideCapabilities", "value": 1},
    {"source": "LPP-PDU-Definitions.ProvideCapabilities-r9-IEs", "target": "LPP-PDU-Definitions.ECID-ProvideCapabilities", "value": 1},
    {"source": "LPP-PDU-Definitions.WLAN-MeasurementElement-r13", "target": "LPP-PDU-Definitions.WLAN-RTT-r13", "value": 1},
    {"source": "LPP-PDU-Definitions.WLAN-MeasurementElement-r13", "target": "LPP-PDU-Definitions.WLAN-AP-Identifier-r13", "value": 1},
    {"source": "LPP-PDU-Definitions.Abort", "target": "LPP-PDU-Definitions.Abort-r9-IEs", "value": 1},
    {"source": "LPP-PDU-Definitions.GNSS-DifferentialCorrectionsSupport", "target": "LPP-PDU-Definitions.GNSS-SignalIDs", "value": 1},
    {"source": "LPP-PDU-Definitions.WLAN-Error-r13", "target": "LPP-PDU-Definitions.WLAN-TargetDeviceErrorCauses-r13", "value": 1},
    {"source": "LPP-PDU-Definitions.WLAN-Error-r13", "target": "LPP-PDU-Definitions.WLAN-LocationServerErrorCauses-r13", "value": 1},
    {"source": "LPP-PDU-Definitions.AlmanacNAV-KeplerianSet", "target": "LPP-PDU-Definitions.SV-ID", "value": 1},
    {"source": "LPP-PDU-Definitions.GNSS-ReferenceTime", "target": "LPP-PDU-Definitions.GNSS-SystemTime", "value": 1},
    {"source": "LPP-PDU-Definitions.GNSS-ReferenceTime", "target": "LPP-PDU-Definitions.GNSS-ReferenceTimeForOneCell", "value": 1},
    {"source": "LPP-PDU-Definitions.ProvideAssistanceData", "target": "LPP-PDU-Definitions.ProvideAssistanceData-r9-IEs", "value": 1},
    {"source": "LPP-PDU-Definitions.GNSS-GenericAssistDataElement", "target": "LPP-PDU-Definitions.GNSS-Almanac", "value": 1},
    {"source": "LPP-PDU-Definitions.GNSS-GenericAssistDataElement", "target": "LPP-PDU-Definitions.BDS-DifferentialCorrections-r12", "value": 1},
    {"source": "LPP-PDU-Definitions.GNSS-GenericAssistDataElement", "target": "LPP-PDU-Definitions.GNSS-DifferentialCorrections", "value": 1},
    {"source": "LPP-PDU-Definitions.GNSS-GenericAssistDataElement", "target": "LPP-PDU-Definitions.GNSS-DataBitAssistance", "value": 1},
    {"source": "LPP-PDU-Definitions.GNSS-GenericAssistDataElement", "target": "LPP-PDU-Definitions.GNSS-TimeModelList", "value": 1},
    {"source": "LPP-PDU-Definitions.GNSS-GenericAssistDataElement", "target": "LPP-PDU-Definitions.GNSS-UTC-Model", "value": 1},
    {"source": "LPP-PDU-Definitions.GNSS-GenericAssistDataElement", "target": "LPP-PDU-Definitions.BDS-GridModelParameter-r12", "value": 1},
    {"source": "LPP-PDU-Definitions.GNSS-GenericAssistDataElement", "target": "LPP-PDU-Definitions.GNSS-ID", "value": 1},
    {"source": "LPP-PDU-Definitions.GNSS-GenericAssistDataElement", "target": "LPP-PDU-Definitions.GNSS-AuxiliaryInformation", "value": 1},
    {"source": "LPP-PDU-Definitions.GNSS-GenericAssistDataElement", "target": "LPP-PDU-Definitions.SBAS-ID", "value": 1},
    {"source": "LPP-PDU-Definitions.GNSS-GenericAssistDataElement", "target": "LPP-PDU-Definitions.GNSS-AcquisitionAssistance", "value": 1},
    {"source": "LPP-PDU-Definitions.GNSS-GenericAssistDataElement", "target": "LPP-PDU-Definitions.GNSS-NavigationModel", "value": 1},
    {"source": "LPP-PDU-Definitions.GNSS-GenericAssistDataElement", "target": "LPP-PDU-Definitions.GNSS-RealTimeIntegrity", "value": 1},
    {"source": "LPP-PDU-Definitions.Abort-r9-IEs", "target": "LPP-PDU-Definitions.EPDU-Sequence", "value": 1},
    {"source": "LPP-PDU-Definitions.Abort-r9-IEs", "target": "LPP-PDU-Definitions.CommonIEsAbort", "value": 1},
    {"source": "LPP-PDU-Definitions.GNSS-GenericAssistDataReqElement", "target": "LPP-PDU-Definitions.GNSS-AlmanacReq", "value": 1},
    {"source": "LPP-PDU-Definitions.GNSS-GenericAssistDataReqElement", "target": "LPP-PDU-Definitions.GNSS-DataBitAssistanceReq", "value": 1},
    {"source": "LPP-PDU-Definitions.GNSS-GenericAssistDataReqElement", "target": "LPP-PDU-Definitions.GNSS-TimeModelListReq", "value": 1},
    {"source": "LPP-PDU-Definitions.GNSS-GenericAssistDataReqElement", "target": "LPP-PDU-Definitions.GNSS-ID", "value": 1},
    {"source": "LPP-PDU-Definitions.GNSS-GenericAssistDataReqElement", "target": "LPP-PDU-Definitions.BDS-DifferentialCorrectionsReq-r12", "value": 1},
    {"source": "LPP-PDU-Definitions.GNSS-GenericAssistDataReqElement", "target": "LPP-PDU-Definitions.GNSS-NavigationModelReq", "value": 1},
    {"source": "LPP-PDU-Definitions.GNSS-GenericAssistDataReqElement", "target": "LPP-PDU-Definitions.GNSS-AuxiliaryInformationReq", "value": 1},
    {"source": "LPP-PDU-Definitions.GNSS-GenericAssistDataReqElement", "target": "LPP-PDU-Definitions.GNSS-UTC-ModelReq", "value": 1},
    {"source": "LPP-PDU-Definitions.GNSS-GenericAssistDataReqElement", "target": "LPP-PDU-Definitions.SBAS-ID", "value": 1},
    {"source": "LPP-PDU-Definitions.GNSS-GenericAssistDataReqElement", "target": "LPP-PDU-Definitions.GNSS-DifferentialCorrectionsReq", "value": 1},
    {"source": "LPP-PDU-Definitions.GNSS-GenericAssistDataReqElement", "target": "LPP-PDU-Definitions.GNSS-RealTimeIntegrityReq", "value": 1},
    {"source": "LPP-PDU-Definitions.GNSS-GenericAssistDataReqElement", "target": "LPP-PDU-Definitions.GNSS-AcquisitionAssistanceReq", "value": 1},
    {"source": "LPP-PDU-Definitions.GNSS-GenericAssistDataReqElement", "target": "LPP-PDU-Definitions.BDS-GridModelReq-r12", "value": 1},
    {"source": "LPP-PDU-Definitions.GNSS-ReferenceTimeReq", "target": "LPP-PDU-Definitions.GNSS-ID", "value": 1},
    {"source": "LPP-PDU-Definitions.GNSS-AcquisitionAssistList", "target": "LPP-PDU-Definitions.GNSS-AcquisitionAssistElement", "value": 1},
    {"source": "LPP-PDU-Definitions.BadSignalElement", "target": "LPP-PDU-Definitions.GNSS-SignalIDs", "value": 1},
    {"source": "LPP-PDU-Definitions.BadSignalElement", "target": "LPP-PDU-Definitions.SV-ID", "value": 1},
    {"source": "LPP-PDU-Definitions.GNSS-ClockModel", "target": "LPP-PDU-Definitions.CNAV-ClockModel", "value": 1},
    {"source": "LPP-PDU-Definitions.GNSS-ClockModel", "target": "LPP-PDU-Definitions.SBAS-ClockModel", "value": 1},
    {"source": "LPP-PDU-Definitions.GNSS-ClockModel", "target": "LPP-PDU-Definitions.BDS-ClockModel-r12", "value": 1},
    {"source": "LPP-PDU-Definitions.GNSS-ClockModel", "target": "LPP-PDU-Definitions.NAV-ClockModel", "value": 1},
    {"source": "LPP-PDU-Definitions.GNSS-ClockModel", "target": "LPP-PDU-Definitions.StandardClockModelList", "value": 1},
    {"source": "LPP-PDU-Definitions.GNSS-ClockModel", "target": "LPP-PDU-Definitions.GLONASS-ClockModel", "value": 1},
    {"source": "LPP-PDU-Definitions.AlmanacBDS-AlmanacSet-r12", "target": "LPP-PDU-Definitions.SV-ID", "value": 1},
    {"source": "LPP-PDU-Definitions.SatListRelatedDataElement", "target": "LPP-PDU-Definitions.SV-ID", "value": 1},
    {"source": "LPP-PDU-Definitions.CommonIEsProvideLocationInformation", "target": "LPP-PDU-Definitions.LocationSource-r13", "value": 1},
    {"source": "LPP-PDU-Definitions.CommonIEsProvideLocationInformation", "target": "LPP-PDU-Definitions.LocationError", "value": 1},
    {"source": "LPP-PDU-Definitions.CommonIEsProvideLocationInformation", "target": "LPP-PDU-Definitions.Velocity", "value": 1},
    {"source": "LPP-PDU-Definitions.CommonIEsProvideLocationInformation", "target": "LPP-PDU-Definitions.EarlyFixReport-r12", "value": 1},
    {"source": "LPP-PDU-Definitions.CommonIEsProvideLocationInformation", "target": "LPP-PDU-Definitions.LocationCoordinates", "value": 1},
    {"source": "LPP-PDU-Definitions.OTDOA-Error", "target": "LPP-PDU-Definitions.OTDOA-TargetDeviceErrorCauses", "value": 1},
    {"source": "LPP-PDU-Definitions.OTDOA-Error", "target": "LPP-PDU-Definitions.OTDOA-LocationServerErrorCauses", "value": 1},
    {"source": "LPP-PDU-Definitions.GNSS-DataBitsSgnList", "target": "LPP-PDU-Definitions.GNSS-DataBitsSgnElement", "value": 1},
    {"source": "LPP-PDU-Definitions.SatListRelatedDataList", "target": "LPP-PDU-Definitions.SatListRelatedDataElement", "value": 1},
    {"source": "LPP-PDU-Definitions.TBS-MeasurementInformation-r13", "target": "LPP-PDU-Definitions.MBS-BeaconMeasList-r13", "value": 1},
    {"source": "LPP-PDU-Definitions.GNSS-NavModelSatelliteList", "target": "LPP-PDU-Definitions.GNSS-NavModelSatelliteElement", "value": 1},
    {"source": "LPP-PDU-Definitions.GNSS-ID-GPS", "target": "LPP-PDU-Definitions.GNSS-ID-GPS-SatElement", "value": 1},
    {"source": "LPP-PDU-Definitions.BT-MeasurementList-r13", "target": "LPP-PDU-Definitions.BT-MeasurementElement-r13", "value": 1},
    {"source": "LPP-PDU-Definitions.BT-MeasurementList-r13", "target": "LPP-PDU-Definitions.maxBT-Beacon-r13", "value": 1},
    {"source": "LPP-PDU-Definitions.BDS-GridModelParameter-r12", "target": "LPP-PDU-Definitions.GridIonList-r12", "value": 1},
    {"source": "LPP-PDU-Definitions.DGNSS-CorrectionsElement", "target": "LPP-PDU-Definitions.SV-ID", "value": 1},
    {"source": "LPP-PDU-Definitions.GNSS-SatMeasList", "target": "LPP-PDU-Definitions.GNSS-SatMeasElement", "value": 1},
    {"source": "LPP-PDU-Definitions.ProvideLocationInformation", "target": "LPP-PDU-Definitions.ProvideLocationInformation-r9-IEs", "value": 1},
    {"source": "LPP-PDU-Definitions.GNSS-AcquisitionAssistance", "target": "LPP-PDU-Definitions.GNSS-AcquisitionAssistList", "value": 1},
    {"source": "LPP-PDU-Definitions.GNSS-AcquisitionAssistance", "target": "LPP-PDU-Definitions.GNSS-SignalID", "value": 1},
    {"source": "LPP-PDU-Definitions.EPDU", "target": "LPP-PDU-Definitions.EPDU-Body", "value": 1},
    {"source": "LPP-PDU-Definitions.EPDU", "target": "LPP-PDU-Definitions.EPDU-Identifier", "value": 1},
    {"source": "LPP-PDU-Definitions.GNSS-RealTimeIntegrity", "target": "LPP-PDU-Definitions.GNSS-BadSignalList", "value": 1},
    {"source": "LPP-PDU-Definitions.GNSS-AlmanacList", "target": "LPP-PDU-Definitions.GNSS-AlmanacElement", "value": 1},
    {"source": "LPP-PDU-Definitions.GNSS-NavModelSatelliteElement", "target": "LPP-PDU-Definitions.GNSS-OrbitModel", "value": 1},
    {"source": "LPP-PDU-Definitions.GNSS-NavModelSatelliteElement", "target": "LPP-PDU-Definitions.GNSS-ClockModel", "value": 1},
    {"source": "LPP-PDU-Definitions.GNSS-NavModelSatelliteElement", "target": "LPP-PDU-Definitions.SV-ID", "value": 1},
    {"source": "LPP-PDU-Definitions.A-GNSS-ProvideLocationInformation", "target": "LPP-PDU-Definitions.GNSS-SignalMeasurementInformation", "value": 1},
    {"source": "LPP-PDU-Definitions.A-GNSS-ProvideLocationInformation", "target": "LPP-PDU-Definitions.A-GNSS-Error", "value": 1},
    {"source": "LPP-PDU-Definitions.A-GNSS-ProvideLocationInformation", "target": "LPP-PDU-Definitions.GNSS-LocationInformation", "value": 1},
    {"source": "LPP-PDU-Definitions.BDS-DifferentialCorrections-r12", "target": "LPP-PDU-Definitions.BDS-SgnTypeList-r12", "value": 1},
    {"source": "LPP-PDU-Definitions.AlmanacReducedKeplerianSet", "target": "LPP-PDU-Definitions.SV-ID", "value": 1},
    {"source": "LPP-PDU-Definitions.GNSS-CommonAssistData", "target": "LPP-PDU-Definitions.GNSS-IonosphericModel", "value": 1},
    {"source": "LPP-PDU-Definitions.GNSS-CommonAssistData", "target": "LPP-PDU-Definitions.GNSS-ReferenceLocation", "value": 1},
    {"source": "LPP-PDU-Definitions.GNSS-CommonAssistData", "target": "LPP-PDU-Definitions.GNSS-EarthOrientationParameters", "value": 1},
    {"source": "LPP-PDU-Definitions.GNSS-CommonAssistData", "target": "LPP-PDU-Definitions.GNSS-ReferenceTime", "value": 1},
    {"source": "LPP-PDU-Definitions.ECID-ProvideLocationInformation", "target": "LPP-PDU-Definitions.ECID-SignalMeasurementInformation", "value": 1},
    {"source": "LPP-PDU-Definitions.ECID-ProvideLocationInformation", "target": "LPP-PDU-Definitions.ECID-Error", "value": 1},
    {"source": "LPP-PDU-Definitions.CommonIEsRequestLocationInformation", "target": "LPP-PDU-Definitions.LocationInformationType", "value": 1},
    {"source": "LPP-PDU-Definitions.CommonIEsRequestLocationInformation", "target": "LPP-PDU-Definitions.VelocityTypes", "value": 1},
    {"source": "LPP-PDU-Definitions.CommonIEsRequestLocationInformation", "target": "LPP-PDU-Definitions.LocationCoordinateTypes", "value": 1},
    {"source": "LPP-PDU-Definitions.CommonIEsRequestLocationInformation", "target": "LPP-PDU-Definitions.PeriodicalReportingCriteria", "value": 1},
    {"source": "LPP-PDU-Definitions.CommonIEsRequestLocationInformation", "target": "LPP-PDU-Definitions.QoS", "value": 1},
    {"source": "LPP-PDU-Definitions.CommonIEsRequestLocationInformation", "target": "LPP-PDU-Definitions.TriggeredReportingCriteria", "value": 1},
    {"source": "LPP-PDU-Definitions.CommonIEsRequestLocationInformation", "target": "LPP-PDU-Definitions.Environment", "value": 1},
    {"source": "LPP-PDU-Definitions.CommonIEsRequestLocationInformation", "target": "LPP-PDU-Definitions.AdditionalInformation", "value": 1},
    {"source": "LPP-PDU-Definitions.GNSS-DataBitAssistanceReq", "target": "LPP-PDU-Definitions.GNSS-SignalIDs", "value": 1},
    {"source": "LPP-PDU-Definitions.GNSS-DataBitAssistanceReq", "target": "LPP-PDU-Definitions.GNSS-DataBitsReqSatList", "value": 1},
    {"source": "LPP-PDU-Definitions.EPDU-Sequence", "target": "LPP-PDU-Definitions.EPDU", "value": 1},
    {"source": "LPP-PDU-Definitions.EPDU-Sequence", "target": "LPP-PDU-Definitions.maxEPDU", "value": 1},
    {"source": "LPP-PDU-Definitions.RequestAssistanceData", "target": "LPP-PDU-Definitions.RequestAssistanceData-r9-IEs", "value": 1},
    {"source": "LPP-PDU-Definitions.Sensor-ProvideLocationInformation-r13", "target": "LPP-PDU-Definitions.Sensor-Error-r13", "value": 1},
    {"source": "LPP-PDU-Definitions.Sensor-ProvideLocationInformation-r13", "target": "LPP-PDU-Definitions.Sensor-MeasurementInformation-r13", "value": 1},
    {"source": "LPP-PDU-Definitions.GNSS-CommonAssistDataReq", "target": "LPP-PDU-Definitions.GNSS-IonosphericModelReq", "value": 1},
    {"source": "LPP-PDU-Definitions.GNSS-CommonAssistDataReq", "target": "LPP-PDU-Definitions.GNSS-ReferenceTimeReq", "value": 1},
    {"source": "LPP-PDU-Definitions.GNSS-CommonAssistDataReq", "target": "LPP-PDU-Definitions.GNSS-ReferenceLocationReq", "value": 1},
    {"source": "LPP-PDU-Definitions.GNSS-CommonAssistDataReq", "target": "LPP-PDU-Definitions.GNSS-EarthOrientationParametersReq", "value": 1},
    {"source": "LPP-PDU-Definitions.GNSS-SupportList", "target": "LPP-PDU-Definitions.GNSS-SupportElement", "value": 1},
    {"source": "LPP-PDU-Definitions.WLAN-MeasurementInformation-r13", "target": "LPP-PDU-Definitions.WLAN-MeasurementList-r13", "value": 1},
    {"source": "LPP-PDU-Definitions.GNSS-GenericAssistDataReq", "target": "LPP-PDU-Definitions.GNSS-GenericAssistDataReqElement", "value": 1},
    {"source": "LPP-PDU-Definitions.GNSS-NavigationModel", "target": "LPP-PDU-Definitions.GNSS-NavModelSatelliteList", "value": 1},
    {"source": "LPP-PDU-Definitions.GNSS-ReferenceTimeForOneCell", "target": "LPP-PDU-Definitions.NetworkTime", "value": 1},
    {"source": "LPP-PDU-Definitions.A-GNSS-ProvideCapabilities", "target": "LPP-PDU-Definitions.GNSS-SupportList", "value": 1},
    {"source": "LPP-PDU-Definitions.A-GNSS-ProvideCapabilities", "target": "LPP-PDU-Definitions.VelocityTypes", "value": 1},
    {"source": "LPP-PDU-Definitions.A-GNSS-ProvideCapabilities", "target": "LPP-PDU-Definitions.LocationCoordinateTypes", "value": 1},
    {"source": "LPP-PDU-Definitions.A-GNSS-ProvideCapabilities", "target": "LPP-PDU-Definitions.AssistanceDataSupportList", "value": 1},
    {"source": "LPP-PDU-Definitions.BDS-DifferentialCorrectionsReq-r12", "target": "LPP-PDU-Definitions.GNSS-SignalIDs", "value": 1},
    {"source": "LPP-PDU-Definitions.DBDS-CorrectionElement-r12", "target": "LPP-PDU-Definitions.SV-ID", "value": 1},
    {"source": "LPP-PDU-Definitions.SupportedBandEUTRA", "target": "LPP-PDU-Definitions.maxFBI", "value": 1},
    {"source": "LPP-PDU-Definitions.TBS-ProvideLocationInformation-r13", "target": "LPP-PDU-Definitions.TBS-Error-r13", "value": 1},
    {"source": "LPP-PDU-Definitions.TBS-ProvideLocationInformation-r13", "target": "LPP-PDU-Definitions.TBS-MeasurementInformation-r13", "value": 1},
    {"source": "LPP-PDU-Definitions.OTDOA-NeighbourFreqInfo", "target": "LPP-PDU-Definitions.OTDOA-NeighbourCellInfoElement", "value": 1},
    {"source": "LPP-PDU-Definitions.GNSS-SignalMeasurementInformation", "target": "LPP-PDU-Definitions.GNSS-MeasurementList", "value": 1},
    {"source": "LPP-PDU-Definitions.GNSS-SignalMeasurementInformation", "target": "LPP-PDU-Definitions.MeasurementReferenceTime", "value": 1},
    {"source": "LPP-PDU-Definitions.Velocity", "target": "LPP-PDU-Definitions.HorizontalVelocityWithUncertainty", "value": 1},
    {"source": "LPP-PDU-Definitions.Velocity", "target": "LPP-PDU-Definitions.HorizontalVelocity", "value": 1},
    {"source": "LPP-PDU-Definitions.Velocity", "target": "LPP-PDU-Definitions.HorizontalWithVerticalVelocity", "value": 1},
    {"source": "LPP-PDU-Definitions.Velocity", "target": "LPP-PDU-Definitions.HorizontalWithVerticalVelocityAndUncertainty", "value": 1},
    {"source": "LPP-PDU-Definitions.BDS-SgnTypeList-r12", "target": "LPP-PDU-Definitions.BDS-SgnTypeElement-r12", "value": 1},
    {"source": "LPP-PDU-Definitions.TBS-Error-r13", "target": "LPP-PDU-Definitions.TBS-LocationServerErrorCauses-r13", "value": 1},
    {"source": "LPP-PDU-Definitions.TBS-Error-r13", "target": "LPP-PDU-Definitions.TBS-TargetDeviceErrorCauses-r13", "value": 1},
    {"source": "LPP-PDU-Definitions.LPP-MessageBody", "target": "LPP-PDU-Definitions.Abort", "value": 1},
    {"source": "LPP-PDU-Definitions.LPP-MessageBody", "target": "LPP-PDU-Definitions.RequestAssistanceData", "value": 1},
    {"source": "LPP-PDU-Definitions.LPP-MessageBody", "target": "LPP-PDU-Definitions.RequestLocationInformation", "value": 1},
    {"source": "LPP-PDU-Definitions.LPP-MessageBody", "target": "LPP-PDU-Definitions.Error", "value": 1},
    {"source": "LPP-PDU-Definitions.LPP-MessageBody", "target": "LPP-PDU-Definitions.ProvideAssistanceData", "value": 1},
    {"source": "LPP-PDU-Definitions.LPP-MessageBody", "target": "LPP-PDU-Definitions.ProvideCapabilities", "value": 1},
    {"source": "LPP-PDU-Definitions.LPP-MessageBody", "target": "LPP-PDU-Definitions.RequestCapabilities", "value": 1},
    {"source": "LPP-PDU-Definitions.LPP-MessageBody", "target": "LPP-PDU-Definitions.ProvideLocationInformation", "value": 1},
    {"source": "LPP-PDU-Definitions.GNSS-MeasurementForOneGNSS", "target": "LPP-PDU-Definitions.GNSS-ID", "value": 1},
    {"source": "LPP-PDU-Definitions.GNSS-MeasurementForOneGNSS", "target": "LPP-PDU-Definitions.GNSS-SgnMeasList", "value": 1},
    {"source": "LPP-PDU-Definitions.A-GNSS-ProvideAssistanceData", "target": "LPP-PDU-Definitions.A-GNSS-Error", "value": 1},
    {"source": "LPP-PDU-Definitions.A-GNSS-ProvideAssistanceData", "target": "LPP-PDU-Definitions.GNSS-GenericAssistData", "value": 1},
    {"source": "LPP-PDU-Definitions.A-GNSS-ProvideAssistanceData", "target": "LPP-PDU-Definitions.GNSS-CommonAssistData", "value": 1},
    {"source": "LPP-PDU-Definitions.GNSS-DifferentialCorrectionsReq", "target": "LPP-PDU-Definitions.GNSS-SignalIDs", "value": 1},
    {"source": "LPP-PDU-Definitions.DGNSS-SgnTypeElement", "target": "LPP-PDU-Definitions.DGNSS-SatList", "value": 1},
    {"source": "LPP-PDU-Definitions.DGNSS-SgnTypeElement", "target": "LPP-PDU-Definitions.GNSS-SignalID", "value": 1},
    {"source": "LPP-PDU-Definitions.LPP-Message", "target": "LPP-PDU-Definitions.SequenceNumber", "value": 1},
    {"source": "LPP-PDU-Definitions.LPP-Message", "target": "LPP-PDU-Definitions.LPP-MessageBody", "value": 1},
    {"source": "LPP-PDU-Definitions.LPP-Message", "target": "LPP-PDU-Definitions.Acknowledgement", "value": 1},
    {"source": "LPP-PDU-Definitions.LPP-Message", "target": "LPP-PDU-Definitions.LPP-TransactionID", "value": 1},
    {"source": "LPP-PDU-Definitions.MBS-BeaconMeasList-r13", "target": "LPP-PDU-Definitions.MBS-BeaconMeasElement-r13", "value": 1},
    {"source": "LPP-PDU-Definitions.GNSS-GenericAssistDataSupportElement", "target": "LPP-PDU-Definitions.GNSS-DifferentialCorrectionsSupport", "value": 1},
    {"source": "LPP-PDU-Definitions.GNSS-GenericAssistDataSupportElement", "target": "LPP-PDU-Definitions.BDS-DifferentialCorrectionsSupport-r12", "value": 1},
    {"source": "LPP-PDU-Definitions.GNSS-GenericAssistDataSupportElement", "target": "LPP-PDU-Definitions.GNSS-DataBitAssistanceSupport", "value": 1},
    {"source": "LPP-PDU-Definitions.GNSS-GenericAssistDataSupportElement", "target": "LPP-PDU-Definitions.BDS-GridModelSupport-r12", "value": 1},
    {"source": "LPP-PDU-Definitions.GNSS-GenericAssistDataSupportElement", "target": "LPP-PDU-Definitions.GNSS-ID", "value": 1},
    {"source": "LPP-PDU-Definitions.GNSS-GenericAssistDataSupportElement", "target": "LPP-PDU-Definitions.GNSS-AcquisitionAssistanceSupport", "value": 1},
    {"source": "LPP-PDU-Definitions.GNSS-GenericAssistDataSupportElement", "target": "LPP-PDU-Definitions.GNSS-AlmanacSupport", "value": 1},
    {"source": "LPP-PDU-Definitions.GNSS-GenericAssistDataSupportElement", "target": "LPP-PDU-Definitions.GNSS-UTC-ModelSupport", "value": 1},
    {"source": "LPP-PDU-Definitions.GNSS-GenericAssistDataSupportElement", "target": "LPP-PDU-Definitions.GNSS-RealTimeIntegritySupport", "value": 1},
    {"source": "LPP-PDU-Definitions.GNSS-GenericAssistDataSupportElement", "target": "LPP-PDU-Definitions.GNSS-NavigationModelSupport", "value": 1},
    {"source": "LPP-PDU-Definitions.GNSS-GenericAssistDataSupportElement", "target": "LPP-PDU-Definitions.GNSS-TimeModelListSupport", "value": 1},
    {"source": "LPP-PDU-Definitions.GNSS-GenericAssistDataSupportElement", "target": "LPP-PDU-Definitions.SBAS-ID", "value": 1},
    {"source": "LPP-PDU-Definitions.GNSS-GenericAssistDataSupportElement", "target": "LPP-PDU-Definitions.GNSS-AuxiliaryInformationSupport", "value": 1},
    {"source": "LPP-PDU-Definitions.GNSS-DataBitsReqSatList", "target": "LPP-PDU-Definitions.GNSS-DataBitsReqSatElement", "value": 1},
    {"source": "LPP-PDU-Definitions.SupportedBandEUTRA-v9a0", "target": "LPP-PDU-Definitions.maxFBI2", "value": 1},
    {"source": "LPP-PDU-Definitions.SupportedBandEUTRA-v9a0", "target": "LPP-PDU-Definitions.maxFBI-Plus1", "value": 1},
    {"source": "LPP-PDU-Definitions.AlmanacMidiAlmanacSet", "target": "LPP-PDU-Definitions.SV-ID", "value": 1}
  ]
}
