{
  "_comment": "code automatically generated by pycrate_asn1c",
  "nodes": [
    {"id": "_IMPL_.REAL", "group": 0},
    {"id": "_IMPL_.EXTERNAL", "group": 0},
    {"id": "_IMPL_.EMBEDDED PDV", "group": 0},
    {"id": "_IMPL_.CHARACTER STRING", "group": 0},
    {"id": "_IMPL_.TYPE-IDENTIFIER", "group": 0},
    {"id": "_IMPL_.ABSTRACT-SYNTAX", "group": 0},
    {"id": "M2AP-CommonDataTypes.maxPrivateIEs", "group": 2},
    {"id": "M2AP-CommonDataTypes.maxProtocolExtensions", "group": 2},
    {"id": "M2AP-CommonDataTypes.maxProtocolIEs", "group": 2},
    {"id": "M2AP-CommonDataTypes.Criticality", "group": 2},
    {"id": "M2AP-CommonDataTypes.Presence", "group": 2},
    {"id": "M2AP-CommonDataTypes.PrivateIE-ID", "group": 2},
    {"id": "M2AP-CommonDataTypes.ProcedureCode", "group": 2},
    {"id": "M2AP-CommonDataTypes.ProtocolIE-ID", "group": 2},
    {"id": "M2AP-CommonDataTypes.TriggeringMessage", "group": 2},
    {"id": "M2AP-Constants.id-sessionStart", "group": 3},
    {"id": "M2AP-Constants.id-sessionStop", "group": 3},
    {"id": "M2AP-Constants.id-mbmsSchedulingInformation", "group": 3},
    {"id": "M2AP-Constants.id-errorIndication", "group": 3},
    {"id": "M2AP-Constants.id-reset", "group": 3},
    {"id": "M2AP-Constants.id-m2Setup", "group": 3},
    {"id": "M2AP-Constants.id-eNBConfigurationUpdate", "group": 3},
    {"id": "M2AP-Constants.id-mCEConfigurationUpdate", "group": 3},
    {"id": "M2AP-Constants.id-privateMessage", "group": 3},
    {"id": "M2AP-Constants.id-sessionUpdate", "group": 3},
    {"id": "M2AP-Constants.id-mbmsServiceCounting", "group": 3},
    {"id": "M2AP-Constants.id-mbmsServiceCountingResultsReport", "group": 3},
    {"id": "M2AP-Constants.id-mbmsOverloadNotification", "group": 3},
    {"id": "M2AP-Constants.maxnoofMBSFNareas", "group": 3},
    {"id": "M2AP-Constants.maxnoofMBSFN-Allocations", "group": 3},
    {"id": "M2AP-Constants.maxnoofPMCHsperMBSFNarea", "group": 3},
    {"id": "M2AP-Constants.maxnoofCells", "group": 3},
    {"id": "M2AP-Constants.maxnoofMBMSServiceAreasPerCell", "group": 3},
    {"id": "M2AP-Constants.maxnoofSessionsPerPMCH", "group": 3},
    {"id": "M2AP-Constants.maxnooferrors", "group": 3},
    {"id": "M2AP-Constants.maxNrOfIndividualM2ConnectionsToReset", "group": 3},
    {"id": "M2AP-Constants.maxnoofCountingService", "group": 3},
    {"id": "M2AP-Constants.maxnoofCellsforMBMS", "group": 3},
    {"id": "M2AP-Constants.id-MCE-MBMS-M2AP-ID", "group": 3},
    {"id": "M2AP-Constants.id-ENB-MBMS-M2AP-ID", "group": 3},
    {"id": "M2AP-Constants.id-TMGI", "group": 3},
    {"id": "M2AP-Constants.id-MBMS-Session-ID", "group": 3},
    {"id": "M2AP-Constants.id-MBMS-Service-Area", "group": 3},
    {"id": "M2AP-Constants.id-TNL-Information", "group": 3},
    {"id": "M2AP-Constants.id-CriticalityDiagnostics", "group": 3},
    {"id": "M2AP-Constants.id-Cause", "group": 3},
    {"id": "M2AP-Constants.id-MBSFN-Area-Configuration-List", "group": 3},
    {"id": "M2AP-Constants.id-PMCH-Configuration-List", "group": 3},
    {"id": "M2AP-Constants.id-PMCH-Configuration-Item", "group": 3},
    {"id": "M2AP-Constants.id-GlobalENB-ID", "group": 3},
    {"id": "M2AP-Constants.id-ENBname", "group": 3},
    {"id": "M2AP-Constants.id-ENB-MBMS-Configuration-data-List", "group": 3},
    {"id": "M2AP-Constants.id-ENB-MBMS-Configuration-data-Item", "group": 3},
    {"id": "M2AP-Constants.id-GlobalMCE-ID", "group": 3},
    {"id": "M2AP-Constants.id-MCEname", "group": 3},
    {"id": "M2AP-Constants.id-MCCHrelatedBCCH-ConfigPerMBSFNArea", "group": 3},
    {"id": "M2AP-Constants.id-MCCHrelatedBCCH-ConfigPerMBSFNArea-Item", "group": 3},
    {"id": "M2AP-Constants.id-TimeToWait", "group": 3},
    {"id": "M2AP-Constants.id-MBSFN-Subframe-Configuration-List", "group": 3},
    {"id": "M2AP-Constants.id-MBSFN-Subframe-Configuration-Item", "group": 3},
    {"id": "M2AP-Constants.id-Common-Subframe-Allocation-Period", "group": 3},
    {"id": "M2AP-Constants.id-MCCH-Update-Time", "group": 3},
    {"id": "M2AP-Constants.id-ENB-MBMS-Configuration-data-List-ConfigUpdate", "group": 3},
    {"id": "M2AP-Constants.id-ENB-MBMS-Configuration-data-ConfigUpdate-Item", "group": 3},
    {"id": "M2AP-Constants.id-MBMS-Service-associatedLogicalM2-ConnectionItem", "group": 3},
    {"id": "M2AP-Constants.id-MBSFN-Area-ID", "group": 3},
    {"id": "M2AP-Constants.id-ResetType", "group": 3},
    {"id": "M2AP-Constants.id-MBMS-Service-associatedLogicalM2-ConnectionListResAck", "group": 3},
    {"id": "M2AP-Constants.id-MBMS-Counting-Request-Session", "group": 3},
    {"id": "M2AP-Constants.id-MBMS-Counting-Request-Session-Item", "group": 3},
    {"id": "M2AP-Constants.id-MBMS-Counting-Result-List", "group": 3},
    {"id": "M2AP-Constants.id-MBMS-Counting-Result-Item", "group": 3},
    {"id": "M2AP-Constants.id-Modulation-Coding-Scheme2", "group": 3},
    {"id": "M2AP-Constants.id-MCH-Scheduling-PeriodExtended", "group": 3},
    {"id": "M2AP-Constants.id-Alternative-TNL-Information", "group": 3},
    {"id": "M2AP-Constants.id-Overload-Status-Per-PMCH-List", "group": 3},
    {"id": "M2AP-Constants.id-PMCH-Overload-Status", "group": 3},
    {"id": "M2AP-Constants.id-Active-MBMS-Session-List", "group": 3},
    {"id": "M2AP-Constants.id-MBMS-Suspension-Notification-List", "group": 3},
    {"id": "M2AP-Constants.id-MBMS-Suspension-Notification-Item", "group": 3},
    {"id": "M2AP-Constants.id-SC-PTM-Information", "group": 3},
    {"id": "M2AP-Containers.M2AP-PROTOCOL-IES", "group": 4},
    {"id": "M2AP-Containers.M2AP-PROTOCOL-IES-PAIR", "group": 4},
    {"id": "M2AP-Containers.M2AP-PROTOCOL-EXTENSION", "group": 4},
    {"id": "M2AP-Containers.M2AP-PRIVATE-IES", "group": 4},
    {"id": "M2AP-Containers.ProtocolIE-Container", "group": 4},
    {"id": "M2AP-Containers.ProtocolIE-Single-Container", "group": 4},
    {"id": "M2AP-Containers.ProtocolIE-Field", "group": 4},
    {"id": "M2AP-Containers.ProtocolIE-ContainerPair", "group": 4},
    {"id": "M2AP-Containers.ProtocolIE-FieldPair", "group": 4},
    {"id": "M2AP-Containers.ProtocolIE-ContainerList", "group": 4},
    {"id": "M2AP-Containers.ProtocolIE-ContainerPairList", "group": 4},
    {"id": "M2AP-Containers.ProtocolExtensionContainer", "group": 4},
    {"id": "M2AP-Containers.ProtocolExtensionField", "group": 4},
    {"id": "M2AP-Containers.PrivateIE-Container", "group": 4},
    {"id": "M2AP-Containers.PrivateIE-Field", "group": 4},
    {"id": "M2AP-IEs.AllocatedSubframesEnd", "group": 5},
    {"id": "M2AP-IEs.AllocationAndRetentionPriority", "group": 5},
    {"id": "M2AP-IEs.AllocationAndRetentionPriority-ExtIEs", "group": 5},
    {"id": "M2AP-IEs.BitRate", "group": 5},
    {"id": "M2AP-IEs.Cause", "group": 5},
    {"id": "M2AP-IEs.CauseMisc", "group": 5},
    {"id": "M2AP-IEs.CauseNAS", "group": 5},
    {"id": "M2AP-IEs.CauseProtocol", "group": 5},
    {"id": "M2AP-IEs.CauseRadioNetwork", "group": 5},
    {"id": "M2AP-IEs.CauseTransport", "group": 5},
    {"id": "M2AP-IEs.Cell-Information", "group": 5},
    {"id": "M2AP-IEs.Cell-Information-ExtIEs", "group": 5},
    {"id": "M2AP-IEs.Cell-Information-List", "group": 5},
    {"id": "M2AP-IEs.CriticalityDiagnostics", "group": 5},
    {"id": "M2AP-IEs.CriticalityDiagnostics-ExtIEs", "group": 5},
    {"id": "M2AP-IEs.CriticalityDiagnostics-IE-List", "group": 5},
    {"id": "M2AP-IEs.CriticalityDiagnostics-IE-List-ExtIEs", "group": 5},
    {"id": "M2AP-IEs.ECGI", "group": 5},
    {"id": "M2AP-IEs.ECGI-ExtIEs", "group": 5},
    {"id": "M2AP-IEs.ENB-ID", "group": 5},
    {"id": "M2AP-IEs.ENB-MBMS-Configuration-data-Item", "group": 5},
    {"id": "M2AP-IEs.ENB-MBMS-Configuration-data-Item-ExtIEs", "group": 5},
    {"id": "M2AP-IEs.ENB-MBMS-Configuration-data-ConfigUpdate-Item", "group": 5},
    {"id": "M2AP-IEs.ENB-MBMS-M2AP-ID", "group": 5},
    {"id": "M2AP-IEs.ENBname", "group": 5},
    {"id": "M2AP-IEs.EUTRANCellIdentifier", "group": 5},
    {"id": "M2AP-IEs.GBR-QosInformation", "group": 5},
    {"id": "M2AP-IEs.GBR-QosInformation-ExtIEs", "group": 5},
    {"id": "M2AP-IEs.GlobalENB-ID", "group": 5},
    {"id": "M2AP-IEs.GlobalENB-ID-ExtIEs", "group": 5},
    {"id": "M2AP-IEs.GlobalMCE-ID", "group": 5},
    {"id": "M2AP-IEs.GlobalMCE-ID-ExtIEs", "group": 5},
    {"id": "M2AP-IEs.GTP-TEID", "group": 5},
    {"id": "M2AP-IEs.IPAddress", "group": 5},
    {"id": "M2AP-IEs.LCID", "group": 5},
    {"id": "M2AP-IEs.MBMS-Cell-List", "group": 5},
    {"id": "M2AP-IEs.MBMS-E-RAB-QoS-Parameters", "group": 5},
    {"id": "M2AP-IEs.MBMS-E-RAB-QoS-Parameters-ExtIEs", "group": 5},
    {"id": "M2AP-IEs.MBMS-Service-associatedLogicalM2-ConnectionItem", "group": 5},
    {"id": "M2AP-IEs.MBMS-Service-associatedLogicalM2-ConnectionItemExtIEs", "group": 5},
    {"id": "M2AP-IEs.MBMS-Service-Area", "group": 5},
    {"id": "M2AP-IEs.MBMS-Service-Area-ID-List", "group": 5},
    {"id": "M2AP-IEs.MBMS-Session-ID", "group": 5},
    {"id": "M2AP-IEs.MBMSsessionListPerPMCH-Item", "group": 5},
    {"id": "M2AP-IEs.MBMSsessionListPerPMCH-Item-ExtIEs", "group": 5},
    {"id": "M2AP-IEs.MBMSsessionsToBeSuspendedListPerPMCH-Item", "group": 5},
    {"id": "M2AP-IEs.MBMSsessionsToBeSuspendedListPerPMCH-Item-ExtIEs", "group": 5},
    {"id": "M2AP-IEs.MBSFN-Area-ID", "group": 5},
    {"id": "M2AP-IEs.MBSFN-SynchronisationArea-ID", "group": 5},
    {"id": "M2AP-IEs.MBSFN-Subframe-Configuration", "group": 5},
    {"id": "M2AP-IEs.MBSFN-Subframe-Configuration-ExtIEs", "group": 5},
    {"id": "M2AP-IEs.MCCH-Update-Time", "group": 5},
    {"id": "M2AP-IEs.MCCHrelatedBCCH-ConfigPerMBSFNArea-Item", "group": 5},
    {"id": "M2AP-IEs.MCCHrelatedBCCH-ConfigPerMBSFNArea-Item-ExtIEs", "group": 5},
    {"id": "M2AP-IEs.MCE-ID", "group": 5},
    {"id": "M2AP-IEs.MCE-MBMS-M2AP-ID", "group": 5},
    {"id": "M2AP-IEs.MCEname", "group": 5},
    {"id": "M2AP-IEs.MCH-Scheduling-Period", "group": 5},
    {"id": "M2AP-IEs.MCH-Scheduling-PeriodExtended", "group": 5},
    {"id": "M2AP-IEs.Modulation-Coding-Scheme2", "group": 5},
    {"id": "M2AP-IEs.PLMN-Identity", "group": 5},
    {"id": "M2AP-IEs.PMCH-Configuration", "group": 5},
    {"id": "M2AP-IEs.PMCH-Configuration-ExtIEs", "group": 5},
    {"id": "M2AP-IEs.Common-Subframe-Allocation-Period", "group": 5},
    {"id": "M2AP-IEs.Pre-emptionCapability", "group": 5},
    {"id": "M2AP-IEs.Pre-emptionVulnerability", "group": 5},
    {"id": "M2AP-IEs.PriorityLevel", "group": 5},
    {"id": "M2AP-IEs.QCI", "group": 5},
    {"id": "M2AP-IEs.SC-PTM-Information", "group": 5},
    {"id": "M2AP-IEs.SC-PTM-Information-ExtIEs", "group": 5},
    {"id": "M2AP-IEs.SFN", "group": 5},
    {"id": "M2AP-IEs.TimeToWait", "group": 5},
    {"id": "M2AP-IEs.TMGI", "group": 5},
    {"id": "M2AP-IEs.TMGI-ExtIEs", "group": 5},
    {"id": "M2AP-IEs.TNL-Information", "group": 5},
    {"id": "M2AP-IEs.TNL-Information-ExtIEs", "group": 5},
    {"id": "M2AP-IEs.TypeOfError", "group": 5},
    {"id": "M2AP-PDU-Contents.SessionStartRequest", "group": 6},
    {"id": "M2AP-PDU-Contents.SessionStartRequest-IEs", "group": 6},
    {"id": "M2AP-PDU-Contents.SessionStartResponse", "group": 6},
    {"id": "M2AP-PDU-Contents.SessionStartResponse-IEs", "group": 6},
    {"id": "M2AP-PDU-Contents.SessionStartFailure", "group": 6},
    {"id": "M2AP-PDU-Contents.SessionStartFailure-IEs", "group": 6},
    {"id": "M2AP-PDU-Contents.SessionStopRequest", "group": 6},
    {"id": "M2AP-PDU-Contents.SessionStopRequest-IEs", "group": 6},
    {"id": "M2AP-PDU-Contents.SessionStopResponse", "group": 6},
    {"id": "M2AP-PDU-Contents.SessionStopResponse-IEs", "group": 6},
    {"id": "M2AP-PDU-Contents.SessionUpdateRequest", "group": 6},
    {"id": "M2AP-PDU-Contents.SessionUpdateRequest-IEs", "group": 6},
    {"id": "M2AP-PDU-Contents.SessionUpdateResponse", "group": 6},
    {"id": "M2AP-PDU-Contents.SessionUpdateResponse-IEs", "group": 6},
    {"id": "M2AP-PDU-Contents.SessionUpdateFailure", "group": 6},
    {"id": "M2AP-PDU-Contents.SessionUpdateFailure-IEs", "group": 6},
    {"id": "M2AP-PDU-Contents.MbmsSchedulingInformation", "group": 6},
    {"id": "M2AP-PDU-Contents.MbmsSchedulingInformation-IEs", "group": 6},
    {"id": "M2AP-PDU-Contents.MBSFN-Area-Configuration-List", "group": 6},
    {"id": "M2AP-PDU-Contents.MBSFN-Area-Configuration-Item", "group": 6},
    {"id": "M2AP-PDU-Contents.PMCH-Configuration-List", "group": 6},
    {"id": "M2AP-PDU-Contents.PMCH-Configuration-ItemIEs", "group": 6},
    {"id": "M2AP-PDU-Contents.PMCH-Configuration-Item", "group": 6},
    {"id": "M2AP-PDU-Contents.PMCH-Configuration-ItemExtIEs", "group": 6},
    {"id": "M2AP-PDU-Contents.MBSFN-Subframe-ConfigurationList", "group": 6},
    {"id": "M2AP-PDU-Contents.MBSFN-Subframe-ConfigurationItem", "group": 6},
    {"id": "M2AP-PDU-Contents.MBMS-Suspension-Notification-List", "group": 6},
    {"id": "M2AP-PDU-Contents.MBMS-Suspension-Notification-ItemIEs", "group": 6},
    {"id": "M2AP-PDU-Contents.MBMS-Suspension-Notification-Item", "group": 6},
    {"id": "M2AP-PDU-Contents.MBMS-Suspension-Notification-ItemExtIEs", "group": 6},
    {"id": "M2AP-PDU-Contents.MbmsSchedulingInformationResponse", "group": 6},
    {"id": "M2AP-PDU-Contents.MbmsSchedulingInformationResponse-IEs", "group": 6},
    {"id": "M2AP-PDU-Contents.M2SetupRequest", "group": 6},
    {"id": "M2AP-PDU-Contents.M2SetupRequest-IEs", "group": 6},
    {"id": "M2AP-PDU-Contents.ENB-MBMS-Configuration-data-List", "group": 6},
    {"id": "M2AP-PDU-Contents.ENB-MBMS-Configuration-data-ItemIEs", "group": 6},
    {"id": "M2AP-PDU-Contents.M2SetupResponse", "group": 6},
    {"id": "M2AP-PDU-Contents.M2SetupResponse-IEs", "group": 6},
    {"id": "M2AP-PDU-Contents.MCCHrelatedBCCH-ConfigPerMBSFNArea", "group": 6},
    {"id": "M2AP-PDU-Contents.MCCHrelatedBCCH-ConfigPerMBSFNArea-ItemIEs", "group": 6},
    {"id": "M2AP-PDU-Contents.M2SetupFailure", "group": 6},
    {"id": "M2AP-PDU-Contents.M2SetupFailure-IEs", "group": 6},
    {"id": "M2AP-PDU-Contents.ENBConfigurationUpdate", "group": 6},
    {"id": "M2AP-PDU-Contents.ENBConfigurationUpdate-IEs", "group": 6},
    {"id": "M2AP-PDU-Contents.ENB-MBMS-Configuration-data-List-ConfigUpdate", "group": 6},
    {"id": "M2AP-PDU-Contents.ENB-MBMS-Configuration-data-ConfigUpdate-ItemIEs", "group": 6},
    {"id": "M2AP-PDU-Contents.ENBConfigurationUpdateAcknowledge", "group": 6},
    {"id": "M2AP-PDU-Contents.ENBConfigurationUpdateAcknowledge-IEs", "group": 6},
    {"id": "M2AP-PDU-Contents.ENBConfigurationUpdateFailure", "group": 6},
    {"id": "M2AP-PDU-Contents.ENBConfigurationUpdateFailure-IEs", "group": 6},
    {"id": "M2AP-PDU-Contents.MCEConfigurationUpdate", "group": 6},
    {"id": "M2AP-PDU-Contents.MCEConfigurationUpdate-IEs", "group": 6},
    {"id": "M2AP-PDU-Contents.MCEConfigurationUpdateAcknowledge", "group": 6},
    {"id": "M2AP-PDU-Contents.MCEConfigurationUpdateAcknowledge-IEs", "group": 6},
    {"id": "M2AP-PDU-Contents.MCEConfigurationUpdateFailure", "group": 6},
    {"id": "M2AP-PDU-Contents.MCEConfigurationUpdateFailure-IEs", "group": 6},
    {"id": "M2AP-PDU-Contents.ErrorIndication", "group": 6},
    {"id": "M2AP-PDU-Contents.ErrorIndication-IEs", "group": 6},
    {"id": "M2AP-PDU-Contents.Reset", "group": 6},
    {"id": "M2AP-PDU-Contents.Reset-IEs", "group": 6},
    {"id": "M2AP-PDU-Contents.ResetType", "group": 6},
    {"id": "M2AP-PDU-Contents.ResetAll", "group": 6},
    {"id": "M2AP-PDU-Contents.MBMS-Service-associatedLogicalM2-ConnectionListRes", "group": 6},
    {"id": "M2AP-PDU-Contents.MBMS-Service-associatedLogicalM2-ConnectionItemRes", "group": 6},
    {"id": "M2AP-PDU-Contents.ResetAcknowledge", "group": 6},
    {"id": "M2AP-PDU-Contents.ResetAcknowledge-IEs", "group": 6},
    {"id": "M2AP-PDU-Contents.MBMS-Service-associatedLogicalM2-ConnectionListResAck", "group": 6},
    {"id": "M2AP-PDU-Contents.MBMS-Service-associatedLogicalM2-ConnectionItemResAck", "group": 6},
    {"id": "M2AP-PDU-Contents.PrivateMessage", "group": 6},
    {"id": "M2AP-PDU-Contents.PrivateMessage-IEs", "group": 6},
    {"id": "M2AP-PDU-Contents.MbmsServiceCountingRequest", "group": 6},
    {"id": "M2AP-PDU-Contents.MbmsServiceCountingRequest-IEs", "group": 6},
    {"id": "M2AP-PDU-Contents.MBMS-Counting-Request-Session", "group": 6},
    {"id": "M2AP-PDU-Contents.MBMS-Counting-Request-Session-Item", "group": 6},
    {"id": "M2AP-PDU-Contents.MBMS-Counting-Request-SessionIE", "group": 6},
    {"id": "M2AP-PDU-Contents.MBMS-Counting-Request-SessionIE-ExtIEs", "group": 6},
    {"id": "M2AP-PDU-Contents.MbmsServiceCountingResponse", "group": 6},
    {"id": "M2AP-PDU-Contents.MbmsServiceCountingResponse-IEs", "group": 6},
    {"id": "M2AP-PDU-Contents.MbmsServiceCountingFailure", "group": 6},
    {"id": "M2AP-PDU-Contents.MbmsServiceCountingFailure-IEs", "group": 6},
    {"id": "M2AP-PDU-Contents.MbmsServiceCountingResultsReport", "group": 6},
    {"id": "M2AP-PDU-Contents.MbmsServiceCountingResultsReport-IEs", "group": 6},
    {"id": "M2AP-PDU-Contents.MBMS-Counting-Result-List", "group": 6},
    {"id": "M2AP-PDU-Contents.MBMS-Counting-Result-Item", "group": 6},
    {"id": "M2AP-PDU-Contents.MBMS-Counting-Result", "group": 6},
    {"id": "M2AP-PDU-Contents.MBMS-Counting-Result-ExtIEs", "group": 6},
    {"id": "M2AP-PDU-Contents.CountingResult", "group": 6},
    {"id": "M2AP-PDU-Contents.MbmsOverloadNotification", "group": 6},
    {"id": "M2AP-PDU-Contents.MbmsOverloadNotification-IEs", "group": 6},
    {"id": "M2AP-PDU-Contents.Overload-Status-Per-PMCH-List", "group": 6},
    {"id": "M2AP-PDU-Contents.Overload-Status-Per-PMCH-Item", "group": 6},
    {"id": "M2AP-PDU-Contents.PMCH-Overload-Status", "group": 6},
    {"id": "M2AP-PDU-Contents.Active-MBMS-Session-List", "group": 6},
    {"id": "M2AP-PDU-Contents.Active-MBMS-Session-Item", "group": 6},
    {"id": "M2AP-PDU-Descriptions.M2AP-ELEMENTARY-PROCEDURE", "group": 7},
    {"id": "M2AP-PDU-Descriptions.M2AP-PDU", "group": 7},
    {"id": "M2AP-PDU-Descriptions.InitiatingMessage", "group": 7},
    {"id": "M2AP-PDU-Descriptions.SuccessfulOutcome", "group": 7},
    {"id": "M2AP-PDU-Descriptions.UnsuccessfulOutcome", "group": 7},
    {"id": "M2AP-PDU-Descriptions.M2AP-ELEMENTARY-PROCEDURES", "group": 7},
    {"id": "M2AP-PDU-Descriptions.M2AP-ELEMENTARY-PROCEDURES-CLASS-1", "group": 7},
    {"id": "M2AP-PDU-Descriptions.M2AP-ELEMENTARY-PROCEDURES-CLASS-2", "group": 7},
    {"id": "M2AP-PDU-Descriptions.sessionStart", "group": 7},
    {"id": "M2AP-PDU-Descriptions.sessionStop", "group": 7},
    {"id": "M2AP-PDU-Descriptions.sessionUpdate", "group": 7},
    {"id": "M2AP-PDU-Descriptions.mbmsSchedulingInformation", "group": 7},
    {"id": "M2AP-PDU-Descriptions.errorIndication", "group": 7},
    {"id": "M2AP-PDU-Descriptions.reset", "group": 7},
    {"id": "M2AP-PDU-Descriptions.m2Setup", "group": 7},
    {"id": "M2AP-PDU-Descriptions.eNBConfigurationUpdate", "group": 7},
    {"id": "M2AP-PDU-Descriptions.mCEConfigurationUpdate", "group": 7},
    {"id": "M2AP-PDU-Descriptions.mbmsServiceCounting", "group": 7},
    {"id": "M2AP-PDU-Descriptions.mbmsServiceCountingResultsReport", "group": 7},
    {"id": "M2AP-PDU-Descriptions.privateMessage", "group": 7},
    {"id": "M2AP-PDU-Descriptions.mbmsOverloadNotification", "group": 7}
  ],
  "links": [
    {"source": "M2AP-IEs.MBMS-Service-Area-ID-List", "target": "M2AP-Constants.maxnoofMBMSServiceAreasPerCell", "value": 1},
    {"source": "M2AP-IEs.MBMS-Service-Area-ID-List", "target": "M2AP-IEs.MBMS-Service-Area", "value": 1},
    {"source": "M2AP-IEs.ECGI-ExtIEs", "target": "M2AP-Containers.M2AP-PROTOCOL-EXTENSION", "value": 1},
    {"source": "M2AP-IEs.MBSFN-Subframe-Configuration", "target": "M2AP-IEs.MBSFN-Subframe-Configuration-ExtIEs", "value": 1},
    {"source": "M2AP-IEs.MBSFN-Subframe-Configuration", "target": "M2AP-Containers.ProtocolExtensionContainer", "value": 1},
    {"source": "M2AP-IEs.ENB-MBMS-Configuration-data-ConfigUpdate-Item", "target": "M2AP-IEs.ECGI", "value": 1},
    {"source": "M2AP-IEs.ENB-MBMS-Configuration-data-ConfigUpdate-Item", "target": "M2AP-IEs.ENB-MBMS-Configuration-data-Item", "value": 1},
    {"source": "M2AP-IEs.PMCH-Configuration-ExtIEs", "target": "M2AP-Containers.M2AP-PROTOCOL-EXTENSION", "value": 1},
    {"source": "M2AP-IEs.PMCH-Configuration-ExtIEs", "target": "M2AP-IEs.Modulation-Coding-Scheme2", "value": 1},
    {"source": "M2AP-IEs.PMCH-Configuration-ExtIEs", "target": "M2AP-IEs.MCH-Scheduling-PeriodExtended", "value": 1},
    {"source": "M2AP-Constants.id-MCEname", "target": "M2AP-CommonDataTypes.ProtocolIE-ID", "value": 1},
    {"source": "M2AP-Constants.id-Alternative-TNL-Information", "target": "M2AP-CommonDataTypes.ProtocolIE-ID", "value": 1},
    {"source": "M2AP-PDU-Contents.ENBConfigurationUpdateFailure", "target": "M2AP-PDU-Contents.ENBConfigurationUpdateFailure-IEs", "value": 1},
    {"source": "M2AP-PDU-Contents.ENBConfigurationUpdateFailure", "target": "M2AP-Containers.ProtocolIE-Container", "value": 1},
    {"source": "M2AP-Constants.id-MCCHrelatedBCCH-ConfigPerMBSFNArea", "target": "M2AP-CommonDataTypes.ProtocolIE-ID", "value": 1},
    {"source": "M2AP-Constants.id-MBMS-Suspension-Notification-Item", "target": "M2AP-CommonDataTypes.ProtocolIE-ID", "value": 1},
    {"source": "M2AP-PDU-Contents.Reset-IEs", "target": "M2AP-PDU-Contents.ResetType", "value": 1},
    {"source": "M2AP-PDU-Contents.Reset-IEs", "target": "M2AP-Containers.M2AP-PROTOCOL-IES", "value": 1},
    {"source": "M2AP-PDU-Contents.Reset-IEs", "target": "M2AP-IEs.Cause", "value": 1},
    {"source": "M2AP-Containers.ProtocolIE-Container", "target": "M2AP-Containers.M2AP-PROTOCOL-IES", "value": 1},
    {"source": "M2AP-Containers.ProtocolIE-Container", "target": "M2AP-Containers.ProtocolIE-Field", "value": 1},
    {"source": "M2AP-Containers.ProtocolIE-Container", "target": "M2AP-CommonDataTypes.maxProtocolIEs", "value": 1},
    {"source": "M2AP-PDU-Contents.MBMS-Counting-Result-List", "target": "M2AP-Constants.maxnoofCountingService", "value": 1},
    {"source": "M2AP-PDU-Contents.MBMS-Counting-Result-List", "target": "M2AP-PDU-Contents.MBMS-Counting-Result-Item", "value": 1},
    {"source": "M2AP-PDU-Contents.MBMS-Counting-Result-List", "target": "M2AP-Containers.ProtocolIE-Container", "value": 1},
    {"source": "M2AP-Constants.id-MCCH-Update-Time", "target": "M2AP-CommonDataTypes.ProtocolIE-ID", "value": 1},
    {"source": "M2AP-IEs.SC-PTM-Information", "target": "M2AP-IEs.MBMS-E-RAB-QoS-Parameters", "value": 1},
    {"source": "M2AP-IEs.SC-PTM-Information", "target": "M2AP-Containers.ProtocolExtensionContainer", "value": 1},
    {"source": "M2AP-IEs.SC-PTM-Information", "target": "M2AP-IEs.SC-PTM-Information-ExtIEs", "value": 1},
    {"source": "M2AP-IEs.SC-PTM-Information", "target": "M2AP-IEs.MBMS-Cell-List", "value": 1},
    {"source": "M2AP-PDU-Descriptions.M2AP-ELEMENTARY-PROCEDURES-CLASS-1", "target": "M2AP-PDU-Descriptions.reset", "value": 1},
    {"source": "M2AP-PDU-Descriptions.M2AP-ELEMENTARY-PROCEDURES-CLASS-1", "target": "M2AP-PDU-Descriptions.M2AP-ELEMENTARY-PROCEDURE", "value": 1},
    {"source": "M2AP-PDU-Descriptions.M2AP-ELEMENTARY-PROCEDURES-CLASS-1", "target": "M2AP-PDU-Descriptions.sessionStop", "value": 1},
    {"source": "M2AP-PDU-Descriptions.M2AP-ELEMENTARY-PROCEDURES-CLASS-1", "target": "M2AP-PDU-Descriptions.sessionStart", "value": 1},
    {"source": "M2AP-PDU-Descriptions.M2AP-ELEMENTARY-PROCEDURES-CLASS-1", "target": "M2AP-PDU-Descriptions.eNBConfigurationUpdate", "value": 1},
    {"source": "M2AP-PDU-Descriptions.M2AP-ELEMENTARY-PROCEDURES-CLASS-1", "target": "M2AP-PDU-Descriptions.mbmsServiceCounting", "value": 1},
    {"source": "M2AP-PDU-Descriptions.M2AP-ELEMENTARY-PROCEDURES-CLASS-1", "target": "M2AP-PDU-Descriptions.mbmsSchedulingInformation", "value": 1},
    {"source": "M2AP-PDU-Descriptions.M2AP-ELEMENTARY-PROCEDURES-CLASS-1", "target": "M2AP-PDU-Descriptions.mCEConfigurationUpdate", "value": 1},
    {"source": "M2AP-PDU-Descriptions.M2AP-ELEMENTARY-PROCEDURES-CLASS-1", "target": "M2AP-PDU-Descriptions.m2Setup", "value": 1},
    {"source": "M2AP-PDU-Descriptions.M2AP-ELEMENTARY-PROCEDURES-CLASS-1", "target": "M2AP-PDU-Descriptions.sessionUpdate", "value": 1},
    {"source": "M2AP-PDU-Contents.MbmsOverloadNotification", "target": "M2AP-PDU-Contents.MbmsOverloadNotification-IEs", "value": 1},
    {"source": "M2AP-PDU-Contents.MbmsOverloadNotification", "target": "M2AP-Containers.ProtocolIE-Container", "value": 1},
    {"source": "M2AP-Constants.id-MBMS-Service-associatedLogicalM2-ConnectionListResAck", "target": "M2AP-CommonDataTypes.ProtocolIE-ID", "value": 1},
    {"source": "M2AP-Constants.id-GlobalENB-ID", "target": "M2AP-CommonDataTypes.ProtocolIE-ID", "value": 1},
    {"source": "M2AP-PDU-Contents.SessionUpdateRequest", "target": "M2AP-PDU-Contents.SessionUpdateRequest-IEs", "value": 1},
    {"source": "M2AP-PDU-Contents.SessionUpdateRequest", "target": "M2AP-Containers.ProtocolIE-Container", "value": 1},
    {"source": "M2AP-Containers.ProtocolIE-Single-Container", "target": "M2AP-Containers.M2AP-PROTOCOL-IES", "value": 1},
    {"source": "M2AP-Containers.ProtocolIE-Single-Container", "target": "M2AP-Containers.ProtocolIE-Field", "value": 1},
    {"source": "M2AP-PDU-Contents.SessionStopRequest", "target": "M2AP-PDU-Contents.SessionStopRequest-IEs", "value": 1},
    {"source": "M2AP-PDU-Contents.SessionStopRequest", "target": "M2AP-Containers.ProtocolIE-Container", "value": 1},
    {"source": "M2AP-PDU-Contents.MBMS-Counting-Request-SessionIE", "target": "M2AP-Containers.ProtocolExtensionContainer", "value": 1},
    {"source": "M2AP-PDU-Contents.MBMS-Counting-Request-SessionIE", "target": "M2AP-PDU-Contents.MBMS-Counting-Request-SessionIE-ExtIEs", "value": 1},
    {"source": "M2AP-PDU-Contents.MBMS-Counting-Request-SessionIE", "target": "M2AP-IEs.TMGI", "value": 1},
    {"source": "M2AP-PDU-Contents.ENBConfigurationUpdateAcknowledge", "target": "M2AP-PDU-Contents.ENBConfigurationUpdateAcknowledge-IEs", "value": 1},
    {"source": "M2AP-PDU-Contents.ENBConfigurationUpdateAcknowledge", "target": "M2AP-Containers.ProtocolIE-Container", "value": 1},
    {"source": "M2AP-Constants.id-PMCH-Overload-Status", "target": "M2AP-CommonDataTypes.ProtocolIE-ID", "value": 1},
    {"source": "M2AP-PDU-Contents.Overload-Status-Per-PMCH-Item", "target": "M2AP-PDU-Contents.Active-MBMS-Session-List", "value": 1},
    {"source": "M2AP-PDU-Contents.Overload-Status-Per-PMCH-Item", "target": "M2AP-Containers.M2AP-PROTOCOL-IES", "value": 1},
    {"source": "M2AP-PDU-Contents.Overload-Status-Per-PMCH-Item", "target": "M2AP-PDU-Contents.PMCH-Overload-Status", "value": 1},
    {"source": "M2AP-Constants.id-eNBConfigurationUpdate", "target": "M2AP-CommonDataTypes.ProcedureCode", "value": 1},
    {"source": "M2AP-PDU-Contents.ENB-MBMS-Configuration-data-List", "target": "M2AP-Constants.maxnoofCells", "value": 1},
    {"source": "M2AP-PDU-Contents.ENB-MBMS-Configuration-data-List", "target": "M2AP-Containers.ProtocolIE-Single-Container", "value": 1},
    {"source": "M2AP-PDU-Contents.ENB-MBMS-Configuration-data-List", "target": "M2AP-PDU-Contents.ENB-MBMS-Configuration-data-ItemIEs", "value": 1},
    {"source": "M2AP-IEs.MBMS-Service-associatedLogicalM2-ConnectionItem", "target": "M2AP-IEs.ENB-MBMS-M2AP-ID", "value": 1},
    {"source": "M2AP-IEs.MBMS-Service-associatedLogicalM2-ConnectionItem", "target": "M2AP-IEs.MBMS-Service-associatedLogicalM2-ConnectionItemExtIEs", "value": 1},
    {"source": "M2AP-IEs.MBMS-Service-associatedLogicalM2-ConnectionItem", "target": "M2AP-Containers.ProtocolExtensionContainer", "value": 1},
    {"source": "M2AP-IEs.MBMS-Service-associatedLogicalM2-ConnectionItem", "target": "M2AP-IEs.MCE-MBMS-M2AP-ID", "value": 1},
    {"source": "M2AP-Constants.id-Active-MBMS-Session-List", "target": "M2AP-CommonDataTypes.ProtocolIE-ID", "value": 1},
    {"source": "M2AP-Constants.id-ENB-MBMS-Configuration-data-ConfigUpdate-Item", "target": "M2AP-CommonDataTypes.ProtocolIE-ID", "value": 1},
    {"source": "M2AP-IEs.CriticalityDiagnostics-IE-List-ExtIEs", "target": "M2AP-Containers.M2AP-PROTOCOL-EXTENSION", "value": 1},
    {"source": "M2AP-Constants.id-mbmsServiceCountingResultsReport", "target": "M2AP-CommonDataTypes.ProcedureCode", "value": 1},
    {"source": "M2AP-IEs.SC-PTM-Information-ExtIEs", "target": "M2AP-Containers.M2AP-PROTOCOL-EXTENSION", "value": 1},
    {"source": "M2AP-PDU-Contents.PMCH-Configuration-ItemIEs", "target": "M2AP-PDU-Contents.PMCH-Configuration-Item", "value": 1},
    {"source": "M2AP-PDU-Contents.PMCH-Configuration-ItemIEs", "target": "M2AP-Containers.M2AP-PROTOCOL-IES", "value": 1},
    {"source": "M2AP-Constants.id-mbmsOverloadNotification", "target": "M2AP-CommonDataTypes.ProcedureCode", "value": 1},
    {"source": "M2AP-Constants.id-ENB-MBMS-Configuration-data-List", "target": "M2AP-CommonDataTypes.ProtocolIE-ID", "value": 1},
    {"source": "M2AP-PDU-Contents.MBMS-Suspension-Notification-Item", "target": "M2AP-Containers.ProtocolExtensionContainer", "value": 1},
    {"source": "M2AP-PDU-Contents.MBMS-Suspension-Notification-Item", "target": "M2AP-IEs.SFN", "value": 1},
    {"source": "M2AP-PDU-Contents.MBMS-Suspension-Notification-Item", "target": "M2AP-PDU-Contents.MBMS-Suspension-Notification-ItemExtIEs", "value": 1},
    {"source": "M2AP-PDU-Contents.MBMS-Suspension-Notification-Item", "target": "M2AP-IEs.MBMSsessionsToBeSuspendedListPerPMCH-Item", "value": 1},
    {"source": "M2AP-Constants.id-mbmsServiceCounting", "target": "M2AP-CommonDataTypes.ProcedureCode", "value": 1},
    {"source": "M2AP-IEs.CriticalityDiagnostics-ExtIEs", "target": "M2AP-Containers.M2AP-PROTOCOL-EXTENSION", "value": 1},
    {"source": "M2AP-Constants.id-CriticalityDiagnostics", "target": "M2AP-CommonDataTypes.ProtocolIE-ID", "value": 1},
    {"source": "M2AP-PDU-Contents.MbmsOverloadNotification-IEs", "target": "M2AP-PDU-Contents.Overload-Status-Per-PMCH-List", "value": 1},
    {"source": "M2AP-PDU-Contents.MbmsOverloadNotification-IEs", "target": "M2AP-Containers.M2AP-PROTOCOL-IES", "value": 1},
    {"source": "M2AP-PDU-Contents.MbmsOverloadNotification-IEs", "target": "M2AP-IEs.MBSFN-Area-ID", "value": 1},
    {"source": "M2AP-Constants.id-MCCHrelatedBCCH-ConfigPerMBSFNArea-Item", "target": "M2AP-CommonDataTypes.ProtocolIE-ID", "value": 1},
    {"source": "M2AP-PDU-Contents.SessionUpdateRequest-IEs", "target": "M2AP-IEs.MCE-MBMS-M2AP-ID", "value": 1},
    {"source": "M2AP-PDU-Contents.SessionUpdateRequest-IEs", "target": "M2AP-IEs.SC-PTM-Information", "value": 1},
    {"source": "M2AP-PDU-Contents.SessionUpdateRequest-IEs", "target": "M2AP-IEs.ENB-MBMS-M2AP-ID", "value": 1},
    {"source": "M2AP-PDU-Contents.SessionUpdateRequest-IEs", "target": "M2AP-IEs.TNL-Information", "value": 1},
    {"source": "M2AP-PDU-Contents.SessionUpdateRequest-IEs", "target": "M2AP-Containers.M2AP-PROTOCOL-IES", "value": 1},
    {"source": "M2AP-PDU-Contents.SessionUpdateRequest-IEs", "target": "M2AP-IEs.MBMS-Service-Area", "value": 1},
    {"source": "M2AP-PDU-Contents.SessionUpdateRequest-IEs", "target": "M2AP-IEs.MBMS-Session-ID", "value": 1},
    {"source": "M2AP-PDU-Contents.SessionUpdateRequest-IEs", "target": "M2AP-IEs.TMGI", "value": 1},
    {"source": "M2AP-PDU-Contents.ENB-MBMS-Configuration-data-List-ConfigUpdate", "target": "M2AP-PDU-Contents.ENB-MBMS-Configuration-data-ConfigUpdate-ItemIEs", "value": 1},
    {"source": "M2AP-PDU-Contents.ENB-MBMS-Configuration-data-List-ConfigUpdate", "target": "M2AP-Constants.maxnoofCells", "value": 1},
    {"source": "M2AP-PDU-Contents.ENB-MBMS-Configuration-data-List-ConfigUpdate", "target": "M2AP-Containers.ProtocolIE-Single-Container", "value": 1},
    {"source": "M2AP-PDU-Descriptions.sessionStop", "target": "M2AP-PDU-Contents.SessionStopResponse", "value": 1},
    {"source": "M2AP-PDU-Descriptions.sessionStop", "target": "M2AP-PDU-Descriptions.M2AP-ELEMENTARY-PROCEDURE", "value": 1},
    {"source": "M2AP-PDU-Descriptions.sessionStop", "target": "M2AP-PDU-Contents.SessionStopRequest", "value": 1},
    {"source": "M2AP-Constants.id-ResetType", "target": "M2AP-CommonDataTypes.ProtocolIE-ID", "value": 1},
    {"source": "M2AP-Constants.id-MBMS-Counting-Request-Session-Item", "target": "M2AP-CommonDataTypes.ProtocolIE-ID", "value": 1},
    {"source": "M2AP-IEs.ENB-MBMS-Configuration-data-Item", "target": "M2AP-IEs.ENB-MBMS-Configuration-data-Item-ExtIEs", "value": 1},
    {"source": "M2AP-IEs.ENB-MBMS-Configuration-data-Item", "target": "M2AP-IEs.MBMS-Service-Area-ID-List", "value": 1},
    {"source": "M2AP-IEs.ENB-MBMS-Configuration-data-Item", "target": "M2AP-Containers.ProtocolExtensionContainer", "value": 1},
    {"source": "M2AP-IEs.ENB-MBMS-Configuration-data-Item", "target": "M2AP-IEs.MBSFN-SynchronisationArea-ID", "value": 1},
    {"source": "M2AP-IEs.ENB-MBMS-Configuration-data-Item", "target": "M2AP-IEs.ECGI", "value": 1},
    {"source": "M2AP-PDU-Descriptions.InitiatingMessage", "target": "M2AP-PDU-Descriptions.M2AP-ELEMENTARY-PROCEDURE", "value": 1},
    {"source": "M2AP-PDU-Descriptions.InitiatingMessage", "target": "M2AP-PDU-Descriptions.M2AP-ELEMENTARY-PROCEDURES", "value": 1},
    {"source": "M2AP-PDU-Descriptions.InitiatingMessage", "target": "M2AP-PDU-Descriptions.M2AP-ELEMENTARY-PROCEDURE", "value": 1},
    {"source": "M2AP-PDU-Descriptions.InitiatingMessage", "target": "M2AP-PDU-Descriptions.M2AP-ELEMENTARY-PROCEDURE", "value": 1},
    {"source": "M2AP-IEs.Cell-Information", "target": "M2AP-Containers.ProtocolExtensionContainer", "value": 1},
    {"source": "M2AP-IEs.Cell-Information", "target": "M2AP-IEs.Cell-Information-ExtIEs", "value": 1},
    {"source": "M2AP-IEs.Cell-Information", "target": "M2AP-IEs.ECGI", "value": 1},
    {"source": "M2AP-PDU-Contents.MbmsServiceCountingFailure-IEs", "target": "M2AP-Containers.M2AP-PROTOCOL-IES", "value": 1},
    {"source": "M2AP-PDU-Contents.MbmsServiceCountingFailure-IEs", "target": "M2AP-IEs.Cause", "value": 1},
    {"source": "M2AP-PDU-Contents.MbmsServiceCountingFailure-IEs", "target": "M2AP-IEs.CriticalityDiagnostics", "value": 1},
    {"source": "M2AP-PDU-Contents.ENB-MBMS-Configuration-data-ItemIEs", "target": "M2AP-Containers.M2AP-PROTOCOL-IES", "value": 1},
    {"source": "M2AP-PDU-Contents.ENB-MBMS-Configuration-data-ItemIEs", "target": "M2AP-IEs.ENB-MBMS-Configuration-data-Item", "value": 1},
    {"source": "M2AP-CommonDataTypes.ProtocolIE-ID", "target": "M2AP-CommonDataTypes.maxProtocolIEs", "value": 1},
    {"source": "M2AP-IEs.MBMS-E-RAB-QoS-Parameters", "target": "M2AP-IEs.AllocationAndRetentionPriority", "value": 1},
    {"source": "M2AP-IEs.MBMS-E-RAB-QoS-Parameters", "target": "M2AP-IEs.GBR-QosInformation", "value": 1},
    {"source": "M2AP-IEs.MBMS-E-RAB-QoS-Parameters", "target": "M2AP-IEs.QCI", "value": 1},
    {"source": "M2AP-IEs.MBMS-E-RAB-QoS-Parameters", "target": "M2AP-Containers.ProtocolExtensionContainer", "value": 1},
    {"source": "M2AP-IEs.MBMS-E-RAB-QoS-Parameters", "target": "M2AP-IEs.MBMS-E-RAB-QoS-Parameters-ExtIEs", "value": 1},
    {"source": "M2AP-Containers.ProtocolExtensionField", "target": "M2AP-Containers.M2AP-PROTOCOL-EXTENSION", "value": 1},
    {"source": "M2AP-Containers.ProtocolExtensionField", "target": "M2AP-Containers.M2AP-PROTOCOL-EXTENSION", "value": 1},
    {"source": "M2AP-Containers.ProtocolExtensionField", "target": "M2AP-Containers.M2AP-PROTOCOL-EXTENSION", "value": 1},
    {"source": "M2AP-Containers.ProtocolExtensionField", "target": "M2AP-Containers.M2AP-PROTOCOL-EXTENSION", "value": 1},
    {"source": "M2AP-PDU-Contents.MCEConfigurationUpdate-IEs", "target": "M2AP-Containers.M2AP-PROTOCOL-IES", "value": 1},
    {"source": "M2AP-PDU-Contents.MCEConfigurationUpdate-IEs", "target": "M2AP-PDU-Contents.MCCHrelatedBCCH-ConfigPerMBSFNArea", "value": 1},
    {"source": "M2AP-PDU-Contents.MCEConfigurationUpdate-IEs", "target": "M2AP-IEs.GlobalMCE-ID", "value": 1},
    {"source": "M2AP-PDU-Contents.MCEConfigurationUpdate-IEs", "target": "M2AP-IEs.MCEname", "value": 1},
    {"source": "M2AP-PDU-Contents.SessionStartFailure-IEs", "target": "M2AP-Containers.M2AP-PROTOCOL-IES", "value": 1},
    {"source": "M2AP-PDU-Contents.SessionStartFailure-IEs", "target": "M2AP-IEs.MCE-MBMS-M2AP-ID", "value": 1},
    {"source": "M2AP-PDU-Contents.SessionStartFailure-IEs", "target": "M2AP-IEs.Cause", "value": 1},
    {"source": "M2AP-PDU-Contents.SessionStartFailure-IEs", "target": "M2AP-IEs.CriticalityDiagnostics", "value": 1},
    {"source": "M2AP-Constants.id-sessionStop", "target": "M2AP-CommonDataTypes.ProcedureCode", "value": 1},
    {"source": "M2AP-Containers.ProtocolIE-FieldPair", "target": "M2AP-Containers.M2AP-PROTOCOL-IES-PAIR", "value": 1},
    {"source": "M2AP-Containers.ProtocolIE-FieldPair", "target": "M2AP-Containers.M2AP-PROTOCOL-IES-PAIR", "value": 1},
    {"source": "M2AP-Containers.ProtocolIE-FieldPair", "target": "M2AP-Containers.M2AP-PROTOCOL-IES-PAIR", "value": 1},
    {"source": "M2AP-Containers.ProtocolIE-FieldPair", "target": "M2AP-Containers.M2AP-PROTOCOL-IES-PAIR", "value": 1},
    {"source": "M2AP-Containers.ProtocolIE-FieldPair", "target": "M2AP-Containers.M2AP-PROTOCOL-IES-PAIR", "value": 1},
    {"source": "M2AP-Containers.ProtocolIE-FieldPair", "target": "M2AP-Containers.M2AP-PROTOCOL-IES-PAIR", "value": 1},
    {"source": "M2AP-PDU-Contents.ErrorIndication-IEs", "target": "M2AP-IEs.ENB-MBMS-M2AP-ID", "value": 1},
    {"source": "M2AP-PDU-Contents.ErrorIndication-IEs", "target": "M2AP-Containers.M2AP-PROTOCOL-IES", "value": 1},
    {"source": "M2AP-PDU-Contents.ErrorIndication-IEs", "target": "M2AP-IEs.MCE-MBMS-M2AP-ID", "value": 1},
    {"source": "M2AP-PDU-Contents.ErrorIndication-IEs", "target": "M2AP-IEs.Cause", "value": 1},
    {"source": "M2AP-PDU-Contents.ErrorIndication-IEs", "target": "M2AP-IEs.CriticalityDiagnostics", "value": 1},
    {"source": "M2AP-PDU-Contents.MbmsSchedulingInformation", "target": "M2AP-PDU-Contents.MbmsSchedulingInformation-IEs", "value": 1},
    {"source": "M2AP-PDU-Contents.MbmsSchedulingInformation", "target": "M2AP-Containers.ProtocolIE-Container", "value": 1},
    {"source": "M2AP-IEs.MBMSsessionListPerPMCH-Item-ExtIEs", "target": "M2AP-Containers.M2AP-PROTOCOL-EXTENSION", "value": 1},
    {"source": "M2AP-PDU-Contents.MbmsServiceCountingRequest-IEs", "target": "M2AP-Containers.M2AP-PROTOCOL-IES", "value": 1},
    {"source": "M2AP-PDU-Contents.MbmsServiceCountingRequest-IEs", "target": "M2AP-IEs.MCCH-Update-Time", "value": 1},
    {"source": "M2AP-PDU-Contents.MbmsServiceCountingRequest-IEs", "target": "M2AP-PDU-Contents.MBMS-Counting-Request-Session", "value": 1},
    {"source": "M2AP-PDU-Contents.MbmsServiceCountingRequest-IEs", "target": "M2AP-IEs.MBSFN-Area-ID", "value": 1},
    {"source": "M2AP-PDU-Descriptions.M2AP-PDU", "target": "M2AP-PDU-Descriptions.InitiatingMessage", "value": 1},
    {"source": "M2AP-PDU-Descriptions.M2AP-PDU", "target": "M2AP-PDU-Descriptions.UnsuccessfulOutcome", "value": 1},
    {"source": "M2AP-PDU-Descriptions.M2AP-PDU", "target": "M2AP-PDU-Descriptions.SuccessfulOutcome", "value": 1},
    {"source": "M2AP-PDU-Contents.PMCH-Configuration-ItemExtIEs", "target": "M2AP-Containers.M2AP-PROTOCOL-EXTENSION", "value": 1},
    {"source": "M2AP-PDU-Contents.M2SetupRequest-IEs", "target": "M2AP-PDU-Contents.ENB-MBMS-Configuration-data-List", "value": 1},
    {"source": "M2AP-PDU-Contents.M2SetupRequest-IEs", "target": "M2AP-Containers.M2AP-PROTOCOL-IES", "value": 1},
    {"source": "M2AP-PDU-Contents.M2SetupRequest-IEs", "target": "M2AP-IEs.GlobalENB-ID", "value": 1},
    {"source": "M2AP-PDU-Contents.M2SetupRequest-IEs", "target": "M2AP-IEs.ENBname", "value": 1},
    {"source": "M2AP-PDU-Descriptions.mbmsSchedulingInformation", "target": "M2AP-PDU-Contents.MbmsSchedulingInformation", "value": 1},
    {"source": "M2AP-PDU-Descriptions.mbmsSchedulingInformation", "target": "M2AP-PDU-Contents.MbmsSchedulingInformationResponse", "value": 1},
    {"source": "M2AP-PDU-Descriptions.mbmsSchedulingInformation", "target": "M2AP-PDU-Descriptions.M2AP-ELEMENTARY-PROCEDURE", "value": 1},
    {"source": "M2AP-Constants.id-MBMS-Service-Area", "target": "M2AP-CommonDataTypes.ProtocolIE-ID", "value": 1},
    {"source": "M2AP-PDU-Contents.MbmsServiceCountingResultsReport-IEs", "target": "M2AP-Containers.M2AP-PROTOCOL-IES", "value": 1},
    {"source": "M2AP-PDU-Contents.MbmsServiceCountingResultsReport-IEs", "target": "M2AP-IEs.MBSFN-Area-ID", "value": 1},
    {"source": "M2AP-PDU-Contents.MbmsServiceCountingResultsReport-IEs", "target": "M2AP-PDU-Contents.MBMS-Counting-Result-List", "value": 1},
    {"source": "M2AP-IEs.AllocationAndRetentionPriority-ExtIEs", "target": "M2AP-Containers.M2AP-PROTOCOL-EXTENSION", "value": 1},
    {"source": "M2AP-PDU-Contents.SessionStartResponse", "target": "M2AP-Containers.ProtocolIE-Container", "value": 1},
    {"source": "M2AP-PDU-Contents.SessionStartResponse", "target": "M2AP-PDU-Contents.SessionStartResponse-IEs", "value": 1},
    {"source": "M2AP-Constants.id-Common-Subframe-Allocation-Period", "target": "M2AP-CommonDataTypes.ProtocolIE-ID", "value": 1},
    {"source": "M2AP-IEs.TMGI-ExtIEs", "target": "M2AP-Containers.M2AP-PROTOCOL-EXTENSION", "value": 1},
    {"source": "M2AP-Constants.id-mCEConfigurationUpdate", "target": "M2AP-CommonDataTypes.ProcedureCode", "value": 1},
    {"source": "M2AP-PDU-Contents.Overload-Status-Per-PMCH-List", "target": "M2AP-PDU-Contents.Overload-Status-Per-PMCH-Item", "value": 1},
    {"source": "M2AP-PDU-Contents.Overload-Status-Per-PMCH-List", "target": "M2AP-Constants.maxnoofPMCHsperMBSFNarea", "value": 1},
    {"source": "M2AP-PDU-Contents.Overload-Status-Per-PMCH-List", "target": "M2AP-Containers.ProtocolIE-Container", "value": 1},
    {"source": "M2AP-Containers.ProtocolIE-Field", "target": "M2AP-Containers.M2AP-PROTOCOL-IES", "value": 1},
    {"source": "M2AP-Containers.ProtocolIE-Field", "target": "M2AP-Containers.M2AP-PROTOCOL-IES", "value": 1},
    {"source": "M2AP-Containers.ProtocolIE-Field", "target": "M2AP-Containers.M2AP-PROTOCOL-IES", "value": 1},
    {"source": "M2AP-Containers.ProtocolIE-Field", "target": "M2AP-Containers.M2AP-PROTOCOL-IES", "value": 1},
    {"source": "M2AP-PDU-Contents.MBMS-Counting-Request-Session-Item", "target": "M2AP-Containers.M2AP-PROTOCOL-IES", "value": 1},
    {"source": "M2AP-PDU-Contents.MBMS-Counting-Request-Session-Item", "target": "M2AP-PDU-Contents.MBMS-Counting-Request-SessionIE", "value": 1},
    {"source": "M2AP-PDU-Contents.ENBConfigurationUpdateAcknowledge-IEs", "target": "M2AP-Containers.M2AP-PROTOCOL-IES", "value": 1},
    {"source": "M2AP-PDU-Contents.ENBConfigurationUpdateAcknowledge-IEs", "target": "M2AP-PDU-Contents.MCCHrelatedBCCH-ConfigPerMBSFNArea", "value": 1},
    {"source": "M2AP-PDU-Contents.ENBConfigurationUpdateAcknowledge-IEs", "target": "M2AP-IEs.CriticalityDiagnostics", "value": 1},
    {"source": "M2AP-PDU-Contents.MBMS-Suspension-Notification-ItemIEs", "target": "M2AP-PDU-Contents.MBMS-Suspension-Notification-Item", "value": 1},
    {"source": "M2AP-PDU-Contents.MBMS-Suspension-Notification-ItemIEs", "target": "M2AP-Containers.M2AP-PROTOCOL-IES", "value": 1},
    {"source": "M2AP-Constants.id-ENBname", "target": "M2AP-CommonDataTypes.ProtocolIE-ID", "value": 1},
    {"source": "M2AP-IEs.MBMS-Cell-List", "target": "M2AP-Constants.maxnoofCellsforMBMS", "value": 1},
    {"source": "M2AP-IEs.MBMS-Cell-List", "target": "M2AP-IEs.ECGI", "value": 1},
    {"source": "M2AP-Constants.id-privateMessage", "target": "M2AP-CommonDataTypes.ProcedureCode", "value": 1},
    {"source": "M2AP-IEs.TMGI", "target": "M2AP-IEs.TMGI-ExtIEs", "value": 1},
    {"source": "M2AP-IEs.TMGI", "target": "M2AP-Containers.ProtocolExtensionContainer", "value": 1},
    {"source": "M2AP-IEs.TMGI", "target": "M2AP-IEs.PLMN-Identity", "value": 1},
    {"source": "M2AP-IEs.GBR-QosInformation-ExtIEs", "target": "M2AP-Containers.M2AP-PROTOCOL-EXTENSION", "value": 1},
    {"source": "M2AP-PDU-Contents.SessionUpdateFailure", "target": "M2AP-PDU-Contents.SessionUpdateFailure-IEs", "value": 1},
    {"source": "M2AP-PDU-Contents.SessionUpdateFailure", "target": "M2AP-Containers.ProtocolIE-Container", "value": 1},
    {"source": "M2AP-PDU-Contents.SessionUpdateFailure-IEs", "target": "M2AP-IEs.ENB-MBMS-M2AP-ID", "value": 1},
    {"source": "M2AP-PDU-Contents.SessionUpdateFailure-IEs", "target": "M2AP-Containers.M2AP-PROTOCOL-IES", "value": 1},
    {"source": "M2AP-PDU-Contents.SessionUpdateFailure-IEs", "target": "M2AP-IEs.MCE-MBMS-M2AP-ID", "value": 1},
    {"source": "M2AP-PDU-Contents.SessionUpdateFailure-IEs", "target": "M2AP-IEs.Cause", "value": 1},
    {"source": "M2AP-PDU-Contents.SessionUpdateFailure-IEs", "target": "M2AP-IEs.CriticalityDiagnostics", "value": 1},
    {"source": "M2AP-Constants.id-MBSFN-Area-Configuration-List", "target": "M2AP-CommonDataTypes.ProtocolIE-ID", "value": 1},
    {"source": "M2AP-IEs.MBMSsessionListPerPMCH-Item", "target": "M2AP-Constants.maxnoofSessionsPerPMCH", "value": 1},
    {"source": "M2AP-IEs.MBMSsessionListPerPMCH-Item", "target": "M2AP-IEs.MBMSsessionListPerPMCH-Item-ExtIEs", "value": 1},
    {"source": "M2AP-IEs.MBMSsessionListPerPMCH-Item", "target": "M2AP-Containers.ProtocolExtensionContainer", "value": 1},
    {"source": "M2AP-IEs.MBMSsessionListPerPMCH-Item", "target": "M2AP-IEs.LCID", "value": 1},
    {"source": "M2AP-IEs.MBMSsessionListPerPMCH-Item", "target": "M2AP-IEs.TMGI", "value": 1},
    {"source": "M2AP-PDU-Contents.MCEConfigurationUpdateFailure", "target": "M2AP-PDU-Contents.MCEConfigurationUpdateFailure-IEs", "value": 1},
    {"source": "M2AP-PDU-Contents.MCEConfigurationUpdateFailure", "target": "M2AP-Containers.ProtocolIE-Container", "value": 1},
    {"source": "M2AP-Constants.id-MCH-Scheduling-PeriodExtended", "target": "M2AP-CommonDataTypes.ProtocolIE-ID", "value": 1},
    {"source": "M2AP-Containers.ProtocolIE-ContainerPairList", "target": "M2AP-Containers.M2AP-PROTOCOL-IES-PAIR", "value": 1},
    {"source": "M2AP-Containers.ProtocolIE-ContainerPairList", "target": "M2AP-Containers.ProtocolIE-ContainerPair", "value": 1},
    {"source": "M2AP-PDU-Contents.MCEConfigurationUpdateFailure-IEs", "target": "M2AP-Containers.M2AP-PROTOCOL-IES", "value": 1},
    {"source": "M2AP-PDU-Contents.MCEConfigurationUpdateFailure-IEs", "target": "M2AP-IEs.CriticalityDiagnostics", "value": 1},
    {"source": "M2AP-PDU-Contents.MCEConfigurationUpdateFailure-IEs", "target": "M2AP-IEs.Cause", "value": 1},
    {"source": "M2AP-PDU-Contents.MCEConfigurationUpdateFailure-IEs", "target": "M2AP-IEs.TimeToWait", "value": 1},
    {"source": "M2AP-PDU-Contents.MBSFN-Subframe-ConfigurationItem", "target": "M2AP-Containers.M2AP-PROTOCOL-IES", "value": 1},
    {"source": "M2AP-PDU-Contents.MBSFN-Subframe-ConfigurationItem", "target": "M2AP-IEs.MBSFN-Subframe-Configuration", "value": 1},
    {"source": "M2AP-IEs.MBSFN-Subframe-Configuration-ExtIEs", "target": "M2AP-Containers.M2AP-PROTOCOL-EXTENSION", "value": 1},
    {"source": "M2AP-IEs.GlobalENB-ID", "target": "M2AP-IEs.ENB-ID", "value": 1},
    {"source": "M2AP-IEs.GlobalENB-ID", "target": "M2AP-IEs.GlobalENB-ID-ExtIEs", "value": 1},
    {"source": "M2AP-IEs.GlobalENB-ID", "target": "M2AP-Containers.ProtocolExtensionContainer", "value": 1},
    {"source": "M2AP-IEs.GlobalENB-ID", "target": "M2AP-IEs.PLMN-Identity", "value": 1},
    {"source": "M2AP-PDU-Contents.Reset", "target": "M2AP-PDU-Contents.Reset-IEs", "value": 1},
    {"source": "M2AP-PDU-Contents.Reset", "target": "M2AP-Containers.ProtocolIE-Container", "value": 1},
    {"source": "M2AP-IEs.Cell-Information-ExtIEs", "target": "M2AP-Containers.M2AP-PROTOCOL-EXTENSION", "value": 1},
    {"source": "M2AP-PDU-Contents.MBMS-Service-associatedLogicalM2-ConnectionItemRes", "target": "M2AP-Containers.M2AP-PROTOCOL-IES", "value": 1},
    {"source": "M2AP-PDU-Contents.MBMS-Service-associatedLogicalM2-ConnectionItemRes", "target": "M2AP-IEs.MBMS-Service-associatedLogicalM2-ConnectionItem", "value": 1},
    {"source": "M2AP-PDU-Contents.MbmsServiceCountingResponse-IEs", "target": "M2AP-Containers.M2AP-PROTOCOL-IES", "value": 1},
    {"source": "M2AP-PDU-Contents.MbmsServiceCountingResponse-IEs", "target": "M2AP-IEs.CriticalityDiagnostics", "value": 1},
    {"source": "M2AP-PDU-Contents.MBMS-Counting-Result", "target": "M2AP-PDU-Contents.MBMS-Counting-Result-ExtIEs", "value": 1},
    {"source": "M2AP-PDU-Contents.MBMS-Counting-Result", "target": "M2AP-Containers.ProtocolExtensionContainer", "value": 1},
    {"source": "M2AP-PDU-Contents.MBMS-Counting-Result", "target": "M2AP-PDU-Contents.CountingResult", "value": 1},
    {"source": "M2AP-PDU-Contents.MBMS-Counting-Result", "target": "M2AP-IEs.TMGI", "value": 1},
    {"source": "M2AP-PDU-Contents.M2SetupRequest", "target": "M2AP-PDU-Contents.M2SetupRequest-IEs", "value": 1},
    {"source": "M2AP-PDU-Contents.M2SetupRequest", "target": "M2AP-Containers.ProtocolIE-Container", "value": 1},
    {"source": "M2AP-IEs.TNL-Information", "target": "M2AP-IEs.GTP-TEID", "value": 1},
    {"source": "M2AP-IEs.TNL-Information", "target": "M2AP-IEs.TNL-Information-ExtIEs", "value": 1},
    {"source": "M2AP-IEs.TNL-Information", "target": "M2AP-Containers.ProtocolExtensionContainer", "value": 1},
    {"source": "M2AP-IEs.TNL-Information", "target": "M2AP-IEs.IPAddress", "value": 1},
    {"source": "M2AP-IEs.MBMSsessionsToBeSuspendedListPerPMCH-Item", "target": "M2AP-Constants.maxnoofSessionsPerPMCH", "value": 1},
    {"source": "M2AP-IEs.MBMSsessionsToBeSuspendedListPerPMCH-Item", "target": "M2AP-IEs.MBMSsessionsToBeSuspendedListPerPMCH-Item-ExtIEs", "value": 1},
    {"source": "M2AP-IEs.MBMSsessionsToBeSuspendedListPerPMCH-Item", "target": "M2AP-Containers.ProtocolExtensionContainer", "value": 1},
    {"source": "M2AP-IEs.MBMSsessionsToBeSuspendedListPerPMCH-Item", "target": "M2AP-IEs.TMGI", "value": 1},
    {"source": "M2AP-Constants.id-MBMS-Service-associatedLogicalM2-ConnectionItem", "target": "M2AP-CommonDataTypes.ProtocolIE-ID", "value": 1},
    {"source": "M2AP-PDU-Contents.MBMS-Counting-Result-ExtIEs", "target": "M2AP-Containers.M2AP-PROTOCOL-EXTENSION", "value": 1},
    {"source": "M2AP-PDU-Contents.M2SetupResponse-IEs", "target": "M2AP-Containers.M2AP-PROTOCOL-IES", "value": 1},
    {"source": "M2AP-PDU-Contents.M2SetupResponse-IEs", "target": "M2AP-PDU-Contents.MCCHrelatedBCCH-ConfigPerMBSFNArea", "value": 1},
    {"source": "M2AP-PDU-Contents.M2SetupResponse-IEs", "target": "M2AP-IEs.GlobalMCE-ID", "value": 1},
    {"source": "M2AP-PDU-Contents.M2SetupResponse-IEs", "target": "M2AP-IEs.CriticalityDiagnostics", "value": 1},
    {"source": "M2AP-PDU-Contents.M2SetupResponse-IEs", "target": "M2AP-IEs.MCEname", "value": 1},
    {"source": "M2AP-Constants.id-SC-PTM-Information", "target": "M2AP-CommonDataTypes.ProtocolIE-ID", "value": 1},
    {"source": "M2AP-PDU-Contents.SessionStartFailure", "target": "M2AP-PDU-Contents.SessionStartFailure-IEs", "value": 1},
    {"source": "M2AP-PDU-Contents.SessionStartFailure", "target": "M2AP-Containers.ProtocolIE-Container", "value": 1},
    {"source": "M2AP-PDU-Descriptions.errorIndication", "target": "M2AP-PDU-Contents.ErrorIndication", "value": 1},
    {"source": "M2AP-PDU-Descriptions.errorIndication", "target": "M2AP-PDU-Descriptions.M2AP-ELEMENTARY-PROCEDURE", "value": 1},
    {"source": "M2AP-Constants.id-TimeToWait", "target": "M2AP-CommonDataTypes.ProtocolIE-ID", "value": 1},
    {"source": "M2AP-Containers.M2AP-PROTOCOL-IES", "target": "M2AP-CommonDataTypes.Presence", "value": 1},
    {"source": "M2AP-Containers.M2AP-PROTOCOL-IES", "target": "M2AP-CommonDataTypes.ProtocolIE-ID", "value": 1},
    {"source": "M2AP-Containers.M2AP-PROTOCOL-IES", "target": "M2AP-CommonDataTypes.Criticality", "value": 1},
    {"source": "M2AP-PDU-Contents.MBSFN-Subframe-ConfigurationList", "target": "M2AP-PDU-Contents.MBSFN-Subframe-ConfigurationItem", "value": 1},
    {"source": "M2AP-PDU-Contents.MBSFN-Subframe-ConfigurationList", "target": "M2AP-Containers.ProtocolIE-Single-Container", "value": 1},
    {"source": "M2AP-PDU-Contents.MBSFN-Subframe-ConfigurationList", "target": "M2AP-Constants.maxnoofMBSFN-Allocations", "value": 1},
    {"source": "M2AP-PDU-Contents.ENBConfigurationUpdate", "target": "M2AP-PDU-Contents.ENBConfigurationUpdate-IEs", "value": 1},
    {"source": "M2AP-PDU-Contents.ENBConfigurationUpdate", "target": "M2AP-Containers.ProtocolIE-Container", "value": 1},
    {"source": "M2AP-PDU-Contents.MBMS-Service-associatedLogicalM2-ConnectionListRes", "target": "M2AP-PDU-Contents.MBMS-Service-associatedLogicalM2-ConnectionItemRes", "value": 1},
    {"source": "M2AP-PDU-Contents.MBMS-Service-associatedLogicalM2-ConnectionListRes", "target": "M2AP-Constants.maxNrOfIndividualM2ConnectionsToReset", "value": 1},
    {"source": "M2AP-PDU-Contents.MBMS-Service-associatedLogicalM2-ConnectionListRes", "target": "M2AP-Containers.ProtocolIE-Single-Container", "value": 1},
    {"source": "M2AP-PDU-Contents.ResetAcknowledge-IEs", "target": "M2AP-Containers.M2AP-PROTOCOL-IES", "value": 1},
    {"source": "M2AP-PDU-Contents.ResetAcknowledge-IEs", "target": "M2AP-IEs.CriticalityDiagnostics", "value": 1},
    {"source": "M2AP-PDU-Contents.ResetAcknowledge-IEs", "target": "M2AP-PDU-Contents.MBMS-Service-associatedLogicalM2-ConnectionListResAck", "value": 1},
    {"source": "M2AP-IEs.TNL-Information-ExtIEs", "target": "M2AP-Containers.M2AP-PROTOCOL-EXTENSION", "value": 1},
    {"source": "M2AP-PDU-Contents.MbmsServiceCountingResponse", "target": "M2AP-PDU-Contents.MbmsServiceCountingResponse-IEs", "value": 1},
    {"source": "M2AP-PDU-Contents.MbmsServiceCountingResponse", "target": "M2AP-Containers.ProtocolIE-Container", "value": 1},
    {"source": "M2AP-PDU-Contents.MbmsServiceCountingResultsReport", "target": "M2AP-PDU-Contents.MbmsServiceCountingResultsReport-IEs", "value": 1},
    {"source": "M2AP-PDU-Contents.MbmsServiceCountingResultsReport", "target": "M2AP-Containers.ProtocolIE-Container", "value": 1},
    {"source": "M2AP-CommonDataTypes.PrivateIE-ID", "target": "M2AP-CommonDataTypes.maxPrivateIEs", "value": 1},
    {"source": "M2AP-PDU-Contents.MBMS-Suspension-Notification-List", "target": "M2AP-PDU-Contents.MBMS-Suspension-Notification-ItemIEs", "value": 1},
    {"source": "M2AP-PDU-Contents.MBMS-Suspension-Notification-List", "target": "M2AP-Containers.ProtocolIE-Single-Container", "value": 1},
    {"source": "M2AP-PDU-Contents.MBMS-Suspension-Notification-List", "target": "M2AP-Constants.maxnoofPMCHsperMBSFNarea", "value": 1},
    {"source": "M2AP-PDU-Contents.SessionStartRequest-IEs", "target": "M2AP-IEs.MCE-MBMS-M2AP-ID", "value": 1},
    {"source": "M2AP-PDU-Contents.SessionStartRequest-IEs", "target": "M2AP-IEs.SC-PTM-Information", "value": 1},
    {"source": "M2AP-PDU-Contents.SessionStartRequest-IEs", "target": "M2AP-IEs.TNL-Information", "value": 1},
    {"source": "M2AP-PDU-Contents.SessionStartRequest-IEs", "target": "M2AP-Containers.M2AP-PROTOCOL-IES", "value": 1},
    {"source": "M2AP-PDU-Contents.SessionStartRequest-IEs", "target": "M2AP-IEs.MBMS-Service-Area", "value": 1},
    {"source": "M2AP-PDU-Contents.SessionStartRequest-IEs", "target": "M2AP-IEs.MBMS-Session-ID", "value": 1},
    {"source": "M2AP-PDU-Contents.SessionStartRequest-IEs", "target": "M2AP-IEs.TMGI", "value": 1},
    {"source": "M2AP-PDU-Descriptions.SuccessfulOutcome", "target": "M2AP-PDU-Descriptions.M2AP-ELEMENTARY-PROCEDURE", "value": 1},
    {"source": "M2AP-PDU-Descriptions.SuccessfulOutcome", "target": "M2AP-PDU-Descriptions.M2AP-ELEMENTARY-PROCEDURE", "value": 1},
    {"source": "M2AP-PDU-Descriptions.SuccessfulOutcome", "target": "M2AP-PDU-Descriptions.M2AP-ELEMENTARY-PROCEDURES", "value": 1},
    {"source": "M2AP-PDU-Descriptions.SuccessfulOutcome", "target": "M2AP-PDU-Descriptions.M2AP-ELEMENTARY-PROCEDURE", "value": 1},
    {"source": "M2AP-PDU-Contents.MCEConfigurationUpdateAcknowledge", "target": "M2AP-PDU-Contents.MCEConfigurationUpdateAcknowledge-IEs", "value": 1},
    {"source": "M2AP-PDU-Contents.MCEConfigurationUpdateAcknowledge", "target": "M2AP-Containers.ProtocolIE-Container", "value": 1},
    {"source": "M2AP-PDU-Contents.ENB-MBMS-Configuration-data-ConfigUpdate-ItemIEs", "target": "M2AP-IEs.ENB-MBMS-Configuration-data-ConfigUpdate-Item", "value": 1},
    {"source": "M2AP-PDU-Contents.ENB-MBMS-Configuration-data-ConfigUpdate-ItemIEs", "target": "M2AP-Containers.M2AP-PROTOCOL-IES", "value": 1},
    {"source": "M2AP-IEs.MCCHrelatedBCCH-ConfigPerMBSFNArea-Item", "target": "M2AP-IEs.Cell-Information-List", "value": 1},
    {"source": "M2AP-IEs.MCCHrelatedBCCH-ConfigPerMBSFNArea-Item", "target": "M2AP-IEs.MBSFN-Area-ID", "value": 1},
    {"source": "M2AP-IEs.MCCHrelatedBCCH-ConfigPerMBSFNArea-Item", "target": "M2AP-Containers.ProtocolExtensionContainer", "value": 1},
    {"source": "M2AP-IEs.MCCHrelatedBCCH-ConfigPerMBSFNArea-Item", "target": "M2AP-IEs.MCCHrelatedBCCH-ConfigPerMBSFNArea-Item-ExtIEs", "value": 1},
    {"source": "M2AP-PDU-Contents.M2SetupFailure", "target": "M2AP-PDU-Contents.M2SetupFailure-IEs", "value": 1},
    {"source": "M2AP-PDU-Contents.M2SetupFailure", "target": "M2AP-Containers.ProtocolIE-Container", "value": 1},
    {"source": "M2AP-PDU-Descriptions.m2Setup", "target": "M2AP-PDU-Contents.M2SetupResponse", "value": 1},
    {"source": "M2AP-PDU-Descriptions.m2Setup", "target": "M2AP-PDU-Contents.M2SetupFailure", "value": 1},
    {"source": "M2AP-PDU-Descriptions.m2Setup", "target": "M2AP-PDU-Descriptions.M2AP-ELEMENTARY-PROCEDURE", "value": 1},
    {"source": "M2AP-PDU-Descriptions.m2Setup", "target": "M2AP-PDU-Contents.M2SetupRequest", "value": 1},
    {"source": "M2AP-Constants.id-MBSFN-Area-ID", "target": "M2AP-CommonDataTypes.ProtocolIE-ID", "value": 1},
    {"source": "M2AP-PDU-Contents.ErrorIndication", "target": "M2AP-PDU-Contents.ErrorIndication-IEs", "value": 1},
    {"source": "M2AP-PDU-Contents.ErrorIndication", "target": "M2AP-Containers.ProtocolIE-Container", "value": 1},
    {"source": "M2AP-PDU-Contents.MBMS-Suspension-Notification-ItemExtIEs", "target": "M2AP-Containers.M2AP-PROTOCOL-EXTENSION", "value": 1},
    {"source": "M2AP-Constants.id-MBMS-Counting-Result-Item", "target": "M2AP-CommonDataTypes.ProtocolIE-ID", "value": 1},
    {"source": "M2AP-PDU-Descriptions.mbmsOverloadNotification", "target": "M2AP-PDU-Descriptions.M2AP-ELEMENTARY-PROCEDURE", "value": 1},
    {"source": "M2AP-PDU-Descriptions.mbmsOverloadNotification", "target": "M2AP-PDU-Contents.MbmsOverloadNotification", "value": 1},
    {"source": "M2AP-Containers.M2AP-PROTOCOL-EXTENSION", "target": "M2AP-CommonDataTypes.Presence", "value": 1},
    {"source": "M2AP-Containers.M2AP-PROTOCOL-EXTENSION", "target": "M2AP-CommonDataTypes.ProtocolIE-ID", "value": 1},
    {"source": "M2AP-Containers.M2AP-PROTOCOL-EXTENSION", "target": "M2AP-CommonDataTypes.Criticality", "value": 1},
    {"source": "M2AP-PDU-Contents.SessionUpdateResponse", "target": "M2AP-PDU-Contents.SessionUpdateResponse-IEs", "value": 1},
    {"source": "M2AP-PDU-Contents.SessionUpdateResponse", "target": "M2AP-Containers.ProtocolIE-Container", "value": 1},
    {"source": "M2AP-PDU-Descriptions.sessionStart", "target": "M2AP-PDU-Contents.SessionStartResponse", "value": 1},
    {"source": "M2AP-PDU-Descriptions.sessionStart", "target": "M2AP-PDU-Contents.SessionStartRequest", "value": 1},
    {"source": "M2AP-PDU-Descriptions.sessionStart", "target": "M2AP-PDU-Descriptions.M2AP-ELEMENTARY-PROCEDURE", "value": 1},
    {"source": "M2AP-PDU-Descriptions.sessionStart", "target": "M2AP-PDU-Contents.SessionStartFailure", "value": 1},
    {"source": "M2AP-PDU-Contents.MBMS-Service-associatedLogicalM2-ConnectionListResAck", "target": "M2AP-Constants.maxNrOfIndividualM2ConnectionsToReset", "value": 1},
    {"source": "M2AP-PDU-Contents.MBMS-Service-associatedLogicalM2-ConnectionListResAck", "target": "M2AP-Containers.ProtocolIE-Single-Container", "value": 1},
    {"source": "M2AP-PDU-Contents.MBMS-Service-associatedLogicalM2-ConnectionListResAck", "target": "M2AP-PDU-Contents.MBMS-Service-associatedLogicalM2-ConnectionItemResAck", "value": 1},
    {"source": "M2AP-IEs.GlobalENB-ID-ExtIEs", "target": "M2AP-Containers.M2AP-PROTOCOL-EXTENSION", "value": 1},
    {"source": "M2AP-Constants.id-TMGI", "target": "M2AP-CommonDataTypes.ProtocolIE-ID", "value": 1},
    {"source": "M2AP-PDU-Contents.MCEConfigurationUpdateAcknowledge-IEs", "target": "M2AP-Containers.M2AP-PROTOCOL-IES", "value": 1},
    {"source": "M2AP-PDU-Contents.MCEConfigurationUpdateAcknowledge-IEs", "target": "M2AP-IEs.CriticalityDiagnostics", "value": 1},
    {"source": "M2AP-IEs.GlobalMCE-ID-ExtIEs", "target": "M2AP-Containers.M2AP-PROTOCOL-EXTENSION", "value": 1},
    {"source": "M2AP-Containers.M2AP-PRIVATE-IES", "target": "M2AP-CommonDataTypes.PrivateIE-ID", "value": 1},
    {"source": "M2AP-Containers.M2AP-PRIVATE-IES", "target": "M2AP-CommonDataTypes.Presence", "value": 1},
    {"source": "M2AP-Containers.M2AP-PRIVATE-IES", "target": "M2AP-CommonDataTypes.Criticality", "value": 1},
    {"source": "M2AP-Constants.id-MBSFN-Subframe-Configuration-List", "target": "M2AP-CommonDataTypes.ProtocolIE-ID", "value": 1},
    {"source": "M2AP-PDU-Contents.ResetAcknowledge", "target": "M2AP-PDU-Contents.ResetAcknowledge-IEs", "value": 1},
    {"source": "M2AP-PDU-Contents.ResetAcknowledge", "target": "M2AP-Containers.ProtocolIE-Container", "value": 1},
    {"source": "M2AP-Containers.M2AP-PROTOCOL-IES-PAIR", "target": "M2AP-CommonDataTypes.Presence", "value": 1},
    {"source": "M2AP-Containers.M2AP-PROTOCOL-IES-PAIR", "target": "M2AP-CommonDataTypes.ProtocolIE-ID", "value": 1},
    {"source": "M2AP-Containers.M2AP-PROTOCOL-IES-PAIR", "target": "M2AP-CommonDataTypes.Criticality", "value": 1},
    {"source": "M2AP-PDU-Contents.MBMS-Counting-Request-SessionIE-ExtIEs", "target": "M2AP-Containers.M2AP-PROTOCOL-EXTENSION", "value": 1},
    {"source": "M2AP-PDU-Contents.Active-MBMS-Session-List", "target": "M2AP-Constants.maxnoofSessionsPerPMCH", "value": 1},
    {"source": "M2AP-PDU-Contents.Active-MBMS-Session-List", "target": "M2AP-Containers.ProtocolIE-Container", "value": 1},
    {"source": "M2AP-PDU-Contents.Active-MBMS-Session-List", "target": "M2AP-PDU-Contents.Active-MBMS-Session-Item", "value": 1},
    {"source": "M2AP-IEs.PMCH-Configuration", "target": "M2AP-IEs.MCH-Scheduling-Period", "value": 1},
    {"source": "M2AP-IEs.PMCH-Configuration", "target": "M2AP-IEs.PMCH-Configuration-ExtIEs", "value": 1},
    {"source": "M2AP-IEs.PMCH-Configuration", "target": "M2AP-IEs.AllocatedSubframesEnd", "value": 1},
    {"source": "M2AP-IEs.PMCH-Configuration", "target": "M2AP-Containers.ProtocolExtensionContainer", "value": 1},
    {"source": "M2AP-Containers.ProtocolIE-ContainerList", "target": "M2AP-Containers.M2AP-PROTOCOL-IES", "value": 1},
    {"source": "M2AP-Containers.ProtocolIE-ContainerList", "target": "M2AP-Containers.ProtocolIE-Container", "value": 1},
    {"source": "M2AP-PDU-Contents.MbmsServiceCountingFailure", "target": "M2AP-PDU-Contents.MbmsServiceCountingFailure-IEs", "value": 1},
    {"source": "M2AP-PDU-Contents.MbmsServiceCountingFailure", "target": "M2AP-Containers.ProtocolIE-Container", "value": 1},
    {"source": "M2AP-PDU-Contents.SessionStopRequest-IEs", "target": "M2AP-IEs.ENB-MBMS-M2AP-ID", "value": 1},
    {"source": "M2AP-PDU-Contents.SessionStopRequest-IEs", "target": "M2AP-Containers.M2AP-PROTOCOL-IES", "value": 1},
    {"source": "M2AP-PDU-Contents.SessionStopRequest-IEs", "target": "M2AP-IEs.MCE-MBMS-M2AP-ID", "value": 1},
    {"source": "M2AP-Containers.ProtocolIE-ContainerPair", "target": "M2AP-Containers.M2AP-PROTOCOL-IES-PAIR", "value": 1},
    {"source": "M2AP-Containers.ProtocolIE-ContainerPair", "target": "M2AP-CommonDataTypes.maxProtocolIEs", "value": 1},
    {"source": "M2AP-Containers.ProtocolIE-ContainerPair", "target": "M2AP-Containers.ProtocolIE-FieldPair", "value": 1},
    {"source": "M2AP-PDU-Contents.ResetType", "target": "M2AP-PDU-Contents.MBMS-Service-associatedLogicalM2-ConnectionListRes", "value": 1},
    {"source": "M2AP-PDU-Contents.ResetType", "target": "M2AP-PDU-Contents.ResetAll", "value": 1},
    {"source": "M2AP-IEs.ENB-MBMS-Configuration-data-Item-ExtIEs", "target": "M2AP-Containers.M2AP-PROTOCOL-EXTENSION", "value": 1},
    {"source": "M2AP-Constants.id-PMCH-Configuration-List", "target": "M2AP-CommonDataTypes.ProtocolIE-ID", "value": 1},
    {"source": "M2AP-PDU-Contents.MbmsSchedulingInformationResponse", "target": "M2AP-PDU-Contents.MbmsSchedulingInformationResponse-IEs", "value": 1},
    {"source": "M2AP-PDU-Contents.MbmsSchedulingInformationResponse", "target": "M2AP-Containers.ProtocolIE-Container", "value": 1},
    {"source": "M2AP-PDU-Contents.PMCH-Configuration-List", "target": "M2AP-Containers.ProtocolIE-Single-Container", "value": 1},
    {"source": "M2AP-PDU-Contents.PMCH-Configuration-List", "target": "M2AP-Constants.maxnoofPMCHsperMBSFNarea", "value": 1},
    {"source": "M2AP-PDU-Contents.PMCH-Configuration-List", "target": "M2AP-PDU-Contents.PMCH-Configuration-ItemIEs", "value": 1},
    {"source": "M2AP-Constants.id-MBMS-Suspension-Notification-List", "target": "M2AP-CommonDataTypes.ProtocolIE-ID", "value": 1},
    {"source": "M2AP-PDU-Descriptions.sessionUpdate", "target": "M2AP-PDU-Contents.SessionUpdateRequest", "value": 1},
    {"source": "M2AP-PDU-Descriptions.sessionUpdate", "target": "M2AP-PDU-Contents.SessionUpdateResponse", "value": 1},
    {"source": "M2AP-PDU-Descriptions.sessionUpdate", "target": "M2AP-PDU-Descriptions.M2AP-ELEMENTARY-PROCEDURE", "value": 1},
    {"source": "M2AP-PDU-Descriptions.sessionUpdate", "target": "M2AP-PDU-Contents.SessionUpdateFailure", "value": 1},
    {"source": "M2AP-Constants.id-sessionUpdate", "target": "M2AP-CommonDataTypes.ProcedureCode", "value": 1},
    {"source": "M2AP-IEs.GBR-QosInformation", "target": "M2AP-IEs.GBR-QosInformation-ExtIEs", "value": 1},
    {"source": "M2AP-IEs.GBR-QosInformation", "target": "M2AP-Containers.ProtocolExtensionContainer", "value": 1},
    {"source": "M2AP-IEs.GBR-QosInformation", "target": "M2AP-IEs.BitRate", "value": 1},
    {"source": "M2AP-PDU-Contents.PrivateMessage", "target": "M2AP-Containers.PrivateIE-Container", "value": 1},
    {"source": "M2AP-PDU-Contents.PrivateMessage", "target": "M2AP-PDU-Contents.PrivateMessage-IEs", "value": 1},
    {"source": "M2AP-PDU-Contents.PMCH-Configuration-Item", "target": "M2AP-PDU-Contents.PMCH-Configuration-ItemExtIEs", "value": 1},
    {"source": "M2AP-PDU-Contents.PMCH-Configuration-Item", "target": "M2AP-IEs.PMCH-Configuration", "value": 1},
    {"source": "M2AP-PDU-Contents.PMCH-Configuration-Item", "target": "M2AP-Containers.ProtocolExtensionContainer", "value": 1},
    {"source": "M2AP-PDU-Contents.PMCH-Configuration-Item", "target": "M2AP-IEs.MBMSsessionListPerPMCH-Item", "value": 1},
    {"source": "M2AP-PDU-Descriptions.reset", "target": "M2AP-PDU-Contents.Reset", "value": 1},
    {"source": "M2AP-PDU-Descriptions.reset", "target": "M2AP-PDU-Descriptions.M2AP-ELEMENTARY-PROCEDURE", "value": 1},
    {"source": "M2AP-PDU-Descriptions.reset", "target": "M2AP-PDU-Contents.ResetAcknowledge", "value": 1},
    {"source": "M2AP-IEs.CriticalityDiagnostics-IE-List", "target": "M2AP-Constants.maxnooferrors", "value": 1},
    {"source": "M2AP-IEs.CriticalityDiagnostics-IE-List", "target": "M2AP-IEs.CriticalityDiagnostics-IE-List-ExtIEs", "value": 1},
    {"source": "M2AP-IEs.CriticalityDiagnostics-IE-List", "target": "M2AP-CommonDataTypes.ProtocolIE-ID", "value": 1},
    {"source": "M2AP-IEs.CriticalityDiagnostics-IE-List", "target": "M2AP-Containers.ProtocolExtensionContainer", "value": 1},
    {"source": "M2AP-IEs.CriticalityDiagnostics-IE-List", "target": "M2AP-CommonDataTypes.Criticality", "value": 1},
    {"source": "M2AP-IEs.CriticalityDiagnostics-IE-List", "target": "M2AP-IEs.TypeOfError", "value": 1},
    {"source": "M2AP-Containers.ProtocolExtensionContainer", "target": "M2AP-Containers.ProtocolExtensionField", "value": 1},
    {"source": "M2AP-Containers.ProtocolExtensionContainer", "target": "M2AP-Containers.M2AP-PROTOCOL-EXTENSION", "value": 1},
    {"source": "M2AP-Containers.ProtocolExtensionContainer", "target": "M2AP-CommonDataTypes.maxProtocolExtensions", "value": 1},
    {"source": "M2AP-Constants.id-Overload-Status-Per-PMCH-List", "target": "M2AP-CommonDataTypes.ProtocolIE-ID", "value": 1},
    {"source": "M2AP-PDU-Descriptions.mbmsServiceCounting", "target": "M2AP-PDU-Contents.MbmsServiceCountingRequest", "value": 1},
    {"source": "M2AP-PDU-Descriptions.mbmsServiceCounting", "target": "M2AP-PDU-Contents.MbmsServiceCountingResponse", "value": 1},
    {"source": "M2AP-PDU-Descriptions.mbmsServiceCounting", "target": "M2AP-PDU-Descriptions.M2AP-ELEMENTARY-PROCEDURE", "value": 1},
    {"source": "M2AP-PDU-Descriptions.mbmsServiceCounting", "target": "M2AP-PDU-Contents.MbmsServiceCountingFailure", "value": 1},
    {"source": "M2AP-Constants.id-MBMS-Session-ID", "target": "M2AP-CommonDataTypes.ProtocolIE-ID", "value": 1},
    {"source": "M2AP-IEs.Cause", "target": "M2AP-IEs.CauseTransport", "value": 1},
    {"source": "M2AP-IEs.Cause", "target": "M2AP-IEs.CauseProtocol", "value": 1},
    {"source": "M2AP-IEs.Cause", "target": "M2AP-IEs.CauseRadioNetwork", "value": 1},
    {"source": "M2AP-IEs.Cause", "target": "M2AP-IEs.CauseMisc", "value": 1},
    {"source": "M2AP-IEs.Cause", "target": "M2AP-IEs.CauseNAS", "value": 1},
    {"source": "M2AP-IEs.AllocationAndRetentionPriority", "target": "M2AP-IEs.Pre-emptionVulnerability", "value": 1},
    {"source": "M2AP-IEs.AllocationAndRetentionPriority", "target": "M2AP-IEs.AllocationAndRetentionPriority-ExtIEs", "value": 1},
    {"source": "M2AP-IEs.AllocationAndRetentionPriority", "target": "M2AP-Containers.ProtocolExtensionContainer", "value": 1},
    {"source": "M2AP-IEs.AllocationAndRetentionPriority", "target": "M2AP-IEs.PriorityLevel", "value": 1},
    {"source": "M2AP-IEs.AllocationAndRetentionPriority", "target": "M2AP-IEs.Pre-emptionCapability", "value": 1},
    {"source": "M2AP-PDU-Contents.MbmsSchedulingInformation-IEs", "target": "M2AP-PDU-Contents.MBSFN-Area-Configuration-List", "value": 1},
    {"source": "M2AP-PDU-Contents.MbmsSchedulingInformation-IEs", "target": "M2AP-Containers.M2AP-PROTOCOL-IES", "value": 1},
    {"source": "M2AP-PDU-Contents.MbmsSchedulingInformation-IEs", "target": "M2AP-IEs.MCCH-Update-Time", "value": 1},
    {"source": "M2AP-IEs.ECGI", "target": "M2AP-IEs.EUTRANCellIdentifier", "value": 1},
    {"source": "M2AP-IEs.ECGI", "target": "M2AP-Containers.ProtocolExtensionContainer", "value": 1},
    {"source": "M2AP-IEs.ECGI", "target": "M2AP-IEs.ECGI-ExtIEs", "value": 1},
    {"source": "M2AP-IEs.ECGI", "target": "M2AP-IEs.PLMN-Identity", "value": 1},
    {"source": "M2AP-PDU-Contents.MBMS-Counting-Request-Session", "target": "M2AP-Constants.maxnoofCountingService", "value": 1},
    {"source": "M2AP-PDU-Contents.MBMS-Counting-Request-Session", "target": "M2AP-PDU-Contents.MBMS-Counting-Request-Session-Item", "value": 1},
    {"source": "M2AP-PDU-Contents.MBMS-Counting-Request-Session", "target": "M2AP-Containers.ProtocolIE-Container", "value": 1},
    {"source": "M2AP-PDU-Contents.MBSFN-Area-Configuration-List", "target": "M2AP-PDU-Contents.MBSFN-Area-Configuration-Item", "value": 1},
    {"source": "M2AP-PDU-Contents.MBSFN-Area-Configuration-List", "target": "M2AP-Constants.maxnoofMBSFNareas", "value": 1},
    {"source": "M2AP-PDU-Contents.MBSFN-Area-Configuration-List", "target": "M2AP-Containers.ProtocolIE-Container", "value": 1},
    {"source": "M2AP-PDU-Contents.ENBConfigurationUpdateFailure-IEs", "target": "M2AP-Containers.M2AP-PROTOCOL-IES", "value": 1},
    {"source": "M2AP-PDU-Contents.ENBConfigurationUpdateFailure-IEs", "target": "M2AP-IEs.CriticalityDiagnostics", "value": 1},
    {"source": "M2AP-PDU-Contents.ENBConfigurationUpdateFailure-IEs", "target": "M2AP-IEs.Cause", "value": 1},
    {"source": "M2AP-PDU-Contents.ENBConfigurationUpdateFailure-IEs", "target": "M2AP-IEs.TimeToWait", "value": 1},
    {"source": "M2AP-Constants.id-errorIndication", "target": "M2AP-CommonDataTypes.ProcedureCode", "value": 1},
    {"source": "M2AP-Constants.id-mbmsSchedulingInformation", "target": "M2AP-CommonDataTypes.ProcedureCode", "value": 1},
    {"source": "M2AP-PDU-Contents.Active-MBMS-Session-Item", "target": "M2AP-Containers.M2AP-PROTOCOL-IES", "value": 1},
    {"source": "M2AP-PDU-Contents.Active-MBMS-Session-Item", "target": "M2AP-IEs.TMGI", "value": 1},
    {"source": "M2AP-Constants.id-MCE-MBMS-M2AP-ID", "target": "M2AP-CommonDataTypes.ProtocolIE-ID", "value": 1},
    {"source": "M2AP-PDU-Contents.MbmsSchedulingInformationResponse-IEs", "target": "M2AP-Containers.M2AP-PROTOCOL-IES", "value": 1},
    {"source": "M2AP-PDU-Contents.MbmsSchedulingInformationResponse-IEs", "target": "M2AP-IEs.CriticalityDiagnostics", "value": 1},
    {"source": "M2AP-PDU-Contents.SessionStopResponse", "target": "M2AP-PDU-Contents.SessionStopResponse-IEs", "value": 1},
    {"source": "M2AP-PDU-Contents.SessionStopResponse", "target": "M2AP-Containers.ProtocolIE-Container", "value": 1},
    {"source": "M2AP-PDU-Contents.SessionUpdateResponse-IEs", "target": "M2AP-IEs.ENB-MBMS-M2AP-ID", "value": 1},
    {"source": "M2AP-PDU-Contents.SessionUpdateResponse-IEs", "target": "M2AP-Containers.M2AP-PROTOCOL-IES", "value": 1},
    {"source": "M2AP-PDU-Contents.SessionUpdateResponse-IEs", "target": "M2AP-IEs.MCE-MBMS-M2AP-ID", "value": 1},
    {"source": "M2AP-PDU-Contents.SessionUpdateResponse-IEs", "target": "M2AP-IEs.CriticalityDiagnostics", "value": 1},
    {"source": "M2AP-PDU-Descriptions.privateMessage", "target": "M2AP-PDU-Contents.PrivateMessage", "value": 1},
    {"source": "M2AP-PDU-Descriptions.privateMessage", "target": "M2AP-PDU-Descriptions.M2AP-ELEMENTARY-PROCEDURE", "value": 1},
    {"source": "M2AP-PDU-Contents.MCCHrelatedBCCH-ConfigPerMBSFNArea", "target": "M2AP-Constants.maxnoofMBSFNareas", "value": 1},
    {"source": "M2AP-PDU-Contents.MCCHrelatedBCCH-ConfigPerMBSFNArea", "target": "M2AP-PDU-Contents.MCCHrelatedBCCH-ConfigPerMBSFNArea-ItemIEs", "value": 1},
    {"source": "M2AP-PDU-Contents.MCCHrelatedBCCH-ConfigPerMBSFNArea", "target": "M2AP-Containers.ProtocolIE-Single-Container", "value": 1},
    {"source": "M2AP-Constants.id-TNL-Information", "target": "M2AP-CommonDataTypes.ProtocolIE-ID", "value": 1},
    {"source": "M2AP-PDU-Contents.M2SetupResponse", "target": "M2AP-PDU-Contents.M2SetupResponse-IEs", "value": 1},
    {"source": "M2AP-PDU-Contents.M2SetupResponse", "target": "M2AP-Containers.ProtocolIE-Container", "value": 1},
    {"source": "M2AP-Constants.id-m2Setup", "target": "M2AP-CommonDataTypes.ProcedureCode", "value": 1},
    {"source": "M2AP-IEs.MBMS-E-RAB-QoS-Parameters-ExtIEs", "target": "M2AP-Containers.M2AP-PROTOCOL-EXTENSION", "value": 1},
    {"source": "M2AP-Constants.id-PMCH-Configuration-Item", "target": "M2AP-CommonDataTypes.ProtocolIE-ID", "value": 1},
    {"source": "M2AP-Constants.id-GlobalMCE-ID", "target": "M2AP-CommonDataTypes.ProtocolIE-ID", "value": 1},
    {"source": "M2AP-PDU-Descriptions.mbmsServiceCountingResultsReport", "target": "M2AP-PDU-Descriptions.M2AP-ELEMENTARY-PROCEDURE", "value": 1},
    {"source": "M2AP-PDU-Descriptions.mbmsServiceCountingResultsReport", "target": "M2AP-PDU-Contents.MbmsServiceCountingResultsReport", "value": 1},
    {"source": "M2AP-PDU-Descriptions.UnsuccessfulOutcome", "target": "M2AP-PDU-Descriptions.M2AP-ELEMENTARY-PROCEDURE", "value": 1},
    {"source": "M2AP-PDU-Descriptions.UnsuccessfulOutcome", "target": "M2AP-PDU-Descriptions.M2AP-ELEMENTARY-PROCEDURES", "value": 1},
    {"source": "M2AP-PDU-Descriptions.UnsuccessfulOutcome", "target": "M2AP-PDU-Descriptions.M2AP-ELEMENTARY-PROCEDURE", "value": 1},
    {"source": "M2AP-PDU-Descriptions.UnsuccessfulOutcome", "target": "M2AP-PDU-Descriptions.M2AP-ELEMENTARY-PROCEDURE", "value": 1},
    {"source": "M2AP-PDU-Descriptions.M2AP-ELEMENTARY-PROCEDURES", "target": "M2AP-PDU-Descriptions.M2AP-ELEMENTARY-PROCEDURES-CLASS-2", "value": 1},
    {"source": "M2AP-PDU-Descriptions.M2AP-ELEMENTARY-PROCEDURES", "target": "M2AP-PDU-Descriptions.M2AP-ELEMENTARY-PROCEDURES-CLASS-1", "value": 1},
    {"source": "M2AP-PDU-Descriptions.M2AP-ELEMENTARY-PROCEDURES", "target": "M2AP-PDU-Descriptions.M2AP-ELEMENTARY-PROCEDURE", "value": 1},
    {"source": "M2AP-Containers.PrivateIE-Field", "target": "M2AP-Containers.M2AP-PRIVATE-IES", "value": 1},
    {"source": "M2AP-Containers.PrivateIE-Field", "target": "M2AP-Containers.M2AP-PRIVATE-IES", "value": 1},
    {"source": "M2AP-Containers.PrivateIE-Field", "target": "M2AP-Containers.M2AP-PRIVATE-IES", "value": 1},
    {"source": "M2AP-Containers.PrivateIE-Field", "target": "M2AP-Containers.M2AP-PRIVATE-IES", "value": 1},
    {"source": "M2AP-PDU-Contents.MCEConfigurationUpdate", "target": "M2AP-PDU-Contents.MCEConfigurationUpdate-IEs", "value": 1},
    {"source": "M2AP-PDU-Contents.MCEConfigurationUpdate", "target": "M2AP-Containers.ProtocolIE-Container", "value": 1},
    {"source": "M2AP-Constants.id-reset", "target": "M2AP-CommonDataTypes.ProcedureCode", "value": 1},
    {"source": "M2AP-Constants.id-Modulation-Coding-Scheme2", "target": "M2AP-CommonDataTypes.ProtocolIE-ID", "value": 1},
    {"source": "M2AP-PDU-Contents.MBMS-Service-associatedLogicalM2-ConnectionItemResAck", "target": "M2AP-Containers.M2AP-PROTOCOL-IES", "value": 1},
    {"source": "M2AP-PDU-Contents.MBMS-Service-associatedLogicalM2-ConnectionItemResAck", "target": "M2AP-IEs.MBMS-Service-associatedLogicalM2-ConnectionItem", "value": 1},
    {"source": "M2AP-PDU-Descriptions.eNBConfigurationUpdate", "target": "M2AP-PDU-Contents.ENBConfigurationUpdateAcknowledge", "value": 1},
    {"source": "M2AP-PDU-Descriptions.eNBConfigurationUpdate", "target": "M2AP-PDU-Contents.ENBConfigurationUpdate", "value": 1},
    {"source": "M2AP-PDU-Descriptions.eNBConfigurationUpdate", "target": "M2AP-PDU-Descriptions.M2AP-ELEMENTARY-PROCEDURE", "value": 1},
    {"source": "M2AP-PDU-Descriptions.eNBConfigurationUpdate", "target": "M2AP-PDU-Contents.ENBConfigurationUpdateFailure", "value": 1},
    {"source": "M2AP-PDU-Descriptions.mCEConfigurationUpdate", "target": "M2AP-PDU-Contents.MCEConfigurationUpdateAcknowledge", "value": 1},
    {"source": "M2AP-PDU-Descriptions.mCEConfigurationUpdate", "target": "M2AP-PDU-Contents.MCEConfigurationUpdate", "value": 1},
    {"source": "M2AP-PDU-Descriptions.mCEConfigurationUpdate", "target": "M2AP-PDU-Descriptions.M2AP-ELEMENTARY-PROCEDURE", "value": 1},
    {"source": "M2AP-PDU-Descriptions.mCEConfigurationUpdate", "target": "M2AP-PDU-Contents.MCEConfigurationUpdateFailure", "value": 1},
    {"source": "M2AP-Constants.id-sessionStart", "target": "M2AP-CommonDataTypes.ProcedureCode", "value": 1},
    {"source": "M2AP-IEs.MCCHrelatedBCCH-ConfigPerMBSFNArea-Item-ExtIEs", "target": "M2AP-Containers.M2AP-PROTOCOL-EXTENSION", "value": 1},
    {"source": "M2AP-Constants.id-Cause", "target": "M2AP-CommonDataTypes.ProtocolIE-ID", "value": 1},
    {"source": "M2AP-Constants.id-MBMS-Counting-Request-Session", "target": "M2AP-CommonDataTypes.ProtocolIE-ID", "value": 1},
    {"source": "M2AP-PDU-Contents.M2SetupFailure-IEs", "target": "M2AP-Containers.M2AP-PROTOCOL-IES", "value": 1},
    {"source": "M2AP-PDU-Contents.M2SetupFailure-IEs", "target": "M2AP-IEs.CriticalityDiagnostics", "value": 1},
    {"source": "M2AP-PDU-Contents.M2SetupFailure-IEs", "target": "M2AP-IEs.Cause", "value": 1},
    {"source": "M2AP-PDU-Contents.M2SetupFailure-IEs", "target": "M2AP-IEs.TimeToWait", "value": 1},
    {"source": "M2AP-PDU-Contents.ENBConfigurationUpdate-IEs", "target": "M2AP-Containers.M2AP-PROTOCOL-IES", "value": 1},
    {"source": "M2AP-PDU-Contents.ENBConfigurationUpdate-IEs", "target": "M2AP-PDU-Contents.ENB-MBMS-Configuration-data-List-ConfigUpdate", "value": 1},
    {"source": "M2AP-PDU-Contents.ENBConfigurationUpdate-IEs", "target": "M2AP-IEs.GlobalENB-ID", "value": 1},
    {"source": "M2AP-PDU-Contents.ENBConfigurationUpdate-IEs", "target": "M2AP-IEs.ENBname", "value": 1},
    {"source": "M2AP-PDU-Contents.MCCHrelatedBCCH-ConfigPerMBSFNArea-ItemIEs", "target": "M2AP-Containers.M2AP-PROTOCOL-IES", "value": 1},
    {"source": "M2AP-PDU-Contents.MCCHrelatedBCCH-ConfigPerMBSFNArea-ItemIEs", "target": "M2AP-IEs.MCCHrelatedBCCH-ConfigPerMBSFNArea-Item", "value": 1},
    {"source": "M2AP-Constants.id-ENB-MBMS-Configuration-data-Item", "target": "M2AP-CommonDataTypes.ProtocolIE-ID", "value": 1},
    {"source": "M2AP-PDU-Contents.SessionStartRequest", "target": "M2AP-PDU-Contents.SessionStartRequest-IEs", "value": 1},
    {"source": "M2AP-PDU-Contents.SessionStartRequest", "target": "M2AP-Containers.ProtocolIE-Container", "value": 1},
    {"source": "M2AP-PDU-Descriptions.M2AP-ELEMENTARY-PROCEDURE", "target": "M2AP-CommonDataTypes.ProcedureCode", "value": 1},
    {"source": "M2AP-PDU-Descriptions.M2AP-ELEMENTARY-PROCEDURE", "target": "M2AP-CommonDataTypes.Criticality", "value": 1},
    {"source": "M2AP-PDU-Contents.PrivateMessage-IEs", "target": "M2AP-Containers.M2AP-PRIVATE-IES", "value": 1},
    {"source": "M2AP-Constants.id-ENB-MBMS-M2AP-ID", "target": "M2AP-CommonDataTypes.ProtocolIE-ID", "value": 1},
    {"source": "M2AP-IEs.GlobalMCE-ID", "target": "M2AP-IEs.MCE-ID", "value": 1},
    {"source": "M2AP-IEs.GlobalMCE-ID", "target": "M2AP-IEs.GlobalMCE-ID-ExtIEs", "value": 1},
    {"source": "M2AP-IEs.GlobalMCE-ID", "target": "M2AP-Containers.ProtocolExtensionContainer", "value": 1},
    {"source": "M2AP-IEs.GlobalMCE-ID", "target": "M2AP-IEs.PLMN-Identity", "value": 1},
    {"source": "M2AP-IEs.CriticalityDiagnostics", "target": "M2AP-IEs.CriticalityDiagnostics-ExtIEs", "value": 1},
    {"source": "M2AP-IEs.CriticalityDiagnostics", "target": "M2AP-CommonDataTypes.ProcedureCode", "value": 1},
    {"source": "M2AP-IEs.CriticalityDiagnostics", "target": "M2AP-IEs.CriticalityDiagnostics-IE-List", "value": 1},
    {"source": "M2AP-IEs.CriticalityDiagnostics", "target": "M2AP-Containers.ProtocolExtensionContainer", "value": 1},
    {"source": "M2AP-IEs.CriticalityDiagnostics", "target": "M2AP-CommonDataTypes.Criticality", "value": 1},
    {"source": "M2AP-IEs.CriticalityDiagnostics", "target": "M2AP-CommonDataTypes.TriggeringMessage", "value": 1},
    {"source": "M2AP-PDU-Contents.MbmsServiceCountingRequest", "target": "M2AP-PDU-Contents.MbmsServiceCountingRequest-IEs", "value": 1},
    {"source": "M2AP-PDU-Contents.MbmsServiceCountingRequest", "target": "M2AP-Containers.ProtocolIE-Container", "value": 1},
    {"source": "M2AP-IEs.MBMS-Service-associatedLogicalM2-ConnectionItemExtIEs", "target": "M2AP-Containers.M2AP-PROTOCOL-EXTENSION", "value": 1},
    {"source": "M2AP-Constants.id-MBMS-Counting-Result-List", "target": "M2AP-CommonDataTypes.ProtocolIE-ID", "value": 1},
    {"source": "M2AP-IEs.Cell-Information-List", "target": "M2AP-Constants.maxnoofCells", "value": 1},
    {"source": "M2AP-IEs.Cell-Information-List", "target": "M2AP-IEs.Cell-Information", "value": 1},
    {"source": "M2AP-Constants.id-ENB-MBMS-Configuration-data-List-ConfigUpdate", "target": "M2AP-CommonDataTypes.ProtocolIE-ID", "value": 1},
    {"source": "M2AP-PDU-Contents.MBSFN-Area-Configuration-Item", "target": "M2AP-PDU-Contents.MBMS-Suspension-Notification-List", "value": 1},
    {"source": "M2AP-PDU-Contents.MBSFN-Area-Configuration-Item", "target": "M2AP-PDU-Contents.MBSFN-Subframe-ConfigurationList", "value": 1},
    {"source": "M2AP-PDU-Contents.MBSFN-Area-Configuration-Item", "target": "M2AP-Containers.M2AP-PROTOCOL-IES", "value": 1},
    {"source": "M2AP-PDU-Contents.MBSFN-Area-Configuration-Item", "target": "M2AP-IEs.MBSFN-Area-ID", "value": 1},
    {"source": "M2AP-PDU-Contents.MBSFN-Area-Configuration-Item", "target": "M2AP-IEs.Common-Subframe-Allocation-Period", "value": 1},
    {"source": "M2AP-PDU-Contents.MBSFN-Area-Configuration-Item", "target": "M2AP-PDU-Contents.PMCH-Configuration-List", "value": 1},
    {"source": "M2AP-PDU-Descriptions.M2AP-ELEMENTARY-PROCEDURES-CLASS-2", "target": "M2AP-PDU-Descriptions.privateMessage", "value": 1},
    {"source": "M2AP-PDU-Descriptions.M2AP-ELEMENTARY-PROCEDURES-CLASS-2", "target": "M2AP-PDU-Descriptions.mbmsServiceCountingResultsReport", "value": 1},
    {"source": "M2AP-PDU-Descriptions.M2AP-ELEMENTARY-PROCEDURES-CLASS-2", "target": "M2AP-PDU-Descriptions.mbmsOverloadNotification", "value": 1},
    {"source": "M2AP-PDU-Descriptions.M2AP-ELEMENTARY-PROCEDURES-CLASS-2", "target": "M2AP-PDU-Descriptions.M2AP-ELEMENTARY-PROCEDURE", "value": 1},
    {"source": "M2AP-PDU-Descriptions.M2AP-ELEMENTARY-PROCEDURES-CLASS-2", "target": "M2AP-PDU-Descriptions.errorIndication", "value": 1},
    {"source": "M2AP-PDU-Contents.MBMS-Counting-Result-Item", "target": "M2AP-Containers.M2AP-PROTOCOL-IES", "value": 1},
    {"source": "M2AP-PDU-Contents.MBMS-Counting-Result-Item", "target": "M2AP-PDU-Contents.MBMS-Counting-Result", "value": 1},
    {"source": "M2AP-IEs.MBMSsessionsToBeSuspendedListPerPMCH-Item-ExtIEs", "target": "M2AP-Containers.M2AP-PROTOCOL-EXTENSION", "value": 1},
    {"source": "M2AP-PDU-Contents.SessionStopResponse-IEs", "target": "M2AP-IEs.ENB-MBMS-M2AP-ID", "value": 1},
    {"source": "M2AP-PDU-Contents.SessionStopResponse-IEs", "target": "M2AP-Containers.M2AP-PROTOCOL-IES", "value": 1},
    {"source": "M2AP-PDU-Contents.SessionStopResponse-IEs", "target": "M2AP-IEs.MCE-MBMS-M2AP-ID", "value": 1},
    {"source": "M2AP-PDU-Contents.SessionStopResponse-IEs", "target": "M2AP-IEs.CriticalityDiagnostics", "value": 1},
    {"source": "M2AP-PDU-Contents.SessionStartResponse-IEs", "target": "M2AP-IEs.ENB-MBMS-M2AP-ID", "value": 1},
    {"source": "M2AP-PDU-Contents.SessionStartResponse-IEs", "target": "M2AP-Containers.M2AP-PROTOCOL-IES", "value": 1},
    {"source": "M2AP-PDU-Contents.SessionStartResponse-IEs", "target": "M2AP-IEs.MCE-MBMS-M2AP-ID", "value": 1},
    {"source": "M2AP-PDU-Contents.SessionStartResponse-IEs", "target": "M2AP-IEs.CriticalityDiagnostics", "value": 1},
    {"source": "M2AP-Containers.PrivateIE-Container", "target": "M2AP-Containers.PrivateIE-Field", "value": 1},
    {"source": "M2AP-Containers.PrivateIE-Container", "target": "M2AP-Containers.M2AP-PRIVATE-IES", "value": 1},
    {"source": "M2AP-Containers.PrivateIE-Container", "target": "M2AP-CommonDataTypes.maxPrivateIEs", "value": 1},
    {"source": "M2AP-Constants.id-MBSFN-Subframe-Configuration-Item", "target": "M2AP-CommonDataTypes.ProtocolIE-ID", "value": 1}
  ]
}
